Data/Hora;MP10 SDS011;Temperatura;Umidade;MP10 TEOM;MP10 SDS011 CAL
2021-11-11 13:00:00;1,9033898305084744;27,10084745762712;56,53050847457627;7,779220166666667;17,94161578405481
2021-11-11 14:00:00;1,2464285714285714;27,18035714285714;55,010714285714286;9,192402166666666;17,01190420367083
2021-11-11 15:00:00;1,3333333333333333;27,75263157894737;54,10964912280702;17,972015666666667;18,010131457552447
2021-11-11 16:00:00;1,9434782608695653;27,529565217391305;53,92521739130434;13,531109666666667;18,472546311939453
2021-11-11 17:00:00;3,188181818181818;26,884545454545457;62,35636363636363;23,194871666666664;19,9265052579878
2021-11-11 18:00:00;2,788135593220339;26,784745762711864;64,51525423728813;19,701000500000003;19,401954234828622
2021-11-11 19:00:00;5,123076923076923;26,55897435897436;64,85897435897436;22,365174333333336;22,325236947023015
2021-11-11 20:00:00;3,811864406779661;26,42966101694915;66,94237288135594;43,250438333333335;20,467862612086492
2021-11-11 21:00:00;4,522881355932204;26,28135593220339;64,66694915254237;31,928516666666667;21,00015470273128
2021-11-11 22:00:00;4,014406779661017;25,783898305084747;61,847457627118644;17,708793333333332;19,18667134247808
2021-11-11 23:00:00;4,030508474576272;25,00593220338983;64,44152542372882;17,222082833333335;18,14665351954148
2021-11-12 00:00:00;4,422222222222222;24,65811965811966;64,92564102564103;10,564829166666668;18,156560683748125
2021-11-12 01:00:00;4,319491525423729;24,54830508474576;63,97542372881356;8,134220000000001;17,738675300379178
2021-11-12 02:00:00;4,269369369369369;24,068468468468467;64,7927927927928;7,456102;16,939371360577987
2021-11-12 03:00:00;4,2;23,565486725663717;64,19026548672566;6,035153083333333;15,940457335411004
2021-11-12 04:00:00;3,8957264957264957;23,100854700854704;64,33589743589744;5,33158545;14,74746107021084
2021-11-12 05:00:00;4,5398305084745765;22,53220338983051;66,08220338983051;9,3241405;14,858762265929492
2021-11-12 06:00:00;3,9542372881355936;22,327966101694912;66,16949152542372;13,624649333333334;13,703723859872703
2021-11-12 07:00:00;4,233898305084746;22,4364406779661;64,7322033898305;12,483731333333331;14,142226731202875
2021-11-12 08:00:00;3,3831858407079647;22,881415929203538;64,10973451327433;16,153370833333334;13,6396673521091
2021-11-12 09:00:00;3,6220338983050846;23,508474576271187;61,94661016949152;13,715964333333334;14,823833470331934
2021-11-12 10:00:00;4,45593220338983;24,466101694915253;59,62118644067797;14,163199833333334;17,381448659493948
2021-11-12 11:00:00;3,8354545454545454;25,294545454545457;57,81181818181818;14,384286666666666;17,733739542928248
2021-11-12 12:00:00;4,267289719626168;26,263551401869158;57,07943925233645;15,676303333333331;19,897446402955687
2021-11-12 13:00:00;4,4743589743589745;26,904273504273505;55,9982905982906;13,376436666666669;21,16199349971599
2021-11-12 14:00:00;3,0830188679245283;27,395283018867925;53,616037735849055;9,839974333333334;19,813805492073946
2021-11-12 15:00:00;3,0375;27,758035714285715;52,85267857142857;14,220418333333331;20,28755079024296
2021-11-12 16:00:00;2,887179487179487;27,918803418803417;53,11709401709402;18,377175;20,3720160549163
2021-11-12 17:00:00;4,488135593220339;28,12627118644068;51,97796610169491;15,296095;22,85544733382526
2021-11-12 18:00:00;3,7618644067796607;28,09576271186441;51,38813559322034;20,215885;21,731450062849063
2021-11-12 19:00:00;2,9372881355932203;27,80762711864407;53,23898305084746;22,889015;20,26690594559315
2021-11-12 20:00:00;2,9508474576271184;27,322033898305083;55,26271186440678;24,49249166666667;19,660772645364467
2021-11-12 21:00:00;4,246153846153846;27,017094017094017;55,05811965811966;21,523075;20,94334230630733
2021-11-12 22:00:00;4,227966101694915;26,596610169491527;53,059322033898304;14,623843666666666;20,023159869238683
2021-11-12 23:00:00;4,41271186440678;25,961016949152544;52,83050847457627;13,7870745;19,192570218289845
2021-11-13 00:00:00;2,844915254237288;25,416949152542372;53,48050847457627;12,263480666666668;16,144020953852454
2021-11-13 01:00:00;2,892372881355932;25,033898305084747;53,500847457627124;11,650307;15,568889737423461
2021-11-13 02:00:00;4,68135593220339;24,394915254237286;55,44661016949152;15,528626666666666;17,184281006949753
2021-11-13 03:00:00;3,452136752136752;23,496581196581197;57,87008547008547;16,76228;14,181849422673302
2021-11-13 04:00:00;4,500884955752213;22,86991150442478;60,39823008849557;16,75237333333333;14,836061825217257
2021-11-13 05:00:00;3,888034188034188;22,208547008547008;62,823076923076925;17,00418;13,095112661509994
2021-11-13 06:00:00;5,5754237288135595;21,68050847457627;64,42542372881356;15,852628333333334;14,722247454031908
2021-11-13 07:00:00;4,744915254237288;21,372881355932204;63,72966101694916;13,731045;12,976730202148524
2021-11-13 08:00:00;4,846610169491525;21,777118644067794;61,266949152542374;13,946685833333332;13,566249489415512
2021-11-13 09:00:00;4,498305084745763;22,392372881355932;59,33898305084746;11,959035333333333;13,93040495589429
2021-11-13 10:00:00;3,536752136752137;23,234188034188033;55,85641025641026;12,125733333333333;13,669833314705016
2021-11-13 11:00:00;2,702542372881356;24,07033898305085;52,69152542372882;15,719001666666664;13,608025612918631
2021-11-13 12:00:00;3,4720338983050847;25,087288135593223;50,14576271186441;15,665723666666668;16,154337027560928
2021-11-13 13:00:00;4,043220338983051;25,80762711864407;48,18559322033898;12,927424;17,97978669767086
2021-11-13 14:00:00;3,828813559322034;26,294067796610168;46,82203389830509;29,275345166666668;18,36824334810236
2021-11-13 15:00:00;5,589743589743589;26,534188034188034;46,41111111111111;13,702208333333337;21,19918562050485
2021-11-13 16:00:00;4,533898305084746;26,516949152542374;46,682203389830505;15,774465;19,717006352292223
2021-11-13 17:00:00;4,812711864406779;26,50762711864407;46,27881355932204;16,027211666666666;20,053832538311354
2021-11-13 18:00:00;3,326724137931034;26,321551724137933;46,9448275862069;20,10544;17,72278543996918
2021-11-13 19:00:00;5,169230769230769;25,817948717948717;48,27350427350427;22,17773;19,582436754371884
2021-11-13 20:00:00;4,802564102564102;25,24615384615385;49,702564102564104;25,802935;18,242939224078107
2021-11-13 21:00:00;4,005084745762712;24,60847457627119;51,62542372881356;29,013275;16,23590704466389
2021-11-13 22:00:00;4,312820512820513;24,429914529914527;50,06410256410256;19,00741333333333;16,21983500002466
2021-11-13 23:00:00;3,6796610169491526;24,25423728813559;49,28305084745762;14,967816833333334;14,964350430961488
2021-11-14 00:00:00;4,801694915254237;23,66864406779661;49,77372881355932;14,568245;15,598257424638781
2021-11-14 01:00:00;3,9279661016949152;23,31016949152542;50,06864406779661;12,320679;13,800119091564767
2021-11-14 02:00:00;3,161864406779661;22,790677966101697;51,1406779661017;11,824664833333332;11,955427123861142
2021-11-14 03:00:00;5,1179487179487175;22,362393162393165;52,335042735042734;13,329781666666666;14,088027652538045
2021-11-14 04:00:00;5,022033898305085;21,870338983050846;53,73389830508475;12,4430995;13,25884654775274
2021-11-14 05:00:00;4,535593220338983;21,264406779661016;55,80084745762712;11,485588666666668;11,754346908316144
2021-11-14 06:00:00;5,57457627118644;21,127966101694913;56,244915254237284;9,645527833333334;13,022109039975867
2021-11-14 07:00:00;3,46271186440678;21,46440677966102;55,409322033898306;12,1168025;10,550836526371086
2021-11-14 08:00:00;4,665811965811965;22,188888888888886;53,18376068376068;12,687207833333334;13,243266875186023
2021-11-14 09:00:00;4,066101694915254;23,0135593220339;51,244915254237284;15,270256666666668;13,60610611383349
2021-11-14 10:00:00;4,335593220338983;23,867796610169492;49,52542372881356;15,048844166666669;15,25663831887529
2021-11-14 11:00:00;4,138983050847457;24,494915254237288;48,597457627118644;18,36142333333333;15,947392504365133
2021-11-14 12:00:00;4,197435897435898;25,523931623931624;47,312820512820515;18,152303333333336;17,636947454002744
2021-11-14 13:00:00;4,658474576271187;26,664406779661018;44,76949152542373;17,155796666666667;19,959006146584166
2021-11-14 14:00:00;4,582203389830509;27,241525423728813;42,39915254237288;12,794397833333331;20,598414021307676
2021-11-14 15:00:00;4,448623853211009;27,553211009174312;40,674311926605505;10,848662333333332;20,772452725559504
2021-11-14 16:00:00;4,296610169491525;27,84830508474576;39,21440677966102;12,432502;20,917760280940094
2021-11-14 17:00:00;3,6254237288135593;27,91949152542373;39,25423728813559;16,68122333333333;20,101077283603786
2021-11-14 18:00:00;3,577272727272727;27,848181818181814;39,70545454545455;18,85818833333333;19,95635129098187
2021-11-14 19:00:00;4,11864406779661;27,43135593220339;42,93983050847457;32,32107;20,3190260626925
2021-11-14 20:00:00;4,741525423728813;26,916949152542372;46,80423728813559;32,247476666666664;20,691282350403817
2021-11-14 21:00:00;4,251694915254237;26,34406779661017;49,50932203389831;36,84912333333333;19,297679162763124
2021-11-14 22:00:00;4,004237288135593;26,114406779661017;48,71610169491525;34,38106333333334;18,490549732475692
2021-11-14 23:00:00;4,035042735042735;26,08974358974359;47,514529914529916;19,22204;18,379058990172936
2021-11-15 00:00:00;3,297457627118644;25,90762711864407;49,15677966101695;19,752356666666667;17,194806539353536
2021-11-15 01:00:00;3,7871559633027525;25,40550458715596;50,52844036697248;15,747976833333333;17,166326199722207
2021-11-15 02:00:00;5,898290598290599;25,35726495726496;48,52307692307692;12,100536666666668;19,853095299292647
2021-11-15 03:00:00;6,08728813559322;25,144915254237286;49,816101694915254;16,129236666666667;19,88287130957808
2021-11-15 04:00:00;3,954054054054054;24,81801801801802;50,741441441441445;17,501520000000003;16,433181778640332
2021-11-15 05:00:00;5,568867924528301;24,347169811320757;52,83679245283019;19,74310833333333;18,10119573947115
2021-11-15 06:00:00;4,879130434782609;24,04;54,379999999999995;20,63726833333333;16,764539260611258
2021-11-15 07:00:00;4,770940170940172;24,311965811965813;56,35470085470085;26,784496666666666;17,255947633636815
2021-11-15 08:00:00;5,521186440677966;24,72457627118644;56,715254237288136;28,557461666666665;19,033842409421865
2021-11-15 09:00:00;5,812820512820513;25,271794871794874;55,3017094017094;33,22513;20,228427734839087
2021-11-15 10:00:00;4,736440677966102;26,01016949152542;55,18474576271186;40,23908;19,950337591179917
2021-11-15 11:00:00;4,8760683760683765;27,074358974358972;51,96837606837607;28,75568;21,63068013530681
2021-11-15 12:00:00;5,807627118644067;27,983898305084747;50,246610169491525;29,760046666666664;24,30115852138441
2021-11-15 13:00:00;5,522881355932204;28,652542372881356;48,344067796610176;29,432775;24,846420169038808
2021-11-15 14:00:00;5,211864406779661;29,055084745762713;46,664406779661014;13,603319166666669;24,928842961089515
2021-11-15 23:00:00;5,619491525423729;27,49237288135593;53,633050847457625;26,505389189189188;23,530959524566164
2021-11-16 00:00:00;3,852991452991453;27,167521367521367;54,80427350427351;19,002871666666667;20,621499058841017
2021-11-16 01:00:00;5,093220338983051;26,981355932203392;53,69152542372882;17,89895166666667;21,940909104324867
2021-11-16 02:00:00;4,191525423728813;26,52457627118644;54,898305084745765;24,869958333333333;20,024361410033976
2021-11-16 03:00:00;4,335593220338983;26,59830508474576;53,094067796610176;16,856621666666666;20,18001730477929
2021-11-16 04:00:00;4,766101694915254;26,2364406779661;53,41949152542373;17,864469999999997;20,205700931245524
2021-11-16 05:00:00;2,9854700854700855;25,847863247863245;53,67264957264957;20,435661666666665;17,08289886623652
2021-11-16 06:00:00;2,674576271186441;25,853389830508473;53,97627118644068;25,059501666666662;16,68536730674316
2021-11-16 07:00:00;3,8214285714285716;26,07857142857143;54,800000000000004;31,62288;18,747488071215436
2021-11-16 08:00:00;3,6991525423728815;26,497457627118642;54,27627118644068;29,937311666666663;19,230610041466477
2021-11-16 09:00:00;4,279487179487179;27,100854700854704;52,5991452991453;30,537651666666665;20,899079204747224
2021-11-16 10:00:00;3,770338983050847;27,94237288135593;50,19406779661016;30,003588333333333;21,373134015113173
2021-11-16 11:00:00;4,171186440677966;28,981355932203392;45,398305084745765;21,19167333333333;23,228183656569797
2021-11-17 00:00:00;8,066666666666666;28,058119658119658;60,306837606837604;23,30201428571429;28,537521713069708
2021-11-17 01:00:00;10,138135593220339;27,551694915254238;63,53983050847457;30,122316666666663;30,892512753953213
2021-11-17 02:00:00;9,753389830508475;27,452542372881357;63,932203389830505;29,958825;30,224051841523774
2021-11-17 03:00:00;8,15;27,42457627118644;62,005932203389825;27,659117339622643;27,74997396324771
2021-11-17 04:00:00;6,230701754385964;27,530701754385966;54,358771929824556;7,5189586764705885;24,519749261526158
2021-11-17 05:00:00;7,852542372881356;27,416949152542372;53,24576271186441;20,13089;26,49525034949034
2021-11-17 06:00:00;7,535897435897437;27,48034188034188;52,8025641025641;27,973045000000003;26,116518510550122
2021-11-17 07:00:00;7,826271186440678;27,65593220338983;53,917796610169496;44,56912666666667;26,923253955976662
2021-11-17 08:00:00;7,6499999999999995;27,879310344827587;52,94051724137931;23,6012793220339;26,9595760210848
2021-11-17 09:00:00;6,797457627118645;28,36271186440678;49,52542372881356;27,74106833333333;26,25591174540571
2021-11-17 10:00:00;11,851327433628319;28,983185840707964;48,223893805309736;31,292056166666665;34,25384065291831
2021-11-17 17:00:00;9,504807692307692;28,571153846153848;67,64326923076922;11,6057090625;32,104759710579756
2021-11-17 18:00:00;4,628070175438597;28,263157894736842;69,15526315789474;29,095332666666668;24,89969426769124
2021-11-17 19:00:00;4,584482758620689;27,773275862068964;69,28879310344827;14,851900434782609;24,028241101600756
2021-11-17 20:00:00;4,757627118644067;27,561016949152542;69,96186440677967;21,090952666666663;23,97755988633873
2021-11-17 23:00:00;4,3;26,55673076923077;73,1548076923077;19,51447166666667;21,950273675393163
2021-11-18 00:00:00;3,4762376237623767;26,55742574257426;73,42079207920793;11,3941265;20,82278399339635
2021-11-18 01:00:00;2,832478632478632;26,01025641025641;74,88461538461539;8,419537075;19,139851577044872
2021-11-18 02:00:00;3,260169491525424;25,221186440677965;77,42796610169492;16,021672666666667;18,652850457016243
2021-11-18 03:00:00;2,952542372881356;24,56016949152542;80,1;10,5555055;17,36325233625616
2021-11-18 04:00:00;3,0782608695652174;24,08869565217391;82,45217391304348;14,805844333333331;16,96886636505281
2021-11-18 05:00:00;2,7458333333333336;24,087500000000002;83,28229166666667;18,81082333333333;16,57948463922485
2021-11-18 06:00:00;2,7545454545454544;24,80808080808081;81,57373737373737;23,275041666666667;17,64127519510466
2021-11-18 07:00:00;4,498305084745763;25,509322033898304;79,18559322033899;21,405338333333336;21,03656220808238
2021-11-18 08:00:00;4,961864406779661;25,620338983050846;78,98728813559322;23,17504166666667;21,8536202679594
2021-11-18 09:00:00;6,030701754385965;25,963157894736845;78,11666666666666;19,79292433333333;23,844477691202513
2021-11-18 10:00:00;6,566666666666666;26,377777777777776;74,5863247863248;6,874352954545454;24,959071046672896
2021-11-18 11:00:00;7,164102564102564;26,9982905982906;73,93760683760685;28,87014233333333;26,777132952780292
2021-11-18 12:00:00;6,072649572649572;27,204273504273505;75,6897435897436;50,2732286904762;25,75962062705021
2021-11-18 19:00:00;6,264957264957265;26,20940170940171;68,17863247863248;6,5044451481481484;23,64996933852394
2021-11-18 20:00:00;6,844915254237288;25,95;69,85169491525424;9,1624705;24,184060824300744
2021-11-18 21:00:00;4,482142857142857;25,564285714285713;70,45446428571428;6,545761442307692;20,283691965914116
2021-11-18 22:00:00;3,8558823529411765;24,59313725490196;71,32058823529411;6,305556;17,856684700607012
2021-11-18 23:00:00;2,010377358490566;24,934905660377357;72,02358490566037;4,666696;15,91236352030213
2021-11-19 00:00:00;1,4574074074074075;24,930555555555557;72,46203703703704;4,643302890909091;15,171903558194273
2021-11-19 01:00:00;1,4888888888888887;24,676068376068375;72,84017094017094;4,202604698113207;14,824088483801688
2021-11-19 02:00:00;1,3271186440677967;24,540677966101697;72,8406779661017;4,087892903846154;14,370117986750003
2021-11-19 03:00:00;1,2745762711864408;24,35423728813559;72,54322033898305;2,471988195121951;13,955291424617315
2021-11-19 04:00:00;1,4135593220338984;24,13305084745763;72,82796610169493;5,786469833333333;13,805183110487135
2021-11-19 05:00:00;1,5376068376068377;23,9008547008547;73,5111111111111;8,854347333333333;13,653194678122667
2021-11-19 06:00:00;1,3559322033898304;23,98728813559322;73,18050847457627;12,1030145;13,512810287717997
2021-11-19 07:00:00;2,1516949152542373;24,403389830508473;72,42033898305085;10,190811333333333;15,254733201426426
2021-11-19 08:00:00;2,509322033898305;24,740677966101696;72,23983050847457;18,260898;16,30523391483196
2021-11-19 09:00:00;1,4355932203389832;25,48220338983051;70,82796610169493;15,028004666666668;15,914155520571128
2021-11-19 10:00:00;1,5469565217391306;25,923478260869565;69,35652173913043;11,338270666666666;16,67282651270728
2021-11-19 11:00:00;3,298095238095238;26,231428571428573;68,79238095238095;13,224516392857142;19,58957321740568
2021-11-19 12:00:00;2,298290598290598;26,61880341880342;66,9136752136752;8,984751892857142;18,663084846061047
2021-11-19 16:00:00;1,3371681415929204;27,622123893805313;55,02920353982301;10,022911016949154;17,882885776092763
2021-11-19 17:00:00;1,81;27,646363636363635;54,11727272727273;5,835232516666666;18,49991567928857
2021-11-19 18:00:00;2,1469026548672567;27,406194690265487;52,34778761061947;7,450679075471698;18,401580651936946
2021-11-19 19:00:00;1,9084745762711863;26,764406779661016;54,205932203389835;16,773575;17,164525451933592
2021-11-19 20:00:00;1,778813559322034;26,082203389830507;56,09915254237288;15,572458333333334;16,01521112032917
2021-11-19 21:00:00;1,7427350427350428;25,712820512820514;57,68290598290598;17,75865333333333;15,493337009698052
2021-11-19 22:00:00;2,064406779661017;25,28813559322034;58,110169491525426;14,687551666666668;15,27064782106573
2021-11-19 23:00:00;2,100854700854701;24,659829059829057;59,557264957264955;17,53509;14,402491531310375
2021-11-20 00:00:00;1,4254237288135592;24,111016949152543;60,264406779661016;11,8826125;12,60115327220415
2021-11-20 01:00:00;1,6444444444444446;23,931623931623932;59,394017094017094;14,3339;12,524526076154565
2021-11-20 02:00:00;1,352542372881356;23,930508474576268;59,46610169491525;23,21989166666667;12,120621452900991
2021-11-20 03:00:00;2,477118644067797;23,789830508474576;59,383050847457625;12,474263166666669;13,451481621269764
2021-11-20 04:00:00;1,192372881355932;23,607627118644068;58,80593220338984;7,264769677966102;11,291670488941854
2021-11-20 05:00:00;1,9915254237288136;23,334745762711865;60,353389830508476;13,067912166666668;12,098274926076847
2021-11-20 06:00:00;2,1085470085470086;23,484615384615385;63,34957264957264;24,725821666666665;12,796219835385557
2021-11-20 07:00:00;2,1872881355932203;23,945762711864408;67,26949152542373;32,916288333333334;14,050514882380305
2021-11-20 08:00:00;1,7152542372881356;24,26779661016949;70,28389830508475;33,941118333333335;14,2144090106177
2021-11-20 09:00:00;1,2161016949152543;24,843220338983052;70,4;27,0067725;14,49295625936223
2021-11-20 10:00:00;3,5212389380530973;25,38230088495575;69,06725663716814;22,03684;18,501483365094877
2021-11-20 11:00:00;3,7542372881355934;25,922881355932205;68,00338983050847;21,9981355;19,63573853428464
2021-11-20 12:00:00;4,127966101694915;26,611016949152543;64,72796610169492;16,342551052631578;21,006627350448554
2021-11-20 16:00:00;3,4548076923076922;28,851923076923075;48,103846153846156;12,22283075471698;22,262312685185044
2021-11-20 17:00:00;2,9304761904761905;28,961904761904762;47,64666666666666;10,422378777777778;21,669657432875482
2021-11-20 18:00:00;2,424576271186441;28,91779661016949;48,76271186440678;15,995754833333333;20,992165801344804
2021-11-20 19:00:00;2,9483050847457624;28,438135593220338;51,59322033898305;20,22728;21,186521385329257
2021-11-20 20:00:00;1,8905982905982905;27,905982905982906;56,513675213675214;38,803610000000006;19,27471811824291
2021-11-20 21:00:00;2,711864406779661;27,526271186440677;59,835593220338986;33,47425666666667;20,099996154123865
2021-11-20 22:00:00;2,028813559322034;27,31271186440678;60,22118644067797;29,166721666666668;18,820906987158907
2021-11-20 23:00:00;3,3415254237288137;27,05;57,93050847457627;8,146187918918919;20,002262587009263
2021-11-21 00:00:00;2,056779661016949;26,828813559322036;55,53305084745762;4,895371618181818;17,60546446526726
2021-11-21 01:00:00;2,04017094017094;26,467521367521368;56,729914529914524;14,145732166666669;17,088001364721634
2021-11-21 02:00:00;3,111111111111111;26,231623931623933;57,19145299145299;7,501174733333333;18,23508244212104
2021-11-21 03:00:00;1,7615384615384615;25,965811965811966;57,58376068376069;11,372534666666668;15,93534945516354
2021-11-21 04:00:00;2,123728813559322;25,45762711864407;59,18305084745763;12,184972833333337;15,73954926916597
2021-11-21 05:00:00;2,2940677966101695;24,897457627118644;60,81949152542373;13,664353166666666;15,191220040718548
2021-11-21 06:00:00;2,360169491525424;24,596610169491527;62,04491525423729;14,275424666666668;14,893832585576597
2021-11-21 07:00:00;2,876923076923077;24,586324786324784;63,009401709401715;19,091891666666665;15,691155503096816
2021-11-21 08:00:00;1,8033898305084746;24,920338983050847;63,7677966101695;22,265385;14,82020751335704
2021-11-21 09:00:00;2,9177966101694914;25,552542372881355;63,15084745762712;21,416093333333333;17,38494299823177
2021-11-21 10:00:00;2,776146788990826;26,257798165137615;60,47889908256881;16,679103433333335;18,11963669776518
2021-11-21 11:00:00;2,521782178217822;26,88118811881188;57,497029702970295;11,765658679245284;18,52973807368212
2021-11-21 12:00:00;2,13125;27,791071428571428;54,95357142857143;8,835879346153847;19,27173422983102
2021-11-21 13:00:00;2,943220338983051;28,551694915254238;52,144067796610166;14,960047;21,422072313754235
2021-11-21 14:00:00;1,9686440677966102;28,888983050847457;49,8271186440678;8,243078772727273;20,405485714904053
2021-11-21 15:00:00;2,0271186440677966;29,354237288135593;48,81101694915254;18,06145203448276;21,173266759618826
2021-11-21 22:00:00;2,9203389830508475;28,283050847457627;51,860169491525426;6,228841794871794;20,911965549019598
2021-11-21 23:00:00;2,8175438596491227;27,957894736842103;50,217543859649126;2,885759722222222;20,066989886029006
2021-11-22 02:00:00;2,3745762711864407;27,326271186440678;49,36864406779661;15,43891;18,305509423469395
2021-11-22 03:00:00;2,6940170940170938;26,834188034188035;51,54529914529915;14,773768833333332;18,131281318948517
2021-11-22 04:00:00;1,992372881355932;25,70423728813559;54,255932203389825;17,757593999999997;15,505686476599344
2021-11-22 05:00:00;2,8593220338983047;25,396610169491527;57,04491525423729;25,07169333333333;16,465837071132434
2021-11-22 06:00:00;2,6631578947368424;25,786842105263155;57,234210526315785;25,07775;16,864512124548604
2021-11-22 07:00:00;3,5393162393162396;25,40854700854701;57,728205128205126;15,461801610169491;17,502626510957803
2021-11-22 08:00:00;6,627586206896551;25,88189655172414;53,540517241379305;15,172602071428573;22,228571593303577
2021-11-22 09:00:00;4,733898305084746;26,77542372881356;50,45762711864407;20,30823067307692;20,787032649200277
2021-11-22 10:00:00;4,7905982905982905;27,597435897435897;44,452991452991455;11,327262529411763;21,681694258255476
2021-11-22 11:00:00;3,3771186440677967;28,501694915254237;43,11864406779661;19,145043892857142;21,095470189476323
2021-11-22 12:00:00;4,43135593220339;29,133050847457625;42,12881355932203;12,2308285;23,539382248107884
2021-11-23 00:00:00;3,860169491525424;28,685593220338983;37,71694915254238;51,31181176470588;21,572046982780847
2021-11-23 01:00:00;5,1525423728813555;28,374576271186438;37,24152542372882;45,52385183333333;22,814783434829536
2021-11-23 02:00:00;5,054237288135593;28,10847457627119;35,70169491525424;8,92487875;22,08499038364964
2021-11-23 03:00:00;4,788034188034189;27,95641025641026;35,14957264957265;10,932360314814812;21,404681380202838
2021-11-23 04:00:00;5,625423728813559;27,843220338983052;37,366949152542375;15,749642333333332;22,596229232113863
2021-11-23 05:00:00;4,872173913043478;27,615652173913045;38,26869565217391;18,335238333333333;21,243916351665213
2021-11-23 06:00:00;5,459615384615384;27,646153846153844;41,92115384615385;34,040925;22,46199934508833
2021-11-23 07:00:00;4,179661016949153;28,14915254237288;43,21101694915254;43,39657;21,635908589779163
2021-11-23 08:00:00;5,114406779661017;28,966101694915253;46,21779661016949;69,73688166666668;24,60078459783216
2021-11-24 01:00:00;7,6661016949152545;28,8635593220339;50,32627118644068;21,47111219512195;28,38934413476742
2021-11-24 02:00:00;7,459322033898306;28,722881355932206;48,766949152542374;14,240818833333332;27,71649936781163
2021-11-24 03:00:00;5,669230769230769;28,48119658119658;48,534188034188034;32,527838333333335;24,78144476506108
2021-11-24 04:00:00;6,739830508474576;28,12372881355932;48,85;59,34966;25,710085457844407
2021-11-24 05:00:00;6,13135593220339;27,95593220338983;49,06949152542373;23,437427666666668;24,596674997769867
2021-11-24 06:00:00;7,145299145299146;28,311111111111114;44,01794871794872;19,45606533333333;26,13752481462344
2021-11-24 07:00:00;3,8364406779661016;28,816101694915258;44,338135593220336;33,774305;22,381855103505252
2021-11-25 07:00:00;7,682758620689656;27,8801724137931;52,49224137931035;46,82365357142857;26,964671496466735
2021-11-25 08:00:00;8,62719298245614;28,243859649122808;54,01754385964912;66,227865;29,042078429014524
2021-11-25 09:00:00;7,702542372881355;28,981355932203392;53,40847457627118;51,942771666666665;28,928654308787998
2021-11-25 19:00:00;9,186440677966102;28,884745762711866;65,10847457627119;70,07957499999999;31,94689100186295
2021-11-26 00:00:00;1,7847457627118644;25,552542372881355;73,5635593220339;19,008899574468085;16,779050609759068
2021-11-26 01:00:00;2,324770642201835;24,585321100917433;78,39357798165138;17,62776731707317;16,365519596111724
2021-11-26 02:00:00;1,892156862745098;24,58235294117647;80,08627450980393;11,148815316666663;15,914109537439558
2021-11-26 03:00:00;2,905084745762712;24,892372881355932;79,72033898305085;14,730536886792452;17,81910913051661
2021-11-26 04:00:00;2,369491525423729;25,895762711864407;75,3;9,288145305084749;18,33820545640708
2021-11-26 05:00:00;2,2196581196581198;26,005982905982904;75,33504273504275;21,65596333333333;18,316825120667417
2021-11-26 06:00:00;2,866949152542373;26,064406779661017;75,92711864406779;18,01608879310345;19,37731573515432
2021-11-26 07:00:00;2,2483050847457626;26,210169491525424;76,31610169491525;25,290739433962266;18,792400709512172
2021-11-26 16:00:00;2,1915254237288138;28,593220338983052;54,65847457627118;24,09875071875;20,67593721828345
2021-11-26 17:00:00;2,861864406779661;28,433898305084742;54,58305084745763;9,95432109090909;21,34001488099826
2021-11-26 18:00:00;2,5677966101694913;27,927118644067797;56,228813559322035;12,091640666666668;20,231834783425953
2021-11-26 19:00:00;2,651282051282051;27,382905982905985;56,360683760683756;9,068672833333332;19,446922637048672
2021-11-26 20:00:00;2,564406779661017;26,610169491525422;59,57118644067796;17,74308581395349;18,329541742075094
2021-11-26 23:00:00;3,0863247863247865;24,807692307692307;61,12820512820513;5,800746666666667;16,17909260705658
2021-11-27 00:00:00;2,613559322033898;24,39152542372881;62,65677966101695;7,891912;14,961824732195716
2021-11-27 01:00:00;3,1889830508474577;23,95762711864407;63,99152542372882;5,491358542372882;15,164543471910306
2021-11-27 02:00:00;2,885593220338983;23,64830508474576;64,69152542372882;5,972735666666667;14,28592872115761
2021-11-27 03:00:00;3,08974358974359;23,294017094017097;65,36153846153846;7,798283363636364;14,039780102726716
2021-11-27 04:00:00;3,139830508474576;22,765254237288136;66,77203389830508;3,805106851851852;13,354508082025404
2021-11-27 05:00:00;3,367796610169491;22,585593220338982;66,44915254237289;3,7477510545454544;13,341540579287397
2021-11-27 06:00:00;3,669491525423729;22,93050847457627;65,07627118644068;19,6411165;14,214183988488728
2021-11-27 07:00:00;3,01271186440678;23,4;65,29406779661016;21,167164421052632;14,103585324538365
2021-11-27 08:00:00;2,412820512820513;24,205128205128204;64,04358974358975;20,741789296296297;14,498192632386072
2021-11-27 09:00:00;2,752542372881356;24,94406779661017;62,766949152542374;11,303405301886793;16,095110487057994
2021-11-27 10:00:00;2,538983050847458;25,57542372881356;60,23728813559322;6,5864194523809525;16,618347266356466
2021-11-27 11:00:00;1,8754237288135593;26,283050847457627;57,39745762711864;4,446190727272728;16,61025076876131
2021-11-27 12:00:00;2,775213675213675;26,851282051282052;56,11709401709402;6,738481894736841;18,704433264597895
2021-11-27 13:00:00;1,5952380952380953;27,366666666666667;55,635238095238094;11,138323711864407;17,872259151805615
2021-11-27 14:00:00;1,554867256637168;27,881415929203538;55,07964601769911;13,942912976190476;18,62813817940617
2021-11-27 15:00:00;0,940677966101695;28,162711864406777;54,000847457627124;10,641829170731707;18,138872285672207
2021-11-27 16:00:00;2,265254237288136;28,42542372881356;52,87457627118644;17,519484794871794;20,329240942961988
2021-11-27 17:00:00;1,7829059829059828;28,546153846153846;53,74444444444445;13,030789666666667;19,938465128592163
2021-11-27 18:00:00;1,3980000000000001;28,3;56,972;35,42678;19,289928505445985
2021-11-27 19:00:00;2,1813559322033895;27,607627118644068;61,44915254237288;22,019070666666668;19,645686519873045
2021-11-27 20:00:00;2,4117117117117117;27,143243243243244;61,024324324324326;8,558067783783784;19,14813547357337
2021-11-27 23:00:00;2,889830508474576;26,184745762711866;63,69152542372882;18,856283333333334;18,458795922070387
2021-11-28 02:00:00;1,7152542372881356;25,27796610169492;60,56864406779661;13,739448203703704;14,996175930698662
2021-11-28 03:00:00;2,3398305084745763;25,10593220338983;60,46440677966102;10,90956359322034;15,572090758207878
2021-11-28 04:00:00;2,074576271186441;24,960169491525424;59,86271186440678;5,057153981481481;14,899026883993457
2021-11-28 05:00:00;1,4435897435897436;24,64017094017094;60,838461538461544;9,290965;13,56964086631826
2021-11-28 06:00:00;2,2355932203389832;24,855084745762714;61,5228813559322;15,988908333333336;15,10440594281286
2021-11-28 07:00:00;1,569090909090909;25,65090909090909;61,53454545454546;23,45023666666667;15,50899956992646
2021-11-28 08:00:00;1,7341880341880342;26,24871794871795;61,84188034188034;23,213924055555555;16,773480807421116
2021-11-28 09:00:00;2,0500000000000003;26,777118644067794;60,24576271186441;22,90047979166667;17,95311440321531
2021-11-28 10:00:00;2,0211864406779663;27,508474576271187;57,063559322033896;12,01417368888889;18,841615947464902
2021-11-28 11:00:00;1,6333333333333333;28,363247863247864;53,31709401709402;18,0122775;19,381444135940882
2021-11-28 23:00:00;1,9198198198198198;26,076576576576578;62,87477477477478;41,00238181818182;16,841584482449136
2021-11-29 00:00:00;2,0846153846153848;25,058119658119658;72,87521367521367;58,94019316666667;16,30356611622431
2021-11-29 01:00:00;3,5369369369369372;25,206306306306306;72,65135135135135;13,024774233333334;18,565466000124232
2021-11-29 02:00:00;3,4447619047619047;24,82857142857143;72,33714285714285;6,291773676470589;17,772185504682227
2021-11-29 03:00:00;4,464356435643564;24,424752475247526;72,22178217821782;8,46043562745098;18,510901161621568
2021-11-29 04:00:00;2,7782608695652176;24,668695652173913;73,21130434782609;10,427985666666666;16,65249051859921
2021-11-29 05:00:00;2,642;24,468000000000004;72,497;11,303910962962965;16,057192835473977
2021-11-29 06:00:00;3,138135593220339;24,503389830508475;72,32542372881356;8,105584214285713;16,79534229013116
2021-11-29 07:00:00;3,5584745762711862;24,377966101694913;71,56694915254236;7,912675137931035;17,101880770320285
2021-11-29 08:00:00;2,2444444444444445;24,666666666666668;68,7;10,942381727272728;15,476431977403173
2021-11-29 09:00:00;2,5418803418803417;25,003418803418803;66,08034188034188;16,7499;16,21193609851398
2021-11-29 10:00:00;2,1427350427350427;25,147008547008546;65,08034188034188;12,20849975609756;15,79993037147117
2021-11-29 15:00:00;1,9364406779661016;27,023728813559323;45,182203389830505;15,7661;16,789208556218455
2021-11-29 18:00:00;2,894444444444445;26,09444444444444;47,545370370370364;12,793910666666669;16,792402997798213
2021-11-29 19:00:00;2,0333333333333337;25,43131313131313;49,33939393939394;14,987186833333334;14,64135521750687
2021-11-29 20:00:00;2,0776785714285713;25,057142857142857;50,77946428571429;14,034908833333333;14,210538899507014
2021-11-29 21:00:00;2,6033898305084744;24,847457627118644;51,43983050847457;12,2433875;14,656770107503824
2021-11-29 22:00:00;2,51271186440678;24,602542372881356;53,853389830508476;21,197845;14,345706046490612
2021-11-29 23:00:00;3,0163636363636366;24,255454545454544;56,02363636363636;16,345198333333332;14,672457624850864
2021-11-30 00:00:00;2,6672897196261682;23,928971962616824;57,20747663551402;12,484218333333333;13,746614323064428
2021-11-30 01:00:00;3,8957627118644065;23,665254237288135;57,51949152542373;8,494669666666667;15,053503076340824
2021-11-30 02:00:00;5,325454545454545;23,344545454545454;57,25454545454546;8,508725666666667;16,492108249583325
2021-11-30 03:00:00;4,884848484848485;22,882828282828285;56,397979797979794;3,477860196428572;15,018650607322485
2021-11-30 04:00:00;3,4076923076923076;22,609401709401713;55,11880341880342;4,069862672727273;12,369966073802772
2021-11-30 05:00:00;4,263247863247863;22,412820512820513;55,582905982905984;9,393738;13,281683052532507
2021-11-30 06:00:00;4,1525423728813555;22,511016949152545;56,44915254237288;13,217158;13,373212411170535
2021-11-30 07:00:00;4,476271186440679;22,977118644067797;57,2093220338983;18,40079366666667;14,681262504932334
2021-11-30 08:00:00;3,2745762711864406;23,777118644067794;58,500847457627124;32,041466666666665;14,463887473783963
2021-11-30 09:00:00;3,8555555555555556;24,37264957264957;56,860683760683756;12,38723;16,12352686573457
2021-11-30 10:00:00;3,6915254237288138;24,95423728813559;53,2;9,15268722;16,525967172415648
2021-11-30 11:00:00;4,472881355932203;25,41864406779661;52,44237288135593;12,244525267857142;18,329103358454326
2021-11-30 12:00:00;1,8787610619469028;25,930973451327432;50,491150442477874;14,476269794871795;15,372792727472024
2021-11-30 15:00:00;1,5752136752136754;26,905982905982906;46,74102564102564;9,592668375;16,232343219844303
2021-11-30 16:00:00;3,293693693693694;27,009909909909908;48,07657657657658;13,586326;18,9395695077485
2021-11-30 17:00:00;2,2223214285714286;27,01517857142857;47,096428571428575;10,171380333333332;17,35557494009751
2021-11-30 18:00:00;1,9794871794871793;26,819658119658122;47,703418803418806;13,424081166666667;16,744191641339555
2021-11-30 19:00:00;2,556779661016949;26,303389830508475;48,93050847457627;20,765465;16,80100612814264
2021-11-30 20:00:00;3,0076271186440677;25,75593220338983;51,171186440677964;23,996098333333336;16,723823111795674
2021-11-30 21:00:00;1,5064220183486237;25,377981651376146;52,400000000000006;17,75963833333333;14,102141024821975
2021-11-30 22:00:00;1,7771186440677964;25,03813559322034;51,75;10,860162666666668;13,84909517895467
2021-11-30 23:00:00;1,6974358974358974;24,62136752136752;52,11538461538461;9,222262166666669;13,071761495049202
2021-12-01 00:00:00;1,9189655172413793;24,292241379310347;53,22155172413793;11,638147166666666;12,933315115700992
2021-12-01 01:00:00;1,7771186440677964;23,95762711864407;54,87033898305084;11,306312;12,327844856709198
2021-12-01 02:00:00;2,26271186440678;23,750847457627117;56,63728813559322;20,077548333333333;12,827022927599643
2021-12-01 03:00:00;2,3262711864406778;23,565254237288137;57,250847457627124;37,41032499999999;12,662053832201522
2021-12-01 04:00:00;2,347008547008547;23,365811965811968;55,94871794871795;7,766982;12,23336500282771
2021-12-01 05:00:00;2,009322033898305;23,496610169491525;54,567796610169495;14,292668;11,850058523431649
2021-12-01 06:00:00;1,5377358490566038;23,56320754716981;56,13962264150943;52,05195666666667;11,449546507106383
2021-12-01 07:00:00;7,050892857142857;24,049107142857142;58,49821428571429;43,93143666666666;20,209471805955538
2021-12-01 08:00:00;8,382203389830508;24,44237288135593;57,63898305084746;37,22328;22,65375688017663
2021-12-01 09:00:00;9,752991452991452;25,31880341880342;56,53589743589743;38,24788216666666;25,942060474062764
2021-12-01 10:00:00;7,610169491525424;26,259322033898304;51,675423728813556;18,59783468085106;24,06307377234922
2021-12-01 11:00:00;7,733050847457627;26,96440677966102;49,93135593220339;13,397719441860463;25,25538474193322
2021-12-01 15:00:00;7,1661016949152545;29,11864406779661;36,10508474576271;23,631225;26,777809011849826
2021-12-01 18:00:00;7,034745762711864;29,10169491525424;40,82118644067796;15,51532894736842;27,009675519485214
2021-12-01 19:00:00;9,53728813559322;28,377966101694913;46,10508474576271;46,98889677419355;29,796558471360726
2021-12-01 20:00:00;7,8470085470085476;27,72991452991453;51,424786324786325;33,89552;26,84171571493826
2021-12-01 21:00:00;8,411864406779662;27,26271186440678;51,661864406779664;17,56224466666667;26,870270578328117
2021-12-01 22:00:00;7,653389830508475;26,977118644067797;48,81694915254237;6,491408512195122;25,060181688889557
2021-12-01 23:00:00;9,01779661016949;26,751694915254237;49,01101694915254;11,106938166666668;26,61067258279138
2021-12-02 00:00:00;8,804273504273503;26,623076923076923;48,38119658119658;9,755317666666668;26,036213342713943
2021-12-02 01:00:00;6,719491525423728;26,20423728813559;49,76525423728814;12,199924603773583;22,54313912336214
2021-12-02 02:00:00;7,693220338983051;26,06271186440678;49,46949152542373;23,911476666666665;23,641267115014024
2021-12-02 03:00:00;8,205084745762711;25,822881355932203;49,671186440677964;28,66666;23,974249973154862
2021-12-02 04:00:00;6,241747572815534;25,585436893203884;50,210679611650484;24,92530333333333;20,87643547837724
2021-12-02 05:00:00;4,073728813559322;25,558474576271188;50,659322033898306;24,13352833333333;17,836999788947118
2021-12-02 06:00:00;4,349152542372882;25,622881355932204;50,06101694915254;29,003676666666667;18,27457732180936
2021-12-02 07:00:00;4,616101694915255;25,962711864406778;52,2228813559322;51,22683666666667;19,423028773884432
2021-12-02 08:00:00;5,296610169491525;26,533050847457627;56,90762711864407;58,790815;21,775619936621126
2021-12-02 09:00:00;6,441025641025641;27,218803418803418;56,69230769230769;47,4243093220339;24,510183036559795
2021-12-02 22:00:00;2,730701754385965;28,106140350877194;45,93771929824561;7,821558846153847;19,791203664240626
2021-12-02 23:00:00;6,9576271186440675;27,68728813559322;46,24745762711864;22,14430833333333;25,036723023621462
2021-12-03 00:00:00;5,504273504273504;27,221367521367522;45,88717948717949;7,429080612244897;22,184561507107382
2021-12-03 01:00:00;5,511016949152542;26,917796610169493;45,30847457627118;10,9285735;21,629495416080253
2021-12-03 02:00:00;4,591525423728813;26,75762711864407;45,45169491525424;22,859445;20,086119555356923
2021-12-03 03:00:00;4,665811965811965;26,60683760683761;45,85726495726496;25,18402;19,975048638299015
2021-12-03 04:00:00;5,370338983050848;26,38135593220339;46,73389830508475;21,221605;20,665556566821962
2021-12-03 05:00:00;5,45593220338983;25,634745762711866;50,53135593220339;29,855935;19,888914758769232
2021-12-03 06:00:00;4,860169491525424;25,478813559322035;54,74067796610169;43,41906166666667;19,189127091937337
2021-12-03 07:00:00;5,193162393162393;25,838461538461537;58,333333333333336;53,31047;20,59816529872228
2021-12-03 08:00:00;6,695762711864407;26,096610169491527;60,48898305084746;50,380765;23,339392761467643
2021-12-03 09:00:00;4,427966101694915;26,54237288135593;60,96949152542373;42,88458166666667;20,95737971617615
2021-12-03 10:00:00;5,345762711864406;27,20762711864407;60,16101694915254;42,5693425;23,28423444090776
2021-12-03 11:00:00;4,730508474576272;27,99406779661017;57,11440677966102;26,826643441860465;23,45671478392297
2021-12-04 02:00:00;6,624576271186441;27,052542372881355;57,06949152542373;23,12225581395349;24,52347533530189
2021-12-04 03:00:00;4,170940170940171;26,79230769230769;58,41623931623931;25,585256666666663;20,776740997838694
2021-12-04 04:00:00;5,952991452991453;26,347008547008546;59,13504273504274;18,942371666666663;22,59221363216941
2021-12-04 05:00:00;4,0288135593220336;25,98050847457627;59,325423728813554;13,268596666666667;19,29954357445233
2021-12-04 06:00:00;4,446086956521739;25,795652173913044;59,84173913043478;21,23647;19,622043346444855
2021-12-04 07:00:00;4,855084745762712;25,847457627118644;60,40847457627118;26,22362333333333;20,33528753144075
2021-12-04 08:00:00;4,450847457627119;25,893220338983053;60,623728813559325;27,07340333333333;19,866294546262296
2021-12-04 09:00:00;5,648305084745763;26,52542372881356;59,39491525423729;23,341549;22,489701863084868
2021-12-04 10:00:00;5,631896551724138;27,218103448275862;58,225;31,676195;23,520182755573757
2021-12-04 11:00:00;4,743589743589744;27,96153846153846;57,0034188034188;27,32782772881356;23,409931050552686
2021-12-04 12:00:00;5,500934579439252;28,961682242990655;53,46635514018691;23,51886364583333;25,817606141873313
2021-12-05 04:00:00;7,6771186440677965;28,05593220338983;53,360169491525426;14,366325;27,333812318375294
2021-12-05 05:00:00;8,144444444444444;27,54358974358974;54,680341880341885;14,946285;27,251978286582023
2021-12-05 06:00:00;7,42280701754386;27,723684210526315;54,604385964912275;25,989325666666662;26,53669024250496
2021-12-05 07:00:00;7,880373831775701;27,985046728971962;53,58878504672897;19,485552483333333;27,52093299978712
2021-12-05 08:00:00;7,353097345132743;28,325663716814155;52,924778761061944;58,03586212765958;27,292128101182655
2021-12-05 09:00:00;7,753097345132743;28,438053097345133;51,96548672566372;31,8328480952381;27,950780511442737
2021-12-06 03:00:00;6,648305084745763;28,21440677966102;56,820338983050846;7,267895357142857;26,485132858352365
2021-12-06 04:00:00;7,227118644067796;27,7364406779661;57,472033898305085;31,84503266666667;26,554215475190787
2021-12-06 05:00:00;5,972881355932203;27,69237288135593;58,84322033898305;44,897555;24,852748964174076
2021-12-06 06:00:00;6,683760683760684;27,75128205128205;60,7008547008547;28,8656975;26,122343107055443
2021-12-06 07:00:00;6,1923076923076925;28,064102564102566;58,667521367521374;36,47568804878049;25,768007187778146
2021-12-06 08:00:00;7,635042735042735;28,806837606837608;57,634188034188035;56,96969973469388;28,939042785035525
2021-12-07 00:00:00;4,400847457627118;28,420338983050847;41,76186440677966;6,470081021276596;22,264748484532902
2021-12-07 01:00:00;4,9991071428571425;27,707142857142856;43,75803571428571;34,798475;22,092551869558477
2021-12-07 02:00:00;4,47542372881356;26,616949152542375;51,10508474576271;36,78621166666667;20,219792819908207
2021-12-07 03:00:00;5,833913043478261;25,946956521739132;53,666086956521745;14,752898166666666;21,23812579639499
2021-12-07 04:00:00;4,647863247863247;25,475213675213674;54,05982905982906;6,626701;18,821591315059663
2021-12-07 05:00:00;7,36864406779661;24,938135593220338;54,916101694915255;7,966734166666667;21,81056187086031
2021-12-07 06:00:00;7,879661016949152;24,71779661016949;54,54491525423729;4,929630166666667;22,121131063801933
2021-12-07 07:00:00;8,127966101694916;25,027118644067794;53,15423728813559;10,923673;22,85752744978624
2021-12-07 08:00:00;7,254237288135593;25,453389830508474;51,833898305084745;12,525957833333331;22,225563078664088
2021-12-07 09:00:00;6,5658119658119665;26,016239316239318;51,15299145299145;18,439497666666668;22,142813731867236
2021-12-07 10:00:00;6,75;26,514406779661016;50,64576271186441;18,323544833333333;23,1898969349198
2021-12-07 11:00:00;6,758474576271187;27,27542372881356;48,57118644067796;15,5850675;24,28480286612566
2021-12-07 12:00:00;6,483760683760684;28,112820512820512;46,417094017094016;10,693683354166666;25,103915208383583
2021-12-07 13:00:00;7,4491525423728815;28,8635593220339;43,489830508474576;14,400648027027028;27,44142669679465
2021-12-07 22:00:00;6,198198198198198;27,526126126126126;45,54774774774775;7,845385185185186;23,63644097030484
2021-12-07 23:00:00;5,189830508474576;26,86271186440678;47,351694915254235;16,013984;21,279613350624373
2021-12-08 00:00:00;5,966949152542373;26,053389830508475;49,391525423728815;16,64556066666667;21,20054124818249
2021-12-08 01:00:00;6,538135593220339;25,264406779661016;50,28983050847457;6,7965004;20,759676106103008
2021-12-08 02:00:00;6,513675213675214;24,632478632478634;49,81623931623932;5,218745653846154;19,619180292096104
2021-12-08 03:00:00;6,756779661016949;23,985593220338984;51,648305084745765;7,516734107142858;19,04551231336196
2021-12-08 04:00:00;6,022881355932204;23,31949152542373;50,48898305084746;4,376891318181818;16,789402846685533
2021-12-08 05:00:00;5,905084745762712;22,864406779661017;51,45338983050848;6,71889;15,950752837036916
2021-12-08 06:00:00;4,218803418803419;22,53162393162393;48,16068376068376;3,4349064166666667;12,719765043743678
2021-12-08 07:00:00;3,945132743362832;22,646017699115045;46,45575221238938;15,2723;12,36803119544988
2021-12-08 08:00:00;5,052991452991454;23,046153846153846;47,9059829059829;19,642245;14,728481679908917
2021-12-08 09:00:00;4,7333333333333325;23,659829059829057;48,46153846153846;22,14167;15,364081774330401
2021-12-08 10:00:00;6,157627118644068;24,248305084745763;48,87118644067797;22,962725;18,386084308229854
2021-12-08 11:00:00;4,872033898305085;25,164406779661018;46,98898305084746;18,628450018867927;17,947251961227344
2021-12-08 12:00:00;4,970192307692307;26,04326923076923;45,2173076923077;13,522039;19,394277713667634
2021-12-08 13:00:00;4,178813559322034;27,202542372881357;42,15;9,79434636;19,944485204771674
2021-12-08 14:00:00;5,206779661016949;27,922033898305088;40,63898305084746;16,844933653846155;22,450566750016442
2021-12-08 17:00:00;6,794017094017094;28,725641025641025;38,57435897435897;15,563248333333332;25,829088347640784
2021-12-08 18:00:00;6,642372881355932;28,577966101694912;39,567796610169495;17,078223333333334;25,462207553260924
2021-12-08 19:00:00;4,594782608695652;28,106956521739132;40,43739130434783;19,890325;21,88510977705687
2021-12-08 20:00:00;4,773;27,489;39,645;21,4081294;21,021910540309754
2021-12-08 21:00:00;5,988793103448276;27,062068965517245;38,4;22,943886666666668;21,890158580477824
2021-12-08 22:00:00;6,186324786324786;26,871794871794872;37,9965811965812;29,092756666666663;21,809149122566772
2021-12-08 23:00:00;7,483185840707965;26,581415929203537;38,19469026548673;40,67321333333334;23,156297141776584
2021-12-09 00:00:00;7,513684210526315;26,44;37,42842105263158;30,740123333333333;22,88924568616026
2021-12-09 01:00:00;16,434188034188033;25,91196581196581;39,55982905982906;32,11217;34,69653071502155
2021-12-09 02:00:00;17,700847457627116;25,284745762711864;42,78220338983051;24,52061;35,720417257326744
2021-12-09 03:00:00;18,327966101694912;24,908474576271185;45,36355932203389;20,807393333333334;36,209793715862176
2021-12-09 04:00:00;15,682905982905984;24,57521367521368;47,14957264957265;19,512731666666664;32,11366345283194
2021-12-09 05:00:00;15,439830508474577;23,9135593220339;48,90847457627118;21,65572333333333;30,827374553546093
2021-12-09 06:00:00;14,223076923076922;23,662393162393162;51,17777777777778;28,25292;28,91509943280107
2021-12-09 07:00:00;12,683898305084746;23,768644067796608;53,13644067796611;30,49717;27,12243773627197
2021-12-09 08:00:00;9,240677966101696;23,984745762711864;54,078813559322036;37,32085166666666;22,751880580054348
2021-12-09 09:00:00;9,328813559322034;24,59915254237288;53,44915254237288;36,39990833333333;23,8481820957565
2021-12-09 10:00:00;8,563247863247863;25,053846153846155;52,55555555555556;28,57717833333333;23,45565776681918
2021-12-09 11:00:00;6,85;25,976271186440677;50,20169491525424;20,6515005;22,384063546685987
2021-12-09 12:00:00;7,146610169491525;27,0135593220339;46,264406779661016;16,85400675510204;24,171154876706964
2021-12-09 13:00:00;6,833050847457627;27,678813559322034;43,82118644067796;12,990904458333333;24,619429021380675
2021-12-09 14:00:00;5,969491525423728;28,42542372881356;41,43898305084746;18,3293128;24,439827630826308
2021-12-09 15:00:00;5,708547008547009;28,88205128205128;40,58376068376069;20,06896383333333;24,760912073245564
2021-12-09 16:00:00;6,961016949152542;29,12372881355932;39,67881355932204;21,44449;26,83580679379076
2021-12-09 17:00:00;6,32051282051282;29,211965811965815;39,141880341880345;16,683366833333334;26,036402465049477
2021-12-09 18:00:00;5,132203389830509;29,142372881355932;39,45762711864407;21,063207833333333;24,284954982447005
2021-12-09 19:00:00;4,310169491525424;28,703389830508474;41,582203389830504;25,185981666666667;22,596340746880827
2021-12-09 20:00:00;5,035897435897437;28,532478632478632;43,08034188034188;39,374181666666665;23,466771132954598
2021-12-09 21:00:00;3,9983050847457626;28,021186440677965;45,833898305084745;41,42544333333333;21,414037566226597
2021-12-09 22:00:00;5,637288135593221;27,766101694915253;43,17033898305085;9,728677588235294;23,03003418869511
2021-12-09 23:00:00;4,403418803418804;27,513675213675214;40,71965811965812;19,432705666666667;20,646994215531592
2021-12-10 00:00:00;6,466101694915254;26,835593220338982;41,50423728813559;23,64670024390244;22,47063258216607
2021-12-10 01:00:00;6,834745762711864;26,538983050847456;40,82627118644068;18,680922981481483;22,424766768041984
2021-12-10 02:00:00;5,3247863247863245;25,752136752136753;41,458119658119664;18,993147;19,0476503813408
2021-12-10 03:00:00;5,220338983050848;25,40508474576271;42,13728813559322;18,69612;18,382315679019314
2021-12-10 04:00:00;6,047457627118645;24,63135593220339;45,48474576271186;30,301475;18,55625969499315
2021-12-10 05:00:00;5,672033898305084;24,240677966101696;46,95169491525424;36,62664666666667;17,512338068612685
2021-12-10 06:00:00;6,152136752136752;24,085470085470085;48,26752136752137;31,724881666666665;18,04796478705169
2021-12-10 07:00:00;5,746610169491525;24,48983050847458;49,67796610169491;36,30513333333333;18,292199996997347
2021-12-10 08:00:00;6,622033898305085;24,55;49,51186440677966;28,922775;19,603704265118942
