Data/Hora;MP2.5 HPMAb;Temperatura;Umidade;MP2.5 BAM;MP2.5 HPMAb CAL
2023-03-21 10:00:00;0,9047619047619048;42,142857142857146;43,333333333333336;3,186;9,750086
2023-03-21 11:00:00;1,5116279069767442;42,41860465116279;42,48837209302326;14,0;11,4295225
2023-03-21 12:00:00;1,0;40,83720930232558;48,02325581395349;13,898;11,00277
2023-03-21 13:00:00;0,9302325581395349;41,58139534883721;46,93023255813954;8,039;9,864084
2023-03-21 14:00:00;0,6976744186046512;45,25581395348837;40,348837209302324;10,135;11,159725
2023-03-21 15:00:00;0,9761904761904762;45,73809523809524;38,73809523809524;17,83;11,3442745
2023-03-21 16:00:00;1,7674418604651163;37,651162790697676;50,093023255813954;7,932;9,184473
2023-03-21 18:00:00;2,1538461538461537;31,82051282051282;67,35897435897436;0,0;7,7624955
2023-03-21 19:00:00;3,6363636363636362;31,0;70,54545454545455;0,169;7,8436728
2023-03-21 20:00:00;3,6904761904761907;31,0;71,76190476190476;9,983;7,881726
2023-03-21 21:00:00;4,348837209302325;31,0;70,79069767441861;9,101;7,8436728
2023-03-21 22:00:00;1,7727272727272727;31,0;72,54545454545455;14,932;7,971497
2023-03-21 23:00:00;2,0;31,0;72,06976744186046;11,0;7,9225354
2023-03-22 02:00:00;4,5813953488372094;30,0;71,34883720930233;5,966;8,00333
2023-03-22 03:00:00;4,9523809523809526;30,0;72,66666666666667;4,016;8,1803255
2023-03-22 04:00:00;4,214285714285714;29,404761904761905;72,73809523809524;5,152;8,235948
2023-03-22 05:00:00;4,348837209302325;29,0;72,76744186046511;13,949;8,405454
2023-03-22 06:00:00;2,9069767441860463;31,302325581395348;69,81395348837209;10,949;7,7624955
2023-03-22 07:00:00;1,3255813953488371;37,97674418604651;58,348837209302324;8,135;10,761549
2023-03-22 08:00:00;1,0;41,44827586206897;50,10344827586207;15,928;10,94163
2023-03-22 09:00:00;1,8181818181818181;39,54545454545455;50,70454545454545;12,118;10,909787
2023-03-22 10:00:00;2,372093023255814;38,0;53,30232558139535;18,949;11,205863
2023-03-22 11:00:00;2,0;38,0;54,45238095238095;16,016;11,162009
2023-03-22 12:00:00;3,441860465116279;37,883720930232556;55,604651162790695;17,05;10,885146
2023-03-22 13:00:00;1,6428571428571428;40,23809523809524;50,857142857142854;19,864;11,040046
2023-03-22 14:00:00;1,558139534883721;42,58139534883721;47,13953488372093;12,0;10,37479
2023-03-22 15:00:00;0,9047619047619048;41,095238095238095;47,857142857142854;11,881;10,658417
2023-03-22 16:00:00;1,1666666666666667;34,642857142857146;60,69047619047619;4,949;7,6316004
2023-03-22 17:00:00;1,4523809523809523;30,976190476190474;71,57142857142857;2,067;7,7945013
2023-03-22 18:00:00;1,8372093023255813;30,0;73,16279069767442;6,05;8,131152
2023-03-22 19:00:00;2,604651162790698;30,0;74,55813953488372;9,05;8,27116
2023-03-22 20:00:00;2,15;30,075;75,325;12,016;8,27116
2023-03-22 21:00:00;1,3255813953488371;30,023255813953487;74,95348837209302;12,983;8,27116
2023-03-22 22:00:00;1,7692307692307692;29,641025641025642;76,8974358974359;11,966;8,412658
2023-03-22 23:00:00;1,625;29,0;77,65;9,982;8,582164
2023-03-23 00:00:00;1,675;29,0;78,2;8,983;8,870706
2023-03-23 01:00:00;1,131578947368421;29,0;79,28947368421052;8,05;8,961377
2023-03-23 02:00:00;1,069767441860465;28,790697674418606;80,53488372093024;11,0;8,961377
2023-03-23 03:00:00;0,9333333333333333;28,0;82,11111111111111;11,033;8,795498
2023-03-23 04:00:00;1,0;28,0;83,4390243902439;13,016;8,223349
2023-03-23 05:00:00;1,0975609756097562;27,951219512195124;83,78048780487805;14,033;8,223349
2023-03-23 06:00:00;1,0731707317073171;28,975609756097562;79,39024390243902;16,016;8,961377
2023-03-23 07:00:00;0,8604651162790697;34,69767441860465;66,74418604651163;17,033;7,999328
2023-03-23 08:00:00;1,048780487804878;38,390243902439025;57,26829268292683;18,864;10,867905
2023-03-23 09:00:00;1,2093023255813953;37,81395348837209;54,86046511627907;11,101;10,365614
2023-03-23 10:00:00;1,558139534883721;38,46511627906977;54,16279069767442;16,983;10,880278
2023-03-23 11:00:00;1,5;37,29545454545455;54,93181818181818;15,915;8,644166
2023-03-23 12:00:00;2,1904761904761907;36,833333333333336;55,95238095238095;11,135;7,3646145
2023-03-23 13:00:00;1,8571428571428572;38,19047619047619;55,26190476190476;19,033;10,942329
2023-03-23 14:00:00;1,1162790697674418;39,74418604651163;51,86046511627907;20,932;10,938852
2023-03-23 15:00:00;1,1818181818181819;39,34090909090909;51,88636363636363;16,779;11,203952
2023-03-23 16:00:00;2,4186046511627906;34,372093023255815;60,604651162790695;4,05;7,6316004
2023-03-23 17:00:00;2,275;30,8;69,65;7,135;7,83535
2023-03-23 19:00:00;2,097560975609756;30,0;71,95121951219512;10,033;8,082191
2023-03-23 20:00:00;1,8604651162790697;29,953488372093023;72,13953488372093;12,033;8,186776
2023-03-23 21:00:00;1,2162162162162162;29,027027027027028;74,24324324324324;14,016;8,49629
2023-03-23 22:00:00;1,6578947368421053;29,0;73,8157894736842;14,983;8,44859
2023-03-23 23:00:00;1,5675675675675675;29,0;75,08108108108108;14,0;8,49629
2023-03-24 00:00:00;2,2195121951219514;28,634146341463413;76,8048780487805;13,965;8,582164
2023-03-24 01:00:00;2,3488372093023258;28,0;77,79069767441861;12,033;8,805961
2023-03-24 03:00:00;2,744186046511628;27,0;78,20930232558139;8,034;8,870706
2023-03-24 04:00:00;3,395348837209302;27,0;78,72093023255815;10,016;8,919877
2023-03-24 05:00:00;4,976190476190476;26,333333333333332;80,52380952380952;11,034;9,010549
2023-03-24 07:00:00;0,7857142857142857;33,785714285714285;62,07142857142857;8,949;8,262779
2023-03-24 08:00:00;0,6341463414634146;36,97560975609756;52,80487804878049;6,0;8,344519
2023-03-24 09:00:00;0,15555555555555556;39,48888888888889;49,77777777777778;6,293;10,57381
2023-03-24 10:00:00;0,3953488372093023;39,30232558139535;49,74418604651163;22,982;11,480139
2023-03-24 11:00:00;0,5348837209302325;39,04651162790697;50,81395348837209;21,948;11,650738
2023-03-24 12:00:00;0,5777777777777777;37,84444444444444;50,644444444444446;18,827;11,755801
2023-03-24 13:00:00;0,38095238095238093;39,976190476190474;46,42857142857143;8,913;9,219204
2023-03-24 14:00:00;0,11627906976744186;41,395348837209305;43,906976744186046;3,948;9,241305
2023-03-24 15:00:00;0,0;40,833333333333336;43,714285714285715;1,051;9,241305
2023-03-24 16:00:00;0,2619047619047619;34,92857142857143;55,833333333333336;4,172;7,944576
2023-03-24 17:00:00;0,4883720930232558;31,162790697674417;66,18604651162791;14,017;9,183651
2023-03-24 18:00:00;0,42857142857142855;30,0;68,78571428571429;14,862;9,343308
2023-03-24 19:00:00;0,2682926829268293;30,0;71,8048780487805;7,017;9,025271
2023-03-24 20:00:00;0,7906976744186046;29,325581395348838;73,76744186046511;8,12;8,761412
2023-03-24 21:00:00;0,6444444444444445;29,0;75,06666666666666;14,896;9,885441
2023-03-24 22:00:00;0,46511627906976744;29,0;75,13953488372093;9,0;9,885441
2023-03-24 23:00:00;0,375;29,0;76,075;9,0;9,78277
2023-03-25 00:00:00;0,813953488372093;28,11627906976744;76,44186046511628;9,034;8,893348
2023-03-25 01:00:00;0,4883720930232558;28,0;78,81395348837209;11,051;10,227563
2023-03-25 02:00:00;0,36585365853658536;27,024390243902438;79,58536585365853;13,948;10,215565
2023-03-25 03:00:00;0,8837209302325582;27,0;78,81395348837209;11,034;9,18189
2023-03-25 05:00:00;0,7727272727272727;27,0;76,02272727272727;11,068;9,070926
2023-03-25 07:00:00;0,045454545454545456;33,45454545454545;61,61363636363637;17,034;8,795555
2023-03-25 08:00:00;0,0;37,79545454545455;52,63636363636363;19,017;10,8018465
2023-03-25 09:00:00;0,0;39,79545454545455;48,11363636363637;19,896;10,613136
2023-03-25 10:00:00;0,0;40,707317073170735;44,41463414634146;13,948;9,339127
2023-03-25 11:00:00;0,0;40,55813953488372;45,16279069767442;10,965;9,453125
2023-03-25 12:00:00;0,0;39,45454545454545;49,38636363636363;9,017;10,752992
2023-03-25 13:00:00;0,046511627906976744;39,95348837209303;49,2093023255814;9,948;10,2238655
2023-03-25 14:00:00;0,023809523809523808;41,0;48,166666666666664;6,948;10,392316
2023-03-25 15:00:00;0,0;40,80952380952381;47,38095238095238;4,12;9,355304
2023-03-25 16:00:00;0,37209302325581395;35,41860465116279;55,55813953488372;10,982;8,197994
2023-03-25 17:00:00;0,6590909090909091;31,15909090909091;67,97727272727273;9,982;9,183651
2023-03-25 18:00:00;0,6829268292682927;30,073170731707318;71,58536585365853;8,982;9,343308
2023-03-25 19:00:00;0,5238095238095238;30,0;73,35714285714286;8,034;9,520305
2023-03-25 20:00:00;0,5952380952380952;30,0;73,19047619047619;9,982;9,520305
2023-03-25 21:00:00;0,8571428571428571;30,0;73,35714285714286;9,017;8,442337
2023-03-25 22:00:00;1,069767441860465;29,58139534883721;74,65116279069767;10,034;8,326783
2023-03-25 23:00:00;0,9047619047619048;29,0;75,5;11,949;8,447878
2023-03-26 00:00:00;0,8837209302325582;29,0;77,04651162790698;8,948;8,893348
2023-03-26 01:00:00;1,0465116279069768;28,88372093023256;78,62790697674419;6,017;8,870706
2023-03-26 02:00:00;0,9523809523809523;28,0;80,07142857142857;7,034;8,843625
2023-03-26 03:00:00;1,3902439024390243;28,0;81,09756097560975;9,017;8,961377
2023-03-26 04:00:00;1,6046511627906976;28,0;80,32558139534883;10,0;8,961377
2023-03-26 06:00:00;1,619047619047619;27,80952380952381;76,88095238095238;6,137;8,582164
2023-03-26 08:00:00;0,14634146341463414;38,41463414634146;52,48780487804878;16,12;10,961337
2023-03-26 09:00:00;0,0;40,41860465116279;48,7906976744186;22,879;10,490137
2023-03-26 10:00:00;0,022727272727272728;40,79545454545455;46,25;15,862;9,453125
2023-03-26 11:00:00;0,06976744186046512;40,906976744186046;44,41860465116279;8,0;9,241305
2023-03-26 12:00:00;0,11904761904761904;39,333333333333336;50,285714285714285;8,017;10,752992
2023-03-26 13:00:00;0,023255813953488372;38,55813953488372;52,46511627906977;9,103;10,749919
2023-03-26 14:00:00;0,023255813953488372;41,0;48,48837209302326;14,862;10,392316
2023-03-26 15:00:00;0,045454545454545456;39,61363636363637;49,68181818181818;6,913;10,487892
2023-03-26 16:00:00;0,14634146341463414;34,90243902439025;59,63414634146341;1,982;8,121625
2023-03-26 17:00:00;0,9047619047619048;31,142857142857142;71,28571428571429;1,017;7,746089
2023-03-26 18:00:00;1,3488372093023255;30,0;75,51162790697674;2,086;8,27116
2023-03-26 19:00:00;1,1627906976744187;30,0;77,55813953488372;7,0;8,357035
2023-03-26 20:00:00;1,2380952380952381;30,0;76,30952380952381;6,982;8,357035
2023-03-26 21:00:00;1,3953488372093024;30,0;76,55813953488372;6,0;8,357035
2023-03-26 22:00:00;2,372093023255814;29,86046511627907;77,04651162790698;6,0;8,412658
2023-03-26 23:00:00;2,340909090909091;29,25;77,63636363636364;5,983;8,412658
2023-03-27 00:00:00;2,0697674418604652;29,0;77,55813953488372;5,0;8,582164
2023-03-27 01:00:00;1,880952380952381;29,0;77,52380952380952;5,103;8,582164
2023-03-27 03:00:00;2,0;29,0;77,38095238095238;7,034;8,582164
2023-03-27 04:00:00;1,558139534883721;29,0;76,88372093023256;8,965;8,582164
2023-03-27 05:00:00;0,8048780487804879;29,0;76,04878048780488;6,965;8,807473
2023-03-27 06:00:00;1,0227272727272727;29,477272727272727;74,04545454545455;5,137;8,279083
2023-03-27 07:00:00;0,6511627906976745;35,395348837209305;59,674418604651166;12,948;8,63234
2023-03-27 08:00:00;0,022222222222222223;39,06666666666667;50,17777777777778;10,051;10,749919
2023-03-27 09:00:00;0,046511627906976744;40,674418604651166;46,325581395348834;12,949;9,453125
2023-03-27 10:00:00;0,09523809523809523;41,214285714285715;44,714285714285715;9,915;9,355304
2023-03-27 11:00:00;1,146341463414634;41,75609756097561;42,90243902439025;5,051;10,0944395
2023-03-27 12:00:00;1,8333333333333333;40,5;45,785714285714285;7,948;9,883169
2023-03-27 13:00:00;1,8571428571428572;39,976190476190474;47,642857142857146;5,017;9,872731
2023-03-27 14:00:00;1,0714285714285714;39,857142857142854;47,54761904761905;6,0;9,901796
2023-03-27 15:00:00;0,38095238095238093;41,57142857142857;43,595238095238095;6,0;9,737405
2023-03-27 16:00:00;0,5454545454545454;36,29545454545455;49,38636363636363;5,983;8,575628
2023-03-27 17:00:00;2,04;32,68;59,2;5,0;7,7059517
2023-03-28 08:00:00;3,3333333333333335;33,142857142857146;67,85714285714286;6,017;7,811667
2023-03-28 09:00:00;3,1627906976744184;35,2093023255814;63,53488372093023;7,086;7,598209
2023-03-28 10:00:00;4,159090909090909;37,13636363636363;59,31818181818182;12,051;8,712648
2023-03-28 11:00:00;4,395348837209302;37,883720930232556;54,83720930232558;14,879;10,885146
2023-03-28 12:00:00;5,404761904761905;38,30952380952381;52,642857142857146;8,103;11,312343
2023-03-28 13:00:00;5,022222222222222;37,37777777777778;52,644444444444446;14,129;9,014177
2023-03-28 14:00:00;5,85;39,225;48,9;20,879;11,349303
2023-03-28 15:00:00;6,357142857142857;37,26190476190476;51,07142857142857;13,948;9,014177
2023-03-28 16:00:00;3,45;33,175;58,4;11,0;7,6877575
2023-03-28 17:00:00;3,8333333333333335;29,595238095238095;68,80952380952381;11,103;8,058951
2023-03-28 18:00:00;4,813953488372093;29,0;69,13953488372093;17,0;8,228457
2023-03-28 19:00:00;4,558139534883721;28,953488372093023;72,3953488372093;17,017;8,405454
2023-03-28 20:00:00;5,325581395348837;29,0;75,02325581395348;17,965;8,545462
2023-03-28 21:00:00;4,1395348837209305;29,0;74,44186046511628;15,982;8,545462
2023-03-28 22:00:00;3,2954545454545454;29,0;74,95454545454545;14,948;8,545462
2023-03-28 23:00:00;3,380952380952381;29,0;75,5;12,0;8,545462
2023-03-29 00:00:00;3,880952380952381;29,0;76,11904761904762;12,189;8,577755
2023-03-29 01:00:00;3,738095238095238;28,19047619047619;76,83333333333333;22,706;8,631336
2023-03-29 02:00:00;4,386363636363637;28,318181818181817;77,02272727272727;6,241;8,631336
2023-03-29 03:00:00;4,261904761904762;29,0;76,45238095238095;20,034;8,631336
2023-03-29 04:00:00;5,024390243902439;28,536585365853657;76,34146341463415;21,793;8,631336
2023-03-29 05:00:00;5,0476190476190474;28,0;77,28571428571429;10,155;8,631336
2023-03-29 06:00:00;5,571428571428571;28,571428571428573;76,97619047619048;18,81;8,631336
2023-03-29 07:00:00;2,813953488372093;34,41860465116279;64,79069767441861;8,137;7,688144
2023-03-29 08:00:00;4,340909090909091;38,06818181818182;54,36363636363637;16,018;11,140868
2023-03-29 09:00:00;6,190476190476191;37,523809523809526;54,07142857142857;16,964;9,062172
2023-03-29 10:00:00;6,093023255813954;38,16279069767442;52,51162790697674;14,931;11,312343
2023-03-29 11:00:00;5,116279069767442;37,906976744186046;52,06976744186046;11,12;11,205987
2023-03-29 12:00:00;5,911111111111111;38,13333333333333;51,51111111111111;18,034;11,312343
2023-03-29 13:00:00;4,024390243902439;39,31707317073171;50,292682926829265;19,982;11,224059
2023-03-29 14:00:00;2,054054054054054;40,7027027027027;47,513513513513516;18,913;10,387877
2023-03-29 15:00:00;1,3953488372093024;40,13953488372093;47,95348837209303;14,017;10,800071
2023-03-29 16:00:00;1,9090909090909092;35,09090909090909;57,72727272727273;14,913;7,4742985
2023-03-29 17:00:00;2,86046511627907;30,976744186046513;68,30232558139535;10,0;7,7945013
2023-03-29 18:00:00;3,6904761904761907;30,023809523809526;71,73809523809524;10,137;8,041383
2023-03-29 19:00:00;3,341463414634146;30,0;71,97560975609755;17,948;8,131363
2023-03-29 20:00:00;2,977272727272727;29,818181818181817;72,8409090909091;15,0;8,186776
2023-03-29 21:00:00;3,8095238095238093;29,976190476190474;72,78571428571429;14,81;8,235948
2023-03-29 22:00:00;2,8292682926829267;29,78048780487805;73,09756097560975;4,034;8,186776
2023-03-29 23:00:00;2,8372093023255816;29,0;74,62790697674419;6,016;8,49629
2023-03-30 00:00:00;2,6818181818181817;28,818181818181817;76,11363636363636;7,086;8,49629
2023-03-30 02:00:00;2,116279069767442;28,0;75,86046511627907;9,189;8,49629
2023-03-30 03:00:00;2,0;27,72093023255814;77,3953488372093;19,689;8,582164
2023-03-30 04:00:00;2,311111111111111;27,0;79,84444444444445;2,224;8,961377
2023-03-30 05:00:00;2,6744186046511627;27,0;79,97674418604652;14,827;8,961377
2023-03-30 06:00:00;2,4186046511627906;27,674418604651162;75,02325581395348;5,155;8,49629
2023-03-30 07:00:00;1,7209302325581395;32,48837209302326;63,51162790697674;13,896;7,7624955
2023-03-30 08:00:00;1,0;37,25;51,40909090909091;8,0;8,910756
2023-03-30 09:00:00;2,0;38,81578947368421;44,60526315789474;8,034;9,679672
2023-03-30 10:00:00;2,697674418604651;40,81395348837209;38,97674418604651;10,189;11,182865
2023-03-30 11:00:00;3,0;42,0;33,58139534883721;20,931;11,527199
2023-03-30 12:00:00;4,2272727272727275;42,18181818181818;34,93181818181818;16,879;11,57637
2023-03-30 13:00:00;5,595238095238095;41,38095238095238;41,476190476190474;9,965;11,333691
2023-03-30 14:00:00;4,146341463414634;41,829268292682926;41,65853658536585;8,034;11,57637
2023-03-30 15:00:00;3,5348837209302326;41,116279069767444;43,23255813953488;9,965;9,963794
2023-03-30 16:00:00;2,9767441860465116;35,651162790697676;53,83720930232558;7,965;7,3646145
2023-03-30 17:00:00;1,744186046511628;31,3953488372093;64,69767441860465;5,948;7,7624955
2023-03-30 18:00:00;1,7674418604651163;30,0;68,69767441860465;3,051;7,954158
2023-03-30 19:00:00;1,75;30,0;69,27272727272727;6,051;7,954158
2023-03-30 20:00:00;1,9767441860465116;29,46511627906977;70,13953488372093;9,017;8,009781
2023-03-30 21:00:00;1,9318181818181819;29,0;72,18181818181819;10,017;8,356282
2023-03-30 22:00:00;1,5813953488372092;29,0;73,4186046511628;10,982;8,356282
2023-03-30 23:00:00;1,7272727272727273;29,0;73,86363636363636;9,966;8,44859
2023-03-31 00:00:00;1,7209302325581395;28,53488372093023;75,27906976744185;7,965;8,49629
2023-03-31 01:00:00;2,6818181818181817;28,0;74,70454545454545;6,017;8,49629
2023-03-31 02:00:00;3,2142857142857144;28,0;76,0952380952381;7,206;8,49629
2023-03-31 03:00:00;3,2325581395348837;27,488372093023255;76,67441860465117;18,689;8,582164
2023-03-31 04:00:00;3,2045454545454546;27,0;76,31818181818181;1,241;8,582164
2023-03-31 05:00:00;2,022727272727273;27,0;76,97727272727273;14,948;8,582164
2023-03-31 06:00:00;1,9069767441860466;28,11627906976744;76,65116279069767;11,948;8,582164
2023-03-31 07:00:00;1,3555555555555556;32,333333333333336;66,57777777777778;8,931;7,7624955
2023-03-31 08:00:00;2,558139534883721;37,18604651162791;52,93023255813954;5,086;8,6796465
2023-03-31 09:00:00;2,4318181818181817;39,72727272727273;43,86363636363637;10,103;9,537707
2023-03-31 10:00:00;2,7674418604651163;39,76744186046512;42,44186046511628;16,017;10,907604
2023-03-31 11:00:00;3,659090909090909;41,95454545454545;37,59090909090909;16,948;11,57637
2023-03-31 12:00:00;3,813953488372093;42,86046511627907;36,604651162790695;13,931;11,57637
2023-03-31 13:00:00;4,27906976744186;41,51162790697674;43,2093023255814;9,965;10,027898
2023-03-31 14:00:00;3,883720930232558;41,44186046511628;45,55813953488372;8,034;10,141896
2023-03-31 15:00:00;3,6511627906976742;41,372093023255815;44,86046511627907;9,948;10,077792
2023-03-31 16:00:00;3,2325581395348837;36,53488372093023;49,95348837209303;6,948;7,536088
2023-03-31 17:00:00;2,86046511627907;31,488372093023255;61,674418604651166;4,0;7,7624955
2023-03-31 18:00:00;2,840909090909091;30,886363636363637;64,38636363636364;4,034;7,83535
2023-03-31 19:00:00;3,4545454545454546;30,0;66,5;6,017;8,00333
2023-03-31 20:00:00;2,7209302325581395;30,0;67,72093023255815;7,051;7,954158
2023-03-31 21:00:00;2,7209302325581395;30,0;68,25581395348837;10,0;7,954158
2023-04-04 09:00:00;2,5;33,0;59,73809523809524;20,593;7,7059517
2023-04-04 10:00:00;1,8372093023255813;33,46511627906977;58,81395348837209;9,338;7,638585
2023-04-04 11:00:00;1,25;33,72727272727273;58,79545454545455;8,745;7,564234
2023-04-04 13:00:00;1,5777777777777777;35,888888888888886;53,44444444444444;8,762;7,3646145
2023-04-04 14:00:00;1,8636363636363635;37,02272727272727;50,77272727272727;8,118;7,536088
2023-04-04 15:00:00;1,9767441860465116;32,651162790697676;58,81395348837209;7,881;7,638585
2023-04-04 16:00:00;2,558139534883721;30,74418604651163;62,53488372093023;7,05;7,83535
2023-04-04 17:00:00;3,627906976744186;29,27906976744186;64,67441860465117;10,237;8,058951
2023-04-04 19:00:00;3,3902439024390243;28,24390243902439;70,95121951219512;15,779;8,228457
2023-04-04 20:00:00;3,6136363636363638;27,227272727272727;74,31818181818181;19,066;8,545462
2023-04-04 22:00:00;3,2439024390243905;27,121951219512194;78,21951219512195;6,965;8,870706
2023-04-04 23:00:00;2,977777777777778;27,977777777777778;77,71111111111111;5,101;8,582164
2023-04-05 00:00:00;3,0232558139534884;27,930232558139537;77,74418604651163;11,103;8,729796
2023-04-05 01:00:00;4,3023255813953485;27,069767441860463;78,48837209302326;16,931;8,919877
2023-04-05 02:00:00;4,804878048780488;27,0;79,8048780487805;12,965;9,010549
2023-04-05 03:00:00;4,948717948717949;26,692307692307693;80,97435897435898;11,0;9,010549
2023-04-05 04:00:00;0,9767441860465116;25,441860465116278;87,86046511627907;10,982;8,367992
2023-04-05 05:00:00;1,1666666666666667;25,38095238095238;91,83333333333333;9,948;7,2802854
2023-04-05 06:00:00;1,4651162790697674;26,27906976744186;89,53488372093024;7,034;7,395878
2023-04-05 07:00:00;1,8372093023255813;27,372093023255815;85,97674418604652;9,103;7,5103793
2023-04-05 08:00:00;1,075;31,375;76,6;14,896;8,165372
2023-04-05 09:00:00;0,9285714285714286;33,833333333333336;67,95238095238095;9,017;7,639732
2023-04-05 10:00:00;1,0303030303030303;31,151515151515152;79,0;9,982;8,485919
2023-04-05 11:00:00;1,4;30,875;95,0;8,982;7,0184946
2023-04-05 12:00:00;2,697674418604651;34,27906976744186;90,13953488372093;8,0;6,27215
2023-04-05 13:00:00;2,4651162790697674;37,27906976744186;77,65116279069767;8,086;9,124007
2023-04-05 14:00:00;2,4285714285714284;39,80952380952381;64,73809523809524;12,931;10,588946
2023-04-05 15:00:00;2,5476190476190474;37,357142857142854;63,0;8,982;8,765901
2023-04-05 16:00:00;2,375;30,85;75,45;8,034;8,152352
2023-04-05 17:00:00;1,205128205128205;29,0;83,46153846153847;10,0;8,223349
2023-04-05 18:00:00;0,8372093023255814;29,0;86,32558139534883;10,034;8,686262
2023-04-05 19:00:00;0,9736842105263158;28,86842105263158;88,23684210526316;11,931;8,375078
2023-04-05 20:00:00;0,8918918918918919;28,513513513513512;89,83783783783784;8,103;7,7860403
2023-04-05 21:00:00;1,3255813953488371;27,953488372093023;92,6046511627907;13,948;7,632177
2023-04-05 22:00:00;1,5681818181818181;27,0;94,95454545454545;6,0;6,6597896
2023-04-05 23:00:00;1,619047619047619;27,0;95,0;6,086;6,4977336
2023-04-06 00:00:00;1,2619047619047619;27,0;95,0;10,916;7,3624325
2023-04-06 01:00:00;1,1395348837209303;27,0;95,0;5,95;7,3624325
2023-04-06 02:00:00;1,186046511627907;27,0;95,0;3,2;7,3624325
2023-04-06 03:00:00;1,7209302325581395;27,0;95,0;14,915;6,4977336
2023-04-06 04:00:00;2,590909090909091;27,0;95,0;9,966;6,3996515
2023-04-06 05:00:00;1,930232558139535;27,0;95,0;8,016;6,4977336
2023-04-06 06:00:00;1,75;27,0;95,0;9,016;6,4977336
2023-04-06 07:00:00;2,046511627906977;28,023255813953487;94,97674418604652;10,0;6,4977336
2023-04-06 08:00:00;2,1627906976744184;29,488372093023255;93,93023255813954;9,95;6,5530195
2023-04-06 09:00:00;2,590909090909091;31,59090909090909;87,45454545454545;7,016;6,9955053
2023-04-06 10:00:00;2,5121951219512195;35,829268292682926;70,70731707317073;7,983;7,598209
2023-04-06 11:00:00;1,75;36,18181818181818;63,29545454545455;6,95;7,598209
2023-04-06 12:00:00;1,7380952380952381;35,26190476190476;63,095238095238095;3,949;7,598209
2023-04-06 13:00:00;2,4523809523809526;37,76190476190476;56,69047619047619;1,016;8,863633
2023-04-06 14:00:00;2,8372093023255816;40,906976744186046;50,76744186046512;2,067;10,940389
2023-04-06 15:00:00;2,86046511627907;34,83720930232558;59,093023255813954;6,0;7,541665
2023-04-06 16:00:00;2,3181818181818183;32,59090909090909;64,93181818181819;5,983;7,7624955
2023-04-06 17:00:00;2,272727272727273;29,363636363636363;72,75;5,0;8,186776
2023-04-06 18:00:00;2,3255813953488373;29,0;75,88372093023256;5,05;8,49629
2023-04-06 19:00:00;2,883720930232558;28,25581395348837;77,04651162790698;7,949;8,582164
2023-04-06 20:00:00;3,0;28,0;79,0952380952381;5,152;8,870706
2023-04-06 21:00:00;2,697674418604651;28,0;80,86046511627907;13,965;8,961377
2023-04-12 22:00:00;1,829268292682927;28,024390243902438;70,41463414634147;4,033;8,179287
2023-04-12 23:00:00;2,2045454545454546;28,0;72,04545454545455;5,933;8,307321
2023-04-13 00:00:00;4,071428571428571;28,0;72,42857142857143;4,1;8,405454
2023-04-13 01:00:00;3,1627906976744184;28,0;72,76744186046511;6,933;8,356282
2023-04-13 02:00:00;3,4523809523809526;27,857142857142858;73,33333333333333;4,966;8,405454
2023-04-13 03:00:00;2,13953488372093;27,0;73,86046511627907;3,933;8,44859
2023-04-13 04:00:00;2,395348837209302;27,0;74,32558139534883;2,066;8,49629
2023-04-13 05:00:00;3,6818181818181817;27,0;74,04545454545455;4,133;8,497762
2023-04-13 06:00:00;3,9302325581395348;27,558139534883722;74,02325581395348;7,966;8,497762
2023-04-13 07:00:00;4,627906976744186;31,72093023255814;69,72093023255815;7,033;7,811667
2023-04-13 08:00:00;5,0;38,45238095238095;57,26190476190476;8,033;10,780084
2023-04-13 09:00:00;3,6097560975609757;39,24390243902439;53,65853658536585;8,966;11,052585
2023-04-13 10:00:00;4,261904761904762;38,5;53,714285714285715;7,933;10,92945
2023-04-13 11:00:00;4,372093023255814;38,16279069767442;52,83720930232558;5,933;11,184722
2023-04-13 12:00:00;4,790697674418604;38,93023255813954;51,95348837209303;3,966;11,1009245
2023-04-13 13:00:00;5,372093023255814;39,16279069767442;50,651162790697676;3,2;11,1009245
2023-04-13 14:00:00;3,619047619047619;40,45238095238095;49,38095238095238;8,966;10,985727
2023-04-13 15:00:00;3,9069767441860463;36,74418604651163;54,95348837209303;7,9;7,413786
2023-04-13 16:00:00;4,595238095238095;36,04761904761905;57,54761904761905;4,833;7,413786
2023-04-13 17:00:00;3,9523809523809526;31,595238095238095;67,97619047619048;0,166;7,811667
2023-04-13 18:00:00;3,0238095238095237;30,047619047619047;71,16666666666667;5,1;7,954158
2023-04-13 19:00:00;2,725;29,975;73,325;8,266;8,186776
2023-04-13 20:00:00;2,5348837209302326;29,6046511627907;76,67441860465117;15,766;8,412658
2023-04-13 21:00:00;3,2325581395348837;29,441860465116278;78,32558139534883;9,0;8,701199
2023-04-13 22:00:00;3,5238095238095237;29,285714285714285;78,69047619047619;8,949;8,750371
2023-04-13 23:00:00;3,0232558139534884;29,0;80,0;5,9;8,961377
2023-04-14 00:00:00;2,813953488372093;28,976744186046513;81,27906976744185;2,966;8,961377
2023-04-14 01:00:00;3,604651162790698;28,11627906976744;82,65116279069767;1,933;7,260569
2023-04-14 02:00:00;2,953488372093023;28,0;83,55813953488372;0,166;7,260569
2023-04-14 03:00:00;3,7674418604651163;28,0;84,4186046511628;4,933;7,4122972
2023-04-14 04:00:00;3,707317073170732;28,0;83,46341463414635;2,866;7,260569
2023-04-14 06:00:00;3,7560975609756095;28,634146341463413;82,90243902439025;0,1;7,260569
2023-04-14 07:00:00;4,119047619047619;31,285714285714285;77,30952380952381;3,033;8,214544
2023-04-14 08:00:00;3,6744186046511627;34,83720930232558;68,34883720930233;4,033;7,6473804
2023-04-14 09:00:00;4,090909090909091;37,88636363636363;63,0;5,0;10,885146
2023-04-14 10:00:00;4,0;40,833333333333336;54,476190476190474;5,0;10,567065
2023-04-14 11:00:00;4,465116279069767;41,51162790697674;49,06976744186046;5,4;11,053664
2023-04-14 12:00:00;3,8372093023255816;39,46511627906977;51,55813953488372;16,7;11,224059
2023-04-14 13:00:00;4,930232558139535;39,97674418604651;50,06976744186046;8,0;10,694933
2023-04-14 14:00:00;3,5813953488372094;40,02325581395349;51,651162790697676;8,067;10,694933
2023-04-14 15:00:00;3,1818181818181817;40,56818181818182;50,77272727272727;12,016;10,936556
2023-04-14 16:00:00;4,108108108108108;38,189189189189186;54,0;13,0;11,140868
2023-04-14 17:00:00;0,8918918918918919;31,18918918918919;71,29729729729729;12,949;7,8544664
2023-04-14 18:00:00;0,8372093023255814;30,46511627906977;75,02325581395348;9,983;8,463536
2023-04-14 19:00:00;1,391304347826087;30,0;78,97826086956522;9,016;8,6455765
2023-04-14 20:00:00;1,4883720930232558;30,0;76,72093023255815;9,949;8,357035
2023-04-14 21:00:00;0,6904761904761905;30,0;75,16666666666667;7,0;9,065337
2023-04-14 22:00:00;0,8604651162790697;29,348837209302324;79,37209302325581;7,05;9,103054
2023-04-15 00:00:00;1,8604651162790697;25,74418604651163;95,0;4,949;6,4977336
2023-04-15 01:00:00;1,7209302325581395;25,0;95,0;2,05;6,1214533
2023-04-15 02:00:00;1,6363636363636365;25,0;95,0;5,0;6,1214533
2023-04-15 03:00:00;2,340909090909091;25,90909090909091;95,0;4,933;6,3996515
2023-04-15 04:00:00;2,395348837209302;26,0;95,0;1,084;6,3996515
2023-04-15 05:00:00;2,0930232558139537;26,0;95,0;5,983;6,4977336
2023-04-15 06:00:00;1,9772727272727273;26,545454545454547;94,97727272727273;4,966;6,4977336
2023-04-15 07:00:00;2,0238095238095237;28,285714285714285;94,38095238095238;3,067;6,6075945
2023-04-15 08:00:00;1,0930232558139534;30,232558139534884;85,86046511627907;6,983;8,03114
2023-04-15 09:00:00;1,0;35,45454545454545;75,18181818181819;6,0;7,9152126
2023-04-15 10:00:00;1,4090909090909092;39,97727272727273;61,31818181818182;5,983;10,250495
2023-04-15 11:00:00;0,8863636363636364;40,61363636363637;54,20454545454545;5,016;10,254375
2023-04-15 12:00:00;0,9767441860465116;39,58139534883721;55,93023255813954;6,0;10,39446
2023-04-15 13:00:00;1,0731707317073171;38,926829268292686;56,170731707317074;6,05;10,6564865
2023-04-15 14:00:00;1,2045454545454546;40,81818181818182;51,09090909090909;8,949;10,775872
2023-04-15 15:00:00;1,6046511627906976;34,116279069767444;59,93023255813954;5,983;7,6316004
2023-04-15 16:00:00;1,2222222222222223;31,2;69,86666666666666;5,017;7,7624955
2023-04-15 17:00:00;2,0476190476190474;29,261904761904763;73,28571428571429;5,983;8,186776
2023-04-15 18:00:00;2,6744186046511627;29,0;75,97674418604652;5,033;8,49629
2023-04-15 19:00:00;2,697674418604651;29,0;78,34883720930233;7,066;8,870706
2023-04-15 20:00:00;2,8095238095238093;26,976190476190474;89,66666666666667;8,9;6,7632937
2023-04-15 21:00:00;3,4523809523809526;26,023809523809526;95,0;5,933;6,3360114
2023-04-15 22:00:00;2,9545454545454546;26,75;95,0;4,0;6,3360114
2023-04-15 23:00:00;3,3255813953488373;25,837209302325583;95,0;4,0;6,3360114
2023-04-16 00:00:00;3,488888888888889;24,644444444444446;95,0;3,95;6,055694
2023-04-16 01:00:00;1,6590909090909092;24,886363636363637;94,97727272727273;0,966;6,1214533
2023-04-16 03:00:00;3,0952380952380953;25,0;94,80952380952381;2,033;6,069592
2023-04-16 04:00:00;1,813953488372093;25,0;94,06976744186046;3,966;6,3462462
2023-04-16 05:00:00;2,022222222222222;25,0;92,15555555555555;1,966;6,3911977
2023-04-16 06:00:00;1,9523809523809523;25,428571428571427;89,23809523809524;0,066;6,5094843
2023-04-16 07:00:00;1,4090909090909092;28,0;80,75;4,016;8,961377
2023-04-16 08:00:00;1,0227272727272727;32,93181818181818;67,29545454545455;4,983;7,7624955
2023-04-16 09:00:00;0,8636363636363636;34,5;61,25;4,016;7,862012
2023-04-16 10:00:00;0,7272727272727273;35,68181818181818;56,86363636363637;4,966;7,7056904
2023-04-16 11:00:00;0,9318181818181818;36,15909090909091;55,38636363636363;2,983;7,2468624
2023-04-16 12:00:00;0,9069767441860465;37,093023255813954;52,395348837209305;2,016;7,5911665
2023-04-16 13:00:00;1,1627906976744187;38,02325581395349;49,348837209302324;3,016;11,292235
2023-04-16 14:00:00;0,9523809523809523;40,19047619047619;45,642857142857146;4,0;9,0723915
2023-04-16 15:00:00;0,7441860465116279;39,76744186046512;43,30232558139535;3,95;9,421656
2023-04-16 16:00:00;0,9285714285714286;36,26190476190476;50,07142857142857;1,016;7,5911665
2023-04-16 17:00:00;1,2954545454545454;29,318181818181817;67,20454545454545;2,066;8,009781
2023-04-16 18:00:00;1,4523809523809523;28,0;71,35714285714286;5,966;8,179287
2023-04-16 19:00:00;1,2325581395348837;27,3953488372093;74,32558139534883;4,016;8,49629
2023-04-16 20:00:00;1,0227272727272727;27,0;73,27272727272727;5,066;8,356282
2023-04-16 21:00:00;1,119047619047619;27,0;72,28571428571429;8,95;8,356282
2023-04-16 22:00:00;1,2444444444444445;27,0;72,22222222222223;6,033;8,356282
2023-04-16 23:00:00;1,0465116279069768;27,0;72,74418604651163;7,983;8,356282
2023-04-17 00:00:00;0,9333333333333333;27,0;73,53333333333333;6,983;8,23853
2023-04-17 01:00:00;0,8048780487804879;27,0;73,6829268292683;5,983;8,667466
2023-04-17 02:00:00;0,9090909090909091;26,863636363636363;73,6590909090909;4,966;8,30787
2023-04-17 03:00:00;0,5476190476190477;26,571428571428573;73,9047619047619;3,016;9,837741
2023-04-17 04:00:00;1,069767441860465;26,0;75,51162790697674;4,016;8,49629
2023-04-17 05:00:00;0,8863636363636364;25,795454545454547;76,95454545454545;4,983;8,749508
2023-04-17 06:00:00;1,0465116279069768;25,976744186046513;78,62790697674419;4,066;8,870706
2023-04-17 07:00:00;1,2093023255813953;29,511627906976745;74,3953488372093;8,016;8,326783
2023-04-17 08:00:00;0,2222222222222222;37,24444444444445;61,84444444444444;8,933;9,427002
2023-04-17 09:00:00;0,19047619047619047;38,11904761904762;54,54761904761905;5,033;10,537005
2023-04-17 10:00:00;0,16279069767441862;38,44186046511628;52,883720930232556;6,95;10,518808
2023-04-17 11:00:00;0,4418604651162791;37,372093023255815;54,25581395348837;3,95;9,621205
2023-04-17 12:00:00;0,5365853658536586;35,609756097560975;56,09756097560975;1,033;8,300665
2023-04-17 13:00:00;0,32558139534883723;36,72093023255814;54,86046511627907;3,033;7,944576
2023-04-17 14:00:00;0,047619047619047616;39,11904761904762;50,92857142857143;5,033;10,749919
2023-04-17 15:00:00;0,022727272727272728;39,59090909090909;49,5;6,966;10,487892
2023-04-17 16:00:00;0,46511627906976744;36,348837209302324;53,116279069767444;5,0;8,344519
2023-04-17 17:00:00;1,0454545454545454;30,25;67,61363636363636;5,066;7,83535
2023-04-17 18:00:00;1,5681818181818181;29,0;69,97727272727273;9,016;8,179287
2023-04-17 19:00:00;0,9534883720930233;29,0;70,46511627906976;9,983;8,061536
2023-04-17 20:00:00;1,25;28,795454545454547;71,20454545454545;9,1;8,179287
2023-04-17 21:00:00;1,069767441860465;28,0;71,6046511627907;14,966;8,21734
2023-04-17 22:00:00;0,9090909090909091;28,0;72,77272727272727;12,9;8,30787
2023-04-17 23:00:00;1,6904761904761905;27,285714285714285;74,61904761904762;6,931;8,49629
2023-04-18 00:00:00;1,5;27,0;77,71428571428571;2,983;8,582164
2023-04-18 01:00:00;1,1363636363636365;27,0;79,47727272727273;2,066;8,961377
2023-04-18 02:00:00;1,0714285714285714;26,761904761904763;80,64285714285714;6,083;8,961377
2023-04-18 03:00:00;1,2222222222222223;26,0;80,64444444444445;10,916;8,961377
2023-04-18 04:00:00;1,0952380952380953;26,0;81,07142857142857;5,983;8,961377
2023-04-18 05:00:00;1,0930232558139534;26,0;82,3953488372093;5,05;8,553852
2023-04-18 06:00:00;0,9090909090909091;27,181818181818183;80,68181818181819;7,983;8,912965
2023-04-18 07:00:00;0,8333333333333334;29,928571428571427;76,57142857142857;7,066;8,723842
2023-04-18 08:00:00;0,3488372093023256;36,25581395348837;64,16279069767442;10,916;8,72353
2023-04-18 09:00:00;0,4090909090909091;39,75;55,56818181818182;6,15;10,790708
2023-04-18 10:00:00;0,5581395348837209;39,627906976744185;51,23255813953488;14,983;11,388711
2023-04-18 11:00:00;0,4772727272727273;40,86363636363637;48,75;13,9;11,293136
2023-04-18 12:00:00;2,604651162790698;42,13953488372093;44,16279069767442;8,15;10,157302
2023-04-18 13:00:00;2,8333333333333335;43,76190476190476;40,19047619047619;16,883;11,527199
2023-04-18 14:00:00;3,8444444444444446;44,06666666666667;40,666666666666664;10,133;11,57637
2023-04-18 15:00:00;4,404761904761905;42,904761904761905;44,666666666666664;18,0;10,206473
2023-04-18 16:00:00;3,4390243902439024;39,31707317073171;49,73170731707317;17,733;11,224059
2023-04-18 17:00:00;2,3793103448275863;33,6551724137931;61,03448275862069;2,1;7,688144
2023-04-18 18:00:00;1,826086956521739;32,0;68,17391304347827;8,1;7,7624955
2023-04-18 19:00:00;1,92;32,0;68,36;14,0;7,7624955
2023-04-18 20:00:00;1,5384615384615385;31,0;70,88461538461539;13,9;7,7945013
2023-04-18 21:00:00;1,2285714285714286;31,0;71,37142857142857;8,033;7,7945013
2023-04-18 22:00:00;0,9615384615384616;30,76923076923077;73,0;10,016;7,8945937
2023-04-18 23:00:00;0,6785714285714286;30,0;73,42857142857143;10,948;9,520305
2023-04-19 00:00:00;0,8076923076923077;30,0;73,96153846153847;8,016;8,534645
2023-04-19 01:00:00;0,84;29,56;76,68;9,116;8,723842
2023-04-19 02:00:00;0,8846153846153846;29,0;79,73076923076923;15,766;9,272561
2023-04-19 03:00:00;1,0689655172413792;29,0;79,82758620689656;2,066;8,961377
2023-04-19 04:00:00;1,0;29,0;83,43478260869566;6,016;8,223349
2023-04-19 05:00:00;0,9655172413793104;29,0;84,0;6,95;8,159256
2023-04-19 06:00:00;1,1111111111111112;29,25925925925926;82,74074074074075;4,033;8,053843
2023-04-19 07:00:00;1,25;30,285714285714285;80,5;6,166;8,61744
2023-04-19 08:00:00;1,5675675675675675;32,054054054054056;76,56756756756756;15,933;8,165372
2023-04-19 09:00:00;2,0454545454545454;33,52272727272727;72,93181818181819;12,033;7,9394913
2023-04-19 10:00:00;2,3488372093023258;37,16279069767442;67,18604651162791;14,05;8,663476
2023-04-19 11:00:00;4,161290322580645;40,225806451612904;58,516129032258064;16,833;10,664886
2023-04-19 12:00:00;10,714285714285714;40,142857142857146;49,333333333333336;7,083;10,694933
2023-04-19 13:00:00;9,095238095238095;41,904761904761905;45,80952380952381;12,05;10,320472
2023-04-19 14:00:00;9,119047619047619;42,04761904761905;47,666666666666664;14,932;11,188231
2023-04-19 15:00:00;37,644444444444446;41,955555555555556;50,37777777777778;11,033;11,249642
2023-04-19 16:00:00;21,974358974358974;38,717948717948715;55,92307692307692;12,931;10,859481
2023-04-19 17:00:00;56,48571428571429;33,08571428571429;64,0;9,152;8,105713
2023-04-19 18:00:00;20,75;31,916666666666668;67,45833333333333;17,949;7,891064
2023-04-19 19:00:00;31,76;31,04;73,36;14,966;8,207902
2023-04-19 20:00:00;43,19230769230769;29,153846153846153;82,38461538461539;12,915;8,849018
2023-04-19 21:00:00;29,68;29,0;79,96;7,983;9,1977825
2023-04-19 22:00:00;33,096774193548384;27,29032258064516;89,25806451612904;6,966;6,3381805
2023-04-19 23:00:00;16,636363636363637;27,727272727272727;87,15151515151516;5,017;7,4122972
2023-04-20 00:00:00;15,04;27,56;84,72;6,372;7,4122972
2023-04-20 01:00:00;17,04;27,96;81,76;27,644;9,089946
2023-04-20 02:00:00;17,818181818181817;28,0;79,18181818181819;7,0;8,999274
2023-04-20 03:00:00;17,5;28,0;79,23076923076923;7,017;8,999274
2023-04-20 04:00:00;18,083333333333332;28,0;79,91666666666667;8,0;9,089946
2023-04-20 05:00:00;19,26923076923077;28,0;82,26923076923077;8,051;8,904424
2023-04-20 06:00:00;18,45;28,05;81,85;10,948;9,041819
2023-04-20 07:00:00;23,4;30,64;75,4;7,948;8,280921
2023-04-20 08:00:00;20,6;36,325;57,625;5,0;7,493183
2023-04-20 09:00:00;15,511627906976743;36,906976744186046;54,76744186046512;5,017;7,413786
2023-04-20 10:00:00;17,25581395348837;37,604651162790695;53,604651162790695;6,0;9,141568
2023-04-20 11:00:00;17,30952380952381;36,166666666666664;54,857142857142854;5,982;7,493183
2023-04-20 12:00:00;16,86046511627907;35,0;57,883720930232556;5,017;7,523471
2023-04-20 13:00:00;20,0;32,20454545454545;67,56818181818181;6,0;7,891064
2023-04-20 14:00:00;19,69047619047619;30,857142857142858;71,66666666666667;6,137;8,001971
2023-04-20 15:00:00;19,6875;29,86111111111111;73,30555555555556;13,896;8,315344
2023-04-24 08:00:00;23,347826086956523;31,46875;61,875;5,033;7,891064
2023-04-24 09:00:00;10,348837209302326;31,953488372093023;59,83720930232558;7,083;7,755123
2023-04-24 10:00:00;9,744186046511627;33,627906976744185;56,02325581395349;11,933;7,503721
2023-04-24 11:00:00;9,465116279069768;35,30232558139535;50,25581395348837;7,966;7,5852604
2023-04-24 12:00:00;9,5;36,30952380952381;47,785714285714285;5,983;7,710504
2023-04-24 13:00:00;8,272727272727273;36,29545454545455;46,79545454545455;5,016;6,811713
2023-04-24 14:00:00;7,761904761904762;38,23809523809524;43,23809523809524;5,983;9,940263
2023-04-24 15:00:00;9,625;34,0625;51,34375;5,066;7,6751957
2023-04-24 16:00:00;13,023255813953488;30,651162790697676;60,76744186046512;8,95;7,8845215
2023-04-24 17:00:00;10,625;28,208333333333332;69,5;5,966;8,228457
2023-04-24 18:00:00;10,68;27,32;73,6;4,116;8,405454
2023-04-24 19:00:00;10,363636363636363;27,09090909090909;77,77272727272727;11,0;8,855132
2023-04-24 20:00:00;8,655172413793103;26,896551724137932;81,51724137931035;10,95;9,010549
2023-04-24 21:00:00;12,333333333333334;26,40740740740741;83,25925925925925;7,95;7,260569
2023-04-24 22:00:00;7,96875;26,0;88,6875;5,016;7,31689
2023-04-24 23:00:00;7,931034482758621;25,137931034482758;93,34482758620689;6,051;6,437565
2023-04-25 00:00:00;6,84;25,0;94,12;9,016;6,280487
2023-04-25 01:00:00;9,387096774193548;25,0;92,06451612903226;9,949;6,3890786
2023-04-25 02:00:00;8,35;25,0;89,65;6,932;6,4829764
2023-04-25 03:00:00;7,0;24,952380952380953;92,66666666666667;3,067;6,3890786
2023-04-25 04:00:00;8,448275862068966;24,0;95,0;7,0;6,055694
2023-04-25 05:00:00;8,875;24,083333333333332;95,0;6,949;6,055694
2023-04-25 06:00:00;10,071428571428571;25,0;94,85714285714286;3,966;6,165555
2023-04-25 07:00:00;8,625;25,416666666666668;93,625;2,016;6,208913
2023-04-25 08:00:00;8,6;28,966666666666665;79,06666666666666;3,067;8,919877
2023-04-25 09:00:00;7,545454545454546;33,18181818181818;64,45454545454545;7,067;7,811667
2023-04-25 10:00:00;9,818181818181818;33,38636363636363;62,88636363636363;10,966;7,811667
2023-04-25 11:00:00;9,69767441860465;32,30232558139535;67,16279069767442;8,983;7,811667
2023-04-25 12:00:00;9,69767441860465;34,7906976744186;57,7906976744186;8,017;7,613406
2023-04-25 13:00:00;9,511111111111111;34,0;59,355555555555554;9,0;7,680772
2023-04-25 14:00:00;8,55813953488372;35,95348837209303;56,116279069767444;9,017;7,413786
2023-04-25 15:00:00;7,904761904761905;37,833333333333336;51,476190476190474;9,965;10,810053
2023-04-25 16:00:00;12,022222222222222;32,55555555555556;63,37777777777778;8,051;7,811667
2023-04-25 17:00:00;16,857142857142858;28,833333333333332;74,4047619047619;10,913;8,545462
2023-04-25 18:00:00;11,954545454545455;27,5;82,5909090909091;6,034;7,260569
2023-04-25 19:00:00;9,674418604651162;27,11627906976744;85,86046511627907;7,982;7,4122972
2023-04-25 20:00:00;11,311111111111112;26,044444444444444;90,71111111111111;7,12;6,7632937
2023-04-25 21:00:00;10,522727272727273;26,181818181818183;93,11363636363636;14,017;6,669396
2023-04-25 22:00:00;10,238095238095237;26,0;94,92857142857143;14,931;6,4458723
2023-04-25 23:00:00;11,045454545454545;26,0;93,88636363636364;10,932;6,5608044
2023-04-26 00:00:00;14,093023255813954;26,0;94,51162790697674;7,0;6,3284593
2023-04-26 01:00:00;13,333333333333334;26,0;94,95555555555555;6,965;6,2185984
2023-04-26 02:00:00;14,105263157894736;25,68421052631579;94,78947368421052;4,931;5,630798
2023-04-26 03:00:00;19,366666666666667;24,2;95,0;0,982;5,4083705
2023-04-26 04:00:00;23,75;24,041666666666668;95,0;0,017;5,4083705
2023-04-26 05:00:00;28,321428571428573;24,285714285714285;95,0;1,12;5,4083705
2023-04-26 06:00:00;30,387096774193548;25,258064516129032;95,0;7,965;5,310125
2023-04-26 07:00:00;34,407407407407405;26,62962962962963;94,92592592592592;6,0;5,6718597
2023-04-26 08:00:00;30,525;34,125;72,575;6,0;8,101544
2023-04-26 09:00:00;32,878787878787875;33,121212121212125;70,6969696969697;6,017;7,9989
2023-04-26 10:00:00;48,303030303030305;33,39393939393939;68,57575757575758;7,017;8,105713
2023-04-26 11:00:00;50,354838709677416;35,12903225806452;63,25806451612903;7,965;7,9414263
2023-04-26 12:00:00;39,074074074074076;33,407407407407405;66,92592592592592;6,017;7,8988824
2023-04-26 16:00:00;77,15384615384616;35,35897435897436;61,23076923076923;6,948;7,8507442
2023-04-26 17:00:00;53,35;29,2;77,275;3,965;8,949632
2023-04-26 18:00:00;39,59375;28,21875;80,5625;1,982;9,097765
2023-04-26 19:00:00;37,03703703703704;28,962962962962962;83,14814814814815;1,137;7,1873474
2023-04-26 20:00:00;36,36363636363637;29,0;84,0909090909091;9,034;7,401443
2023-04-26 21:00:00;36,904761904761905;28,80952380952381;85,76190476190476;10,913;7,4995127
2023-04-26 22:00:00;38,48;28,0;88,24;5,913;7,3390756
2023-04-26 23:00:00;37,041666666666664;27,541666666666668;90,41666666666667;0,966;6,0777254
2023-04-27 01:00:00;33,52173913043478;27,0;90,52173913043478;1,0;6,2036734
2023-04-27 02:00:00;35,125;27,0;91,33333333333333;1,034;5,8953834
2023-04-27 03:00:00;34,73076923076923;26,5;89,96153846153847;3,017;6,103656
2023-04-27 04:00:00;34,0625;26,34375;89,09375;3,982;6,3408513
2023-04-27 05:00:00;34,42307692307692;27,0;88,8076923076923;3,051;7,269598
2023-04-27 06:00:00;27,76;27,32;85,08;5,965;7,4916945
2023-04-27 07:00:00;20,73076923076923;29,192307692307693;77,26923076923077;3,965;8,541226
2023-04-27 08:00:00;22,25;37,38636363636363;55,43181818181818;2,068;8,772735
2023-04-27 09:00:00;23,27906976744186;39,883720930232556;47,116279069767444;6,086;9,516249
2023-04-27 10:00:00;24,930232558139537;39,395348837209305;45,93023255813954;10,931;10,045375
2023-04-27 11:00:00;29,952380952380953;38,904761904761905;46,42857142857143;6,982;10,030077
2023-04-27 12:00:00;33,06818181818182;40,04545454545455;44,22727272727273;6,017;9,510087
2023-04-27 13:00:00;29,772727272727273;40,15909090909091;42,68181818181818;7,103;9,662106
2023-04-27 14:00:00;37,63636363636363;41,13636363636363;42,13636363636363;13,137;11,420907
2023-04-27 15:00:00;51,705882352941174;42,61764705882353;40,970588235294116;20,862;11,870417
2023-04-27 16:00:00;91,6470588235294;36,1764705882353;59,794117647058826;13,017;7,7942004
2023-04-27 17:00:00;51,51724137931034;30,689655172413794;73,51724137931035;13,965;8,434653
2023-04-27 18:00:00;43,72727272727273;29,96969696969697;77,12121212121212;11,896;8,949632
2023-04-27 19:00:00;45,88461538461539;29,26923076923077;78,3076923076923;5,965;9,238173
2023-04-27 20:00:00;39,72727272727273;28,0;82,86363636363636;4,051;7,1873474
2023-04-27 21:00:00;33,91304347826087;28,0;80,52173913043478;7,034;9,1977825
2023-04-27 22:00:00;33,266666666666666;28,0;77,93333333333334;9,017;9,107111
2023-04-27 23:00:00;29,181818181818183;28,0;77,54545454545455;10,0;8,818569
2023-04-28 00:00:00;33,52;28,0;77,4;9,983;8,818569
2023-04-28 01:00:00;38,208333333333336;28,25;79,54166666666667;8,965;9,097765
2023-04-28 02:00:00;34,666666666666664;28,041666666666668;80,375;7,034;9,097765
2023-04-28 03:00:00;40,0;28,52173913043478;80,34782608695652;9,051;9,097765
2023-04-28 04:00:00;33,57692307692308;28,192307692307693;80,92307692307692;11,965;9,1977825
2023-04-28 05:00:00;33,111111111111114;28,0;84,25925925925925;10,103;7,59953
2023-04-28 06:00:00;34,82608695652174;27,652173913043477;83,82608695652173;15,844;7,401443
2023-04-28 07:00:00;88,48;30,12;76,24;7,017;8,633725
2023-04-28 08:00:00;129,54545454545453;37,81818181818182;55,15909090909091;8,05;10,692575
2023-04-28 09:00:00;137,04651162790697;38,55813953488372;51,883720930232556;11,016;11,304289
2023-04-28 10:00:00;141,28571428571428;36,833333333333336;53,357142857142854;11,966;7,6610036
2023-04-28 11:00:00;129,5609756097561;35,63414634146341;53,53658536585366;10,016;7,61715
2023-04-28 12:00:00;110,95;33,675;59,675;10,966;7,8841357
2023-04-28 13:00:00;61,166666666666664;27,625;79,70833333333333;9,05;9,407669
2023-04-28 14:00:00;46,0;27,473684210526315;80,05263157894737;11,966;9,498351
2023-04-28 15:00:00;46,53846153846154;28,96153846153846;74,76923076923077;10,033;8,918598
2023-04-28 16:00:00;56,7037037037037;29,037037037037038;75,11111111111111;12,067;8,918598
2023-04-28 17:00:00;55,04761904761905;27,857142857142858;78,71428571428571;16,508;9,40768
2023-04-28 18:00:00;81,29629629629629;27,185185185185187;77,92592592592592;45,593;9,316998
2023-04-28 19:00:00;48,275862068965516;27,103448275862068;79,27586206896552;21,762;9,498351
2023-04-28 20:00:00;55,6;27,0;80,52;7,949;9,363844
2023-04-28 21:00:00;48,92307692307692;27,0;82,34615384615384;5,067;8,848933
2023-04-28 22:00:00;40,857142857142854;27,0;80,80952380952381;8,949;8,963258
2023-04-28 23:00:00;39,0;27,0;82,55555555555556;5,965;7,05284
2023-04-29 00:00:00;37,1764705882353;26,235294117647058;90,76470588235294;4,101;5,943218
2023-04-29 01:00:00;34,8;25,72;94,32;9,949;5,786792
2023-04-29 02:00:00;35,74074074074074;25,22222222222222;93,18518518518519;7,05;5,543492
2023-04-29 03:00:00;33,791666666666664;25,0;94,29166666666667;9,932;5,5596766
2023-04-29 04:00:00;61,333333333333336;25,083333333333332;94,79166666666667;5,949;5,5899134
2023-04-29 05:00:00;43,0;26,0;94,125;3,05;5,9296627
2023-04-29 06:00:00;66,88461538461539;26,26923076923077;91,34615384615384;6,0;5,983492
2023-04-29 07:00:00;65,26086956521739;27,782608695652176;86,78260869565217;6,0;7,5876217
2023-04-29 08:00:00;79,61538461538461;29,153846153846153;79,92307692307692;6,033;9,273246
2023-04-29 09:00:00;92,97222222222223;30,88888888888889;70,86111111111111;7,932;8,087886
2023-04-29 10:00:00;87,8529411764706;31,41176470588235;71,47058823529412;3,966;8,015031
2023-04-29 11:00:00;84,64864864864865;31,43243243243243;70,32432432432432;2,016;8,015031
2023-04-29 12:00:00;70,58333333333333;31,61111111111111;70,5;3,067;8,015031
2023-04-29 13:00:00;78,38461538461539;33,794871794871796;62,64102564102564;6,932;7,9406796
2023-04-29 14:00:00;56,93333333333333;32,6;66,33333333333333;2,932;8,015031
2023-04-29 16:00:00;48,57142857142857;30,5;70,21428571428571;8,169;8,178568
2023-04-29 17:00:00;42,61904761904762;28,047619047619047;79,42857142857143;17,864;9,498351
2023-04-29 18:00:00;31,692307692307693;27,26923076923077;85,73076923076923;9,932;7,59953
2023-04-29 19:00:00;50,357142857142854;27,0;89,42857142857143;6,033;6,2465267
2023-04-29 20:00:00;65,54545454545455;27,0;89,81818181818181;7,932;6,1917644
2023-04-29 21:00:00;67,53846153846153;27,0;90,46153846153847;4,05;6,1917644
2023-04-29 22:00:00;81,35714285714286;26,678571428571427;93,96428571428571;7,0;5,8749003
2023-04-29 23:00:00;71,0;26,24137931034483;94,6896551724138;6,931;5,7599683
2023-04-30 00:00:00;66,58333333333333;26,958333333333332;92,20833333333333;3,016;5,983492
2023-04-30 01:00:00;80,65384615384616;26,076923076923077;94,88461538461539;3,966;5,7599683
2023-04-30 02:00:00;81,70833333333333;26,0;94,79166666666667;1,983;5,7599683
2023-04-30 03:00:00;69,54166666666667;26,0;94,625;1,016;5,7599683
2023-04-30 04:00:00;67,0;26,185185185185187;94,0;2,0;5,8749003
2023-04-30 05:00:00;44,13793103448276;26,0;93,86206896551724;2,016;5,9296627
2023-04-30 06:00:00;67,60714285714286;26,607142857142858;93,39285714285714;2,966;5,8749003
2023-04-30 07:00:00;61,17391304347826;27,26086956521739;89,56521739130434;1,101;6,3262715
2023-04-30 08:00:00;59,52;28,52;84,56;7,05;7,5876217
2023-04-30 09:00:00;51,82142857142857;30,25;77,71428571428571;9,915;8,775202
2023-04-30 10:00:00;79,51428571428572;33,51428571428571;66,42857142857143;5,033;8,015031
2023-04-30 11:00:00;73,97222222222223;32,833333333333336;66,05555555555556;7,0;8,015031
2023-04-30 12:00:00;59,89473684210526;31,81578947368421;67,39473684210526;6,966;8,015031
2023-04-30 13:00:00;61,24324324324324;30,864864864864863;71,24324324324324;4,948;8,087886
2023-04-30 14:00:00;52,607142857142854;29,571428571428573;74,03571428571429;2,016;8,701391
2023-04-30 15:00:00;41,69565217391305;27,043478260869566;84,56521739130434;2,983;7,2045684
2023-04-30 16:00:00;37,0;25,391304347826086;94,6086956521739;1,949;5,1595306
2023-04-30 18:00:00;39,5;24,03846153846154;95,0;3,05;5,0744286
2023-04-30 19:00:00;45,25;24,5;95,0;6,016;5,377737
2023-04-30 20:00:00;38,36;24,84;95,0;7,0;5,0744286
2023-04-30 21:00:00;27,22222222222222;25,0;95,0;6,982;5,4083705
2023-05-04 09:00:00;50,29545454545455;38,02272727272727;48,36363636363637;21,694;11,801947
2023-05-04 10:00:00;43,88636363636363;36,45454545454545;52,72727272727273;12,966;7,827554
2023-05-04 11:00:00;34,2093023255814;36,76744186046512;53,16279069767442;12,0;7,6448727
2023-05-04 12:00:00;30,13888888888889;36,27777777777778;55,361111111111114;11,932;7,601019
2023-05-04 17:00:00;32,57692307692308;29,03846153846154;75,92307692307692;11,932;8,732696
2023-05-04 18:00:00;30,166666666666668;29,0;77,875;10,135;9,042366
2023-05-04 19:00:00;32,0;28,870967741935484;78,03225806451613;14,033;9,107111
2023-05-04 20:00:00;28,523809523809526;28,0;80,19047619047619;14,898;9,1977825
2023-05-04 21:00:00;30,48;28,0;80,36;12,0;9,1977825
2023-05-04 22:00:00;28,85;28,0;80,8;10,948;9,1977825
2023-05-04 23:00:00;25,473684210526315;28,0;81,78947368421052;8,033;9,041819
2023-05-05 00:00:00;26,666666666666668;27,38095238095238;83,42857142857143;9,982;7,3399663
2023-05-05 01:00:00;24,105263157894736;27,36842105263158;84,89473684210526;9,034;7,4916945
2023-05-05 02:00:00;23,80952380952381;27,0;87,0952380952381;11,067;7,4916945
2023-05-05 03:00:00;28,782608695652176;26,043478260869566;88,82608695652173;14,913;7,3696156
2023-05-05 04:00:00;42,0;26,0;88,95238095238095;10,034;7,4124694
2023-05-05 05:00:00;47,96296296296296;25,59259259259259;88,92592592592592;12,0;7,5198483
2023-05-05 06:00:00;53,44;25,56;88,52;12,017;7,615256
2023-05-05 07:00:00;52,43478260869565;27,08695652173913;82,69565217391305;12,931;7,490656
2023-05-05 08:00:00;48,64102564102564;36,53846153846154;57,05128205128205;9,103;7,707832
2023-05-05 09:00:00;49,595238095238095;39,07142857142857;47,92857142857143;14,948;11,520215
2023-05-05 10:00:00;51,76190476190476;38,476190476190474;49,69047619047619;11,913;11,394971
2023-05-05 11:00:00;44,30952380952381;36,904761904761905;54,95238095238095;6,965;7,707832
2023-05-05 12:00:00;41,714285714285715;36,357142857142854;55,57142857142857;5,051;7,5010014
2023-05-05 13:00:00;43,348837209302324;35,16279069767442;57,604651162790695;8,0;7,707832
2023-05-05 14:00:00;52,31707317073171;34,46341463414634;59,73170731707317;8,0;7,9748178
2023-05-05 15:00:00;55,82857142857143;36,17142857142857;54,6;8,017;7,707832
2023-05-05 16:00:00;62,03703703703704;32,851851851851855;61,96296296296296;9,068;8,015031
2023-05-05 17:00:00;67,6923076923077;29,153846153846153;72,73076923076923;13,034;8,553486
2023-05-05 18:00:00;71,08333333333333;28,0;76,25;14,844;9,028456
2023-05-05 19:00:00;111,0;28,0;79,26923076923077;6,051;9,316998
2023-05-22 16:00:00;11,75;29,1875;66,25;6,0;8,058951
2023-05-23 11:00:00;9,2;30,56;70,24;5,9;7,8845215
2023-05-23 12:00:00;5,851851851851852;28,62962962962963;76,88888888888889;2,933;8,631336
2023-05-23 13:00:00;1,2857142857142858;28,857142857142858;75,19047619047619;1,133;8,49629
2023-05-23 14:00:00;3,4444444444444446;27,962962962962962;81,44444444444444;5,033;9,010549
2023-05-23 15:00:00;2,25;27,3125;78,4375;5,866;8,870706
2023-05-23 16:00:00;2,1;28,0;76,4;2,1;8,582164
2023-05-23 17:00:00;3,9;27,9;77,7;5,033;8,631336
2023-05-23 18:00:00;1,3333333333333333;26,0;82,0;6,1;8,91325
2023-05-23 19:00:00;1,5862068965517242;25,79310344827586;81,58620689655173;8,9;9,068756
2023-05-23 20:00:00;1,1333333333333333;24,1;89,96666666666667;5,9;7,3497944
2023-05-23 21:00:00;2,6296296296296298;24,0;92,5925925925926;3,266;6,2931156
2023-05-23 22:00:00;1,5757575757575757;24,0;94,36363636363636;11,033;6,508302
2023-05-23 23:00:00;0,7948717948717948;24,0;94,6923076923077;12,8;7,6706495
2023-05-24 00:00:00;1,103448275862069;24,0;95,0;6,966;6,986152
2023-05-24 01:00:00;1,6666666666666667;24,375;93,08333333333333;5,966;6,3911977
2023-05-24 02:00:00;3,676470588235294;24,0;91,44117647058823;4,866;6,3890786
2023-05-24 03:00:00;2,742857142857143;24,0;91,37142857142857;1,1;6,2931156
2023-05-24 04:00:00;1,3636363636363635;24,0;93,54545454545455;4,033;7,210945
2023-05-24 05:00:00;0,95;24,0;94,125;5,033;7,093193
2023-05-24 06:00:00;1,7727272727272727;24,136363636363637;95,0;6,133;6,1214533
2023-05-24 09:00:00;1,5357142857142858;26,392857142857142;87,28571428571429;8,166;7,809039
2023-05-24 10:00:00;3,260869565217391;28,434782608695652;79,0;12,866;8,919877
2023-05-24 11:00:00;0,7692307692307693;30,192307692307693;71,76923076923077;9,033;8,73145
2023-05-24 12:00:00;4,206896551724138;32,37931034482759;67,27586206896552;10,915;7,811667
2023-05-24 13:00:00;3,032258064516129;33,61290322580645;60,38709677419355;6,016;7,6316004
2023-05-24 14:00:00;2,2580645161290325;31,548387096774192;62,74193548387097;7,067;7,7624955
2023-05-24 15:00:00;3,361111111111111;34,77777777777778;53,97222222222222;10,932;7,503721
2023-05-24 16:00:00;5,4;30,566666666666666;59,43333333333333;6,983;7,8279777
2023-05-24 17:00:00;0,7727272727272727;27,681818181818183;67,68181818181819;6,152;8,753922
2023-05-24 18:00:00;3,65;26,8;73,4;15,016;8,405454
2023-05-24 19:00:00;2,2962962962962963;26,074074074074073;75,14814814814815;16,169;8,49629
2023-05-24 20:00:00;1,56;26,92;74,4;26,016;8,49629
2023-05-24 21:00:00;1,5416666666666667;25,625;78,41666666666667;26,915;8,978085
2023-05-24 22:00:00;1,2916666666666667;25,0;79,75;21,864;9,086982
2023-05-24 23:00:00;2,5;25,0;79,57692307692308;14,135;9,086982
2023-05-25 00:00:00;3,2916666666666665;25,0;80,33333333333333;21,915;9,232116
2023-05-25 01:00:00;0,5833333333333334;24,458333333333332;81,54166666666667;16,881;10,44384
2023-05-25 02:00:00;1,25;25,0;81,5;10,033;9,086982
2023-05-25 03:00:00;6,928571428571429;24,714285714285715;82,46428571428571;11,949;8,494395
2023-05-25 04:00:00;2,75;25,0;81,71428571428571;8,966;9,086982
2023-05-25 06:00:00;2,076923076923077;24,576923076923077;83,23076923076923;7,118;7,4842544
2023-05-25 07:00:00;2,4583333333333335;25,833333333333332;80,70833333333333;13,915;9,068756
2023-05-25 08:00:00;3,4545454545454546;28,772727272727273;73,5909090909091;8,898;8,405454
2023-05-25 09:00:00;4,24;30,68;69,56;3,084;7,8845215
2023-05-25 10:00:00;4,8125;32,875;62,78125;7,983;7,811667
2023-05-25 11:00:00;5,090909090909091;34,06060606060606;57,36363636363637;6,966;7,503721
2023-05-25 12:00:00;1,5925925925925926;35,55555555555556;53,48148148148148;5,0;7,3646145
2023-05-25 13:00:00;1,4;33,766666666666666;57,5;5,05;7,45455
2023-05-25 14:00:00;3,6538461538461537;31,884615384615383;64,5;7,966;7,811667
2023-05-25 15:00:00;2,142857142857143;35,2;55,857142857142854;6,016;7,3646145
2023-05-25 16:00:00;1,4;30,92;62,28;6,983;7,7945013
2023-05-25 17:00:00;4,448275862068965;28,344827586206897;70,93103448275862;6,067;8,228457
2023-05-25 18:00:00;1,8148148148148149;27,0;75,07407407407408;10,033;8,49629
2023-05-25 19:00:00;0,8636363636363636;27,0;78,63636363636364;12,169;9,18189
2023-05-25 20:00:00;0,5714285714285714;27,0;80,10714285714286;21,813;10,318235
2023-05-25 21:00:00;0,9565217391304348;26,347826086956523;80,95652173913044;11,152;8,843625
2023-05-25 22:00:00;1,04;26,0;81,52;19,949;8,961377
2023-05-25 23:00:00;0,9655172413793104;26,0;80,89655172413794;16,915;8,843625
2023-05-26 00:00:00;1,4285714285714286;25,714285714285715;84,23809523809524;11,915;8,482457
2023-05-26 01:00:00;2,1875;25,0;92,21875;7,135;6,3911977
2023-05-26 02:00:00;2,0833333333333335;25,13888888888889;92,66666666666667;15,033;6,5482755
2023-05-26 03:00:00;0,7666666666666667;26,0;91,1;16,949;8,5683775
2023-05-26 04:00:00;0,6875;25,90625;91,875;13,898;9,03884
2023-05-26 05:00:00;1,0294117647058822;26,0;92,23529411764706;7,949;7,632177
2023-05-26 06:00:00;2,8214285714285716;26,285714285714285;87,78571428571429;5,016;7,4122972
2023-05-26 07:00:00;1,5357142857142858;26,785714285714285;86,32142857142857;6,016;7,809039
2023-05-26 08:00:00;2,380952380952381;29,61904761904762;70,42857142857143;7,016;8,009781
2023-05-26 09:00:00;1,3043478260869565;32,47826086956522;62,869565217391305;7,983;7,7624955
2023-05-26 10:00:00;4,53125;34,71875;55,46875;7,0;7,503721
2023-05-26 11:00:00;4,46875;34,375;55,21875;6,9;7,503721
2023-05-26 12:00:00;1,725;35,075;52,975;4,066;7,4084682
2023-05-26 13:00:00;5,161290322580645;32,67741935483871;58,58064516129032;6,066;7,6877575
2023-05-26 14:00:00;3,7;31,7;61,46666666666667;7,933;7,811667
2023-05-26 15:00:00;5,125;33,675;56,225;5,983;7,503721
2023-05-26 16:00:00;2,1538461538461537;29,846153846153847;63,53846153846154;5,016;8,009781
2023-05-26 17:00:00;1,6956521739130435;28,0;67,8695652173913;6,0;8,179287
2023-05-26 18:00:00;2,0;27,384615384615383;69,42307692307692;6,0;8,179287
2023-05-26 19:00:00;1,12;27,24;71,16;6,066;8,179287
2023-05-26 20:00:00;0,9166666666666666;27,0;72,41666666666667;10,2;8,30787
2023-05-26 21:00:00;1,8333333333333333;26,708333333333332;76,125;21,916;8,528584
2023-05-26 22:00:00;2,96;25,76;77,84;16,916;8,91334
2023-05-26 23:00:00;5,884615384615385;26,0;78,96153846153847;12,016;8,919877
2023-05-27 00:00:00;2,84375;25,46875;78,78125;12,966;8,86362
2023-05-27 01:00:00;2,2413793103448274;25,0;79,06896551724138;10,95;8,99631
2023-05-27 02:00:00;2,24;25,0;80,6;7,983;9,086982
2023-05-27 03:00:00;2,96875;24,53125;80,9375;7,0;9,086982
2023-05-27 04:00:00;3,56;24,44;80,72;6,965;9,232116
2023-05-27 05:00:00;3,0357142857142856;25,0;79,64285714285714;4,982;9,086982
2023-05-27 06:00:00;1,5;25,958333333333332;77,91666666666667;4,051;8,805961
2023-05-27 07:00:00;1,9583333333333333;26,541666666666668;75,54166666666667;7,103;8,49629
2023-05-27 08:00:00;5,837837837837838;34,62162162162162;54,5945945945946;12,965;7,503721
2023-05-27 09:00:00;7,209302325581396;34,674418604651166;51,02325581395349;11,0;7,6751957
2023-05-27 10:00:00;3,3636363636363638;35,47727272727273;51,06818181818182;10,931;7,5852604
2023-05-27 11:00:00;2,727272727272727;35,15909090909091;51,43181818181818;7,051;7,536088
2023-05-27 12:00:00;2,95;36,125;50,025;9,948;7,536088
2023-05-27 13:00:00;4,147058823529412;32,73529411764706;57,44117647058823;6,982;7,5780725
2023-05-27 14:00:00;9,55;30,55;65,5;6,017;7,8845215
2023-05-27 15:00:00;3,0454545454545454;33,81818181818182;59,63636363636363;6,982;7,6316004
2023-05-27 16:00:00;7,769230769230769;29,653846153846153;68,76923076923077;6,017;8,058951
2023-05-27 17:00:00;6,708333333333333;27,958333333333332;74,41666666666667;7,017;8,545462
2023-05-27 18:00:00;11,222222222222221;27,185185185185187;75,25925925925925;8,0;8,545462
2023-05-27 19:00:00;6,6;27,0;75,54285714285714;8,068;8,545462
2023-05-27 20:00:00;3,761904761904762;26,761904761904763;77,0952380952381;11,965;8,631336
2023-05-27 21:00:00;3,8076923076923075;26,115384615384617;77,07692307692308;10,0;8,631336
2023-05-27 22:00:00;3,566666666666667;25,966666666666665;80,33333333333333;10,137;9,010549
2023-05-27 23:00:00;5,055555555555555;25,055555555555557;82,27777777777777;17,83;9,046594
2023-05-28 00:00:00;11,407407407407407;24,962962962962962;81,77777777777777;8,034;9,183989
2023-05-28 01:00:00;6,0;24,272727272727273;81,68181818181819;10,017;9,232116
2023-05-28 02:00:00;6,391304347826087;23,82608695652174;79,47826086956522;10,948;9,232116
2023-05-28 03:00:00;6,0606060606060606;23,03030303030303;78,78787878787878;8,034;9,336775
2023-05-28 04:00:00;6,962962962962963;23,0;78,74074074074075;9,982;9,336775
2023-05-28 06:00:00;2,727272727272727;23,045454545454547;78,4090909090909;12,965;9,191641
2023-05-28 07:00:00;1,6896551724137931;24,620689655172413;75,37931034482759;11,0;8,621895
2023-05-28 09:00:00;3,1818181818181817;35,81818181818182;48,72727272727273;8,0;7,6613317
2023-05-28 10:00:00;4,238095238095238;35,69047619047619;46,11904761904762;7,982;6,811713
2023-05-28 11:00:00;5,627906976744186;36,76744186046512;44,674418604651166;7,017;6,811713
2023-05-28 12:00:00;5,790697674418604;37,0;47,325581395348834;8,0;6,811713
2023-05-28 13:00:00;4,75;34,325;53,175;8,034;7,547575
2023-05-28 14:00:00;3,6206896551724137;31,862068965517242;60,86206896551724;9,931;7,811667
2023-05-28 15:00:00;4,733333333333333;34,166666666666664;57,0;6,068;7,503721
2023-05-28 16:00:00;4,305555555555555;30,13888888888889;69,44444444444444;9,982;7,948394
2023-05-28 17:00:00;2,0;28,5;74,58333333333333;8,948;8,49629
2023-05-28 18:00:00;2,0;28,142857142857142;72,14285714285714;6,068;8,356282
2023-05-28 19:00:00;2,2222222222222223;27,77777777777778;72,77777777777777;10,0;8,356282
2023-05-28 20:00:00;1,75;27,0;74,375;9,965;8,49629
2023-05-28 21:00:00;1,625;26,875;76,125;8,033;8,528584
2023-05-28 22:00:00;1,7142857142857142;26,0;77,85714285714286;10,017;8,805961
2023-05-28 23:00:00;1,8571428571428572;26,0;79,42857142857143;11,033;8,961377
2023-05-29 00:00:00;1,75;25,25;79,875;12,915;9,001107
2023-05-29 01:00:00;1,625;25,0;77,75;8,034;8,855401
2023-05-29 02:00:00;1,8888888888888888;25,0;77,11111111111111;10,017;8,707768
2023-05-29 05:00:00;2,4285714285714284;24,0;79,85714285714286;12,017;9,086982
2023-05-29 06:00:00;3,6666666666666665;24,77777777777778;79,55555555555556;13,034;9,232116
2023-05-29 07:00:00;4,625;26,25;76,25;14,965;8,631336
2023-05-29 08:00:00;10,0;31,666666666666668;58,86666666666667;12,949;7,6877575
2023-05-29 09:00:00;11,7;32,833333333333336;55,13333333333333;10,0;7,5780725
2023-05-29 10:00:00;8,63888888888889;32,888888888888886;54,916666666666664;10,152;7,5780725
2023-05-29 11:00:00;9,441176470588236;31,647058823529413;59,294117647058826;18,898;7,755123
2023-05-29 12:00:00;10,692307692307692;29,923076923076923;62,0;13,016;8,058951
2023-05-29 13:00:00;11,428571428571429;29,0;65,75;13,915;8,228457
2023-05-29 14:00:00;10,153846153846153;28,307692307692307;67,26923076923077;9,033;8,228457
2023-05-29 15:00:00;8,884615384615385;28,0;67,65384615384616;11,033;8,228457
2023-05-29 16:00:00;8,1;28,0;67,16666666666667;12,949;8,228457
2023-05-29 17:00:00;10,875;27,125;68,83333333333333;10,067;8,228457
2023-05-29 18:00:00;10,173913043478262;26,782608695652176;69,82608695652173;13,881;8,228457
2023-05-29 19:00:00;9,923076923076923;26,076923076923077;72,07692307692308;7,05;8,356492
2023-05-29 20:00:00;11,28;26,0;73,24;9,966;8,405454
2023-05-29 21:00:00;8,23076923076923;25,96153846153846;72,6923076923077;8,05;8,405454
2023-05-29 22:00:00;5,71875;25,03125;72,1875;10,949;8,627021
2023-05-29 23:00:00;10,166666666666666;25,0;71,45833333333333;8,0;8,450025
2023-05-30 00:00:00;7,0;25,0;71,5;7,966;8,450025
2023-05-30 02:00:00;7,533333333333333;25,0;71,0;3,983;8,450025
2023-05-30 03:00:00;5,785714285714286;24,5;72,75;3,016;8,627021
2023-05-30 04:00:00;7,074074074074074;25,11111111111111;73,62962962962963;4,0;8,627021
2023-05-30 05:00:00;6,166666666666667;25,38888888888889;74,27777777777777;3,949;8,538376
2023-05-30 06:00:00;8,363636363636363;25,5;75,72727272727273;0,983;8,538376
2023-05-30 09:00:00;7,0;29,607142857142858;66,64285714285714;1,067;8,058951
2023-05-30 10:00:00;9,692307692307692;31,307692307692307;60,46153846153846;4,983;7,755123
2023-05-30 11:00:00;7,0344827586206895;32,689655172413794;55,51724137931034;4,033;7,5780725
2023-05-30 12:00:00;7,232558139534884;33,53488372093023;52,7906976744186;5,966;7,547575
2023-05-30 13:00:00;8,928571428571429;32,67857142857143;53,67857142857143;4,033;7,5780725
2023-05-30 14:00:00;9,95;32,75;53,45;6,05;7,5780725
2023-05-30 15:00:00;8,025;33,975;49,0;8,966;7,8004394
2023-05-30 16:00:00;8,96551724137931;30,482758620689655;55,689655172413794;6,966;7,650927
2023-05-30 17:00:00;8,62962962962963;27,296296296296298;67,55555555555556;5,016;8,228457
2023-05-30 18:00:00;9,375;27,0;64,91666666666667;6,084;8,228457
2023-05-30 19:00:00;9,307692307692308;26,46153846153846;69,26923076923077;11,133;8,228457
2023-05-30 20:00:00;7,730769230769231;25,423076923076923;71,46153846153847;18,883;8,221372
2023-05-30 21:00:00;9,75;25,8;70,75;12,033;8,335836
2023-05-30 22:00:00;11,074074074074074;25,185185185185187;76,03703703703704;13,95;8,585192
2023-05-30 23:00:00;10,26923076923077;24,692307692307693;76,42307692307692;11,033;8,852903
2023-05-31 00:00:00;14,73913043478261;24,52173913043478;75,65217391304348;12,933;8,767029
2023-05-31 02:00:00;13,4;25,0;74,88;4,983;8,767029
2023-05-31 03:00:00;15,0;25,0;74,68;3,966;8,767029
2023-05-31 04:00:00;13,962962962962964;24,77777777777778;76,77777777777777;1,983;8,852903
2023-05-31 05:00:00;14,0;24,0;83,75862068965517;1,15;7,4821353
2023-05-31 06:00:00;9,862068965517242;24,0;84,82758620689656;9,966;7,6338634
2023-05-31 07:00:00;11,375;25,666666666666668;81,70833333333333;7,983;9,117928
2023-05-31 08:00:00;9,533333333333333;26,1;81,63333333333334;7,033;9,010549
2023-05-31 09:00:00;8,392857142857142;28,964285714285715;76,03571428571429;8,95;8,545462
2023-05-31 10:00:00;6,114285714285714;32,02857142857143;64,57142857142857;6,066;7,811667
2023-05-31 11:00:00;7,888888888888889;30,666666666666668;65,44444444444444;9,983;7,8845215
2023-05-31 12:00:00;4,64;33,52;59,12;8,966;7,755123
2023-05-31 13:00:00;6,121212121212121;32,06060606060606;61,696969696969695;7,066;7,811667
2023-05-31 14:00:00;7,24;32,16;62,04;10,95;7,811667
2023-05-31 15:00:00;8,931034482758621;30,689655172413794;65,58620689655173;8,016;7,8845215
2023-05-31 16:00:00;7,357142857142857;29,0;69,03571428571429;9,033;8,228457
2023-05-31 17:00:00;8,44;27,56;73,48;10,966;8,405454
2023-05-31 18:00:00;7,0588235294117645;27,0;74,94117647058823;9,118;8,545462
2023-05-31 19:00:00;5,636363636363637;27,272727272727273;73,0;15,666;8,405454
2023-05-31 20:00:00;7,0;27,0;73,14285714285714;6,033;8,405454
2023-05-31 21:00:00;9,36;27,0;73,48;7,133;8,405454
2023-06-03 15:00:00;10,17142857142857;31,742857142857144;56,8;3,783;7,5780725
2023-06-03 16:00:00;9,458333333333334;29,458333333333332;60,291666666666664;2,783;8,002408
2023-06-03 17:00:00;11,541666666666666;27,25;67,625;1,133;8,228457
2023-06-03 19:00:00;8,827586206896552;26,0;72,58620689655173;3,216;8,405454
2023-06-03 20:00:00;9,142857142857142;25,964285714285715;74,46428571428571;3,783;8,545462
2023-06-03 21:00:00;9,4;26,0;73,6;4,083;8,405454
2023-06-03 22:00:00;9,633333333333333;25,266666666666666;73,66666666666667;12,135;8,445184
2023-06-04 16:00:00;12,16;29,32;60,56;3,101;8,002408
2023-06-04 17:00:00;14,157894736842104;27,842105263157894;65,63157894736842;9,135;8,228457
2023-06-04 18:00:00;12,052631578947368;27,0;67,0;16,881;8,228457
2023-06-04 19:00:00;11,478260869565217;26,73913043478261;67,30434782608695;9,866;8,228457
2023-06-04 20:00:00;14,0;26,0;68,47826086956522;5,866;8,228457
2023-06-04 21:00:00;8,214285714285714;25,464285714285715;71,0;2,133;8,221372
2023-06-04 22:00:00;3,8076923076923075;25,0;72,65384615384616;28,81;8,627021
2023-06-04 23:00:00;4,59375;24,71875;74,09375;18,033;8,767029
2023-06-05 00:00:00;6,846153846153846;24,0;74,46153846153847;19,896;8,767029
2023-06-05 01:00:00;5,966666666666667;24,0;74,63333333333334;14,034;8,767029
2023-06-05 02:00:00;6,115384615384615;24,0;73,88461538461539;15,982;8,719329
2023-06-05 03:00:00;7,393939393939394;23,09090909090909;74,75757575757575;14,896;8,962359
2023-06-05 04:00:00;10,607142857142858;23,0;74,92857142857143;9,034;8,962359
2023-06-05 05:00:00;7,793103448275862;23,0;76,03448275862068;10,965;8,962359
2023-06-05 06:00:00;9,766666666666667;23,0;76,23333333333333;9,103;9,048234
2023-06-05 07:00:00;12,0;23,666666666666668;74,06666666666666;14,931;8,962359
2023-06-05 08:00:00;10,4;33,1;51,06666666666667;10,982;7,749547
2023-06-05 09:00:00;8,772727272727273;34,72727272727273;41,68181818181818;9,948;8,157546
2023-06-05 10:00:00;9,175;35,0;39,125;6,965;8,067611
2023-06-05 11:00:00;8,705882352941176;35,5;37,0;5,034;8,067611
2023-06-05 12:00:00;8,386363636363637;35,13636363636363;42,52272727272727;6,948;7,0931
2023-06-05 22:00:00;8,28888888888889;26,08888888888889;71,11111111111111;9,034;8,228457
2023-06-05 23:00:00;11,227272727272727;25,886363636363637;72,43181818181819;10,932;8,458935
2023-06-06 00:00:00;11,674418604651162;25,0;72,97674418604652;7,0;8,627021
2023-06-06 01:00:00;7,409090909090909;24,5;73,5909090909091;6,982;8,627021
2023-06-06 02:00:00;9,928571428571429;24,0;74,9047619047619;6,0;8,767029
2023-06-06 03:00:00;10,666666666666666;23,452380952380953;75,57142857142857;6,034;8,962359
2023-06-06 04:00:00;11,431818181818182;23,0;76,79545454545455;8,068;9,048234
2023-06-06 05:00:00;13,181818181818182;22,977272727272727;78,61363636363636;12,068;9,336775
2023-06-06 06:00:00;10,162790697674419;23,53488372093023;76,34883720930233;15,844;9,048234
2023-06-06 07:00:00;13,704545454545455;25,636363636363637;69,0909090909091;7,12;8,335836
2023-06-06 08:00:00;15,023255813953488;31,558139534883722;55,16279069767442;13,879;7,5780725
2023-06-06 09:00:00;13,333333333333334;33,166666666666664;51,57142857142857;6,931;7,749547
2023-06-06 10:00:00;13,930232558139535;31,6046511627907;54,13953488372093;3,068;7,5780725
2023-06-06 11:00:00;9,577777777777778;33,53333333333333;47,68888888888889;6,982;7,5484524
2023-06-06 12:00:00;10,571428571428571;35,595238095238095;40,595238095238095;10,0;8,067611
2023-06-06 13:00:00;14,444444444444445;32,4;48,84444444444444;9,0;7,8747907
2023-06-06 14:00:00;11,414634146341463;31,195121951219512;49,19512195121951;7,0;7,749547
2023-06-06 15:00:00;9,8;34,888888888888886;41,2;6,0;8,067611
2023-06-06 16:00:00;14,878048780487806;29,902439024390244;51,78048780487805;9,0;7,9968324
2023-06-06 17:00:00;13,209302325581396;27,3953488372093;59,883720930232556;10,0;8,171914
2023-06-06 18:00:00;9,377777777777778;27,0;63,8;14,0;8,228457
2023-06-06 19:00:00;13,395348837209303;26,837209302325583;65,37209302325581;22,0;8,228457
2023-06-06 20:00:00;12,906976744186046;26,0;67,5813953488372;18,0;8,228457
2023-06-06 21:00:00;17,045454545454547;26,0;68,6590909090909;25,0;8,307855
2023-06-13 08:00:00;1,0;35,2;51,5;6,0;7,639579
2023-06-13 09:00:00;0,9761904761904762;36,857142857142854;44,476190476190474;4,0;6,7520337
2023-06-13 11:00:00;0,9318181818181818;35,97727272727273;49,59090909090909;7,965;7,5218267
2023-06-13 12:00:00;1,1290322580645162;34,03225806451613;58,12903225806452;6,965;7,564234
2023-06-13 13:00:00;1,75;31,964285714285715;64,82142857142857;5,0;7,7624955
2023-06-13 14:00:00;1,56;30,24;70,72;7,0;7,83535
2023-06-13 15:00:00;1,096774193548387;31,161290322580644;69,96774193548387;4,0;7,7945013
2023-06-13 16:00:00;1,565217391304348;29,304347826086957;73,34782608695652;5,0;8,186776
2023-06-13 17:00:00;1,5384615384615385;28,333333333333332;76,82051282051282;6,0;8,582164
2023-06-13 18:00:00;1,1777777777777778;28,0;77,46666666666667;6,0;8,582164
2023-06-13 19:00:00;1,3333333333333333;28,428571428571427;76,88095238095238;17,0;8,582164
2023-06-13 20:00:00;1,4444444444444444;28,0;77,28888888888889;7,0;8,582164
2023-06-13 21:00:00;1,52;28,0;77,28;7,0;8,582164
2023-06-13 22:00:00;2,0454545454545454;28,0;75,5;4,0;8,49629
2023-06-13 23:00:00;1,1904761904761905;27,666666666666668;77,0952380952381;4,0;8,582164
2023-06-14 00:00:00;1,32;27,0;77,28;4,0;8,582164
2023-06-14 01:00:00;2,238095238095238;26,952380952380953;79,47619047619048;6,0;8,961377
2023-06-14 02:00:00;3,076923076923077;26,192307692307693;78,84615384615384;5,0;8,870706
2023-06-14 03:00:00;3,2962962962962963;25,37037037037037;79,11111111111111;5,0;8,912791
2023-06-14 05:00:00;2,32;25,0;75,92;9,0;8,621895
2023-06-14 06:00:00;2,56;24,68;79,16;9,0;8,99631
2023-06-14 07:00:00;3,3636363636363638;26,045454545454547;81,63636363636364;10,0;9,010549
2023-06-14 08:00:00;1,3783783783783783;32,83783783783784;62,513513513513516;8,0;7,7624955
2023-06-14 09:00:00;1,558139534883721;34,30232558139535;57,13953488372093;7,0;7,45455
2023-06-14 10:00:00;1,3555555555555556;34,77777777777778;53,46666666666667;6,0;7,45455
2023-06-14 11:00:00;1,0952380952380953;35,0;50,142857142857146;10,0;7,639579
2023-06-14 12:00:00;1,186046511627907;33,72093023255814;55,25581395348837;9,0;7,45455
2023-06-14 13:00:00;1,2142857142857142;32,595238095238095;58,0;12,0;7,638585
2023-06-14 14:00:00;1,1111111111111112;30,955555555555556;65,62222222222222;8,0;7,7945013
2023-06-14 15:00:00;1,2093023255813953;31,88372093023256;64,0;6,0;7,7624955
2023-06-14 16:00:00;1,6585365853658536;29,390243902439025;69,97560975609755;6,0;8,009781
2023-06-14 17:00:00;1,8444444444444446;28,0;74,02222222222223;7,0;8,44859
2023-06-14 18:00:00;4,093023255813954;27,069767441860463;77,37209302325581;6,0;8,631336
2023-06-14 19:00:00;3,1818181818181817;27,65909090909091;76,8409090909091;11,0;8,582164
2023-06-14 20:00:00;3,0681818181818183;28,0;76,75;8,0;8,582164
2023-06-14 21:00:00;3,372093023255814;27,46511627906977;77,97674418604652;6,0;8,919877
2023-06-14 22:00:00;2,883720930232558;27,0;78,34883720930233;5,0;8,870706
2023-06-14 23:00:00;2,0930232558139537;27,0;79,76744186046511;7,0;8,961377
2023-06-15 00:00:00;1,9767441860465116;26,906976744186046;79,69767441860465;7,0;8,961377
2023-06-15 01:00:00;2,7209302325581395;26,0;79,02325581395348;10,0;8,870706
2023-06-15 02:00:00;2,6744186046511627;26,0;79,46511627906976;7,0;8,961377
2023-06-15 03:00:00;2,744186046511628;26,0;79,3953488372093;5,0;8,961377
2023-06-15 05:00:00;2,422222222222222;25,155555555555555;78,04444444444445;7,0;8,910436
2023-06-15 06:00:00;2,697674418604651;25,0;77,76744186046511;9,0;8,855401
2023-06-15 07:00:00;3,6666666666666665;25,622222222222224;74,86666666666666;12,0;8,652841
2023-06-15 08:00:00;1,75;33,25;57,77272727272727;13,0;7,638585
2023-06-15 09:00:00;0,972972972972973;34,2972972972973;55,75675675675676;9,0;7,45455
2023-06-15 10:00:00;1,5185185185185186;31,22222222222222;66,74074074074075;8,0;7,7624955
2023-06-15 11:00:00;2,5;31,605263157894736;67,05263157894737;6,0;7,7624955
2023-06-15 12:00:00;1,7878787878787878;33,515151515151516;60,15151515151515;6,0;7,7059517
2023-06-15 13:00:00;1,6875;32,09375;63,15625;6,018;7,7624955
2023-06-15 14:00:00;2,8260869565217392;29,26086956521739;67,91304347826087;7,017;8,009781
2023-06-15 15:00:00;3,210526315789474;29,63157894736842;62,1578947368421;8,051;8,009781
2023-06-15 16:00:00;3,52;29,24;65,24;11,0;8,058951
2023-06-15 17:00:00;3,1481481481481484;28,0;72,29629629629629;11,0;8,356282
2023-06-15 18:00:00;4,0344827586206895;27,517241379310345;76,10344827586206;11,033;8,545462
2023-06-15 19:00:00;3,090909090909091;27,0;78,63636363636364;13,033;8,870706
2023-06-15 20:00:00;3,2;27,72;75,6;14,983;8,49629
2023-06-15 21:00:00;3,64;27,16;76,8;13,966;8,631336
2023-06-15 22:00:00;3,5714285714285716;27,0;77,39285714285714;11,949;8,631336
2023-06-15 23:00:00;3,2916666666666665;27,0;78,0;8,965;8,919877
2023-06-19 09:00:00;1,3488372093023255;29,72093023255814;58,58139534883721;10,0;7,8858705
2023-06-19 10:00:00;1,7272727272727273;29,65909090909091;56,0;10,034;7,7761865
2023-06-19 12:00:00;1,8333333333333333;31,523809523809526;50,714285714285715;11,016;7,7003746
2023-06-19 13:00:00;1,558139534883721;30,488372093023255;51,30232558139535;11,932;7,87672
2023-06-19 14:00:00;1,9024390243902438;29,024390243902438;54,609756097560975;7,949;7,9456935
2023-06-19 15:00:00;1,8444444444444446;31,11111111111111;52,266666666666666;5,05;7,7323804
2023-06-19 16:00:00;3,2093023255813953;28,11627906976744;59,093023255813954;8,05;8,122743
2023-06-19 17:00:00;3,8636363636363638;26,204545454545453;63,22727272727273;11,12;8,228457
2023-06-19 18:00:00;3,6363636363636362;25,34090909090909;66,8409090909091;17,898;8,2681875
2023-06-19 19:00:00;2,2954545454545454;25,568181818181817;69,8409090909091;12,033;8,286666
2023-06-19 20:00:00;2,5;25,318181818181817;71,13636363636364;13,932;8,219017
2023-06-19 21:00:00;2,7777777777777777;24,133333333333333;74,8;10,0;8,621895
2023-06-19 22:00:00;3,7906976744186047;24,0;73,95348837209302;9,966;8,719329
2023-06-19 23:00:00;3,1627906976744184;24,0;74,20930232558139;8,0;8,621895
2023-06-20 00:00:00;2,727272727272727;24,0;73,63636363636364;8,067;8,481887
2023-06-20 01:00:00;3,1136363636363638;24,0;73,3409090909091;11,966;8,481887
2023-06-20 02:00:00;3,7954545454545454;24,0;73,8409090909091;10,067;8,719329
2023-06-20 03:00:00;4,023255813953488;23,372093023255815;73,83720930232558;14,034;8,9146595
2023-06-20 04:00:00;3,8;23,0;74,75555555555556;15,862;8,962359
2023-06-20 05:00:00;3,7857142857142856;23,0;75,0952380952381;7,948;8,962359
2023-06-20 06:00:00;4,204545454545454;23,0;75,29545454545455;4,982;8,962359
2023-06-20 07:00:00;2,9318181818181817;23,84090909090909;71,86363636363636;4,12;8,342945
2023-06-20 08:00:00;1,3142857142857143;28,82857142857143;58,68571428571428;11,034;8,055377
2023-06-20 09:00:00;1,1875;31,34375;51,625;13,0;7,8038654
2023-06-20 10:00:00;1,5151515151515151;32,666666666666664;45,515151515151516;12,982;7,0303183
2023-06-20 11:00:00;1,1428571428571428;32,857142857142854;41,166666666666664;11,931;8,286216
2023-06-20 12:00:00;1,7037037037037037;32,407407407407405;43,111111111111114;7,948;6,8128295
2023-06-20 13:00:00;1,8888888888888888;30,666666666666668;44,666666666666664;5,0;6,885684
2023-06-20 14:00:00;3,740740740740741;29,0;53,407407407407405;5,068;8,038718
2023-06-20 15:00:00;3,8275862068965516;31,0;49,793103448275865;8,948;7,781553
2023-06-20 16:00:00;3,1923076923076925;28,73076923076923;51,65384615384615;5,931;8,117166
2023-06-20 17:00:00;4,357142857142857;26,178571428571427;57,25;1,965;7,994865
2023-06-20 18:00:00;3,12;25,84;60,64;0,189;8,176224
2023-06-20 19:00:00;3,3225806451612905;25,258064516129032;61,74193548387097;11,017;8,2681875
2023-06-20 20:00:00;4,103448275862069;25,0;61,03448275862069;12,051;8,450025
2023-06-20 21:00:00;3,0;25,61904761904762;62,666666666666664;14,965;8,286666
2023-06-20 22:00:00;4,741935483870968;25,032258064516128;63,54838709677419;12,948;8,450025
2023-06-20 23:00:00;5,6923076923076925;25,0;64,0;10,155;8,450025
2023-06-21 00:00:00;5,878787878787879;24,393939393939394;65,96969696969697;18,793;8,450025
2023-06-21 01:00:00;6,516129032258065;23,29032258064516;69,87096774193549;7,0;8,645355
2023-06-21 02:00:00;6,65625;23,0;72,21875;7,12;8,822351
2023-06-21 03:00:00;8,185185185185185;22,074074074074073;73,85185185185185;13,896;8,9146595
2023-06-21 04:00:00;9,088235294117647;22,0;75,32352941176471;7,948;8,962359
2023-06-21 05:00:00;7,7;22,0;75,43333333333334;5,017;8,962359
2023-06-21 06:00:00;7,76;22,16;75,28;6,189;8,962359
2023-06-21 07:00:00;7,645161290322581;23,580645161290324;72,90322580645162;17,0;8,822351
2023-06-21 08:00:00;2,391304347826087;33,17391304347826;53,43478260869565;16,931;7,572755
2023-06-21 09:00:00;1,625;35,15;41,65;12,913;8,121929
2023-06-21 10:00:00;1,2777777777777777;34,5;38,111111111111114;7,913;8,211864
2023-06-21 11:00:00;1,6578947368421053;33,86842105263158;38,473684210526315;3,017;8,211864
2023-06-21 12:00:00;1,9333333333333333;32,8;41,46666666666667;4,017;8,182726
2023-06-21 13:00:00;2,413793103448276;30,344827586206897;46,51724137931034;5,034;6,999682
2023-06-21 14:00:00;2,32;29,0;51,48;7,034;8,117166
2023-06-21 15:00:00;2,35;31,15;48,4;8,965;7,857624
2023-06-21 17:00:00;4,541666666666667;26,333333333333332;55,833333333333336;5,034;7,994865
2023-06-21 18:00:00;4,28;26,0;58,48;7,051;8,104549
2023-06-21 19:00:00;3,95;25,7;59,25;10,172;8,279293
2023-06-21 20:00:00;3,48;25,0;59,2;19,896;8,393481
2023-06-21 21:00:00;3,84;24,72;60,76;14,017;8,450025
2023-06-21 22:00:00;4,2;24,0;63,6;15,103;8,450025
2023-06-21 23:00:00;5,333333333333333;24,14814814814815;65,55555555555556;21,016;8,450025
2023-06-22 00:00:00;5,67741935483871;24,0;65,87096774193549;22,017;8,450025
2023-06-22 01:00:00;6,96;23,52;68,28;22,827;8,645355
2023-06-22 02:00:00;5,6;23,533333333333335;68,2;12,896;8,645355
2023-06-22 03:00:00;6,3076923076923075;24,0;67,1923076923077;7,137;8,450025
2023-06-22 04:00:00;5,666666666666667;23,875;67,58333333333333;14,965;8,450025
2023-06-22 05:00:00;5,851851851851852;23,0;69,4074074074074;13,034;8,645355
2023-06-22 06:00:00;5,586206896551724;23,17241379310345;70,41379310344827;15,051;8,645355
2023-06-22 07:00:00;4,2272727272727275;24,727272727272727;67,63636363636364;17,844;8,450025
2023-06-22 08:00:00;2,242424242424242;33,18181818181818;49,78787878787879;8,982;7,7003746
2023-06-22 09:00:00;1,8974358974358974;34,8974358974359;39,87179487179487;7,931;8,018438
2023-06-22 10:00:00;1,6764705882352942;33,76470588235294;39,14705882352941;4,017;8,108375
2023-06-22 11:00:00;1,625;31,75;47,416666666666664;5,034;7,0303183
2023-06-22 12:00:00;2,130434782608696;31,17391304347826;49,04347826086956;7,0;7,857624
2023-06-22 13:00:00;3,032258064516129;30,032258064516128;49,45161290322581;6,965;7,892038
2023-06-22 14:00:00;2,9615384615384617;29,0;50,19230769230769;5,086;8,117166
2023-06-22 15:00:00;2,0869565217391304;30,217391304347824;49,43478260869565;9,982;7,8371015
2023-06-22 18:00:00;3,380952380952381;26,0;58,142857142857146;3,982;8,104549
2023-06-22 19:00:00;3,8181818181818183;25,477272727272727;58,84090909090909;3,051;8,097464
2023-06-22 20:00:00;3,175;25,0;61,1;6,0;8,304892
2023-06-22 21:00:00;2,8536585365853657;24,48780487804878;62,0;5,948;8,304892
2023-06-22 22:00:00;4,325;24,0;63,925;2,965;8,450025
2023-06-22 23:00:00;4,794871794871795;23,974358974358974;65,53846153846153;1,05;8,450025
2023-06-23 00:00:00;6,4;23,0;67,625;4,0;8,645355
2023-06-23 01:00:00;6,390243902439025;23,0;68,92682926829268;4,034;8,645355
2023-06-23 02:00:00;8,142857142857142;22,738095238095237;70,54761904761905;5,965;8,645355
2023-06-23 03:00:00;5,595238095238095;22,0;72,02380952380952;4,0;8,77339
2023-06-23 06:00:00;13,463414634146341;22,0;72,53658536585365;6,931;8,822351
2023-06-23 07:00:00;11,0;24,125;66,8;3,169;8,450025
2023-06-23 08:00:00;2,840909090909091;31,181818181818183;50,27272727272727;12,896;7,7323804
2023-06-23 09:00:00;1,0;29,870967741935484;53,064516129032256;7,0;7,82004
2023-06-23 13:00:00;13,733333333333333;29,05;61,85;0,087;8,094035
2023-06-23 14:00:00;4,205882352941177;31,256410256410255;54,35897435897436;4,982;7,5780725
2023-06-23 15:00:00;7,945945945945946;30,70731707317073;56,0;3,982;7,650927
2023-06-23 16:00:00;9,625;28,75609756097561;64,2439024390244;2,948;8,228457
2023-06-23 17:00:00;10,076923076923077;27,093023255813954;69,06976744186046;0,0;8,228457
2023-06-23 18:00:00;9,0;26,928571428571427;70,28571428571429;0,0;8,228457
2023-06-23 19:00:00;10,1;26,0;78,0;0,0;8,919877
2023-06-23 20:00:00;12,846153846153847;26,317073170731707;76,41463414634147;0,051;8,631336
2023-06-23 21:00:00;10,512195121951219;26,073170731707318;75,92682926829268;3,034;8,545462
2023-06-23 22:00:00;11,871794871794872;26,025;73,325;4,982;8,405454
2023-06-23 23:00:00;10,18421052631579;26,0;73,46341463414635;3,966;8,405454
2023-06-24 00:00:00;10,380952380952381;26,069767441860463;73,65116279069767;1,982;8,405454
2023-06-24 01:00:00;12,857142857142858;26,58139534883721;72,83720930232558;1,034;8,405454
2023-06-24 02:00:00;10,583333333333334;25,325;79,025;3,0;8,959607
2023-06-24 03:00:00;9,076923076923077;26,0;78,2439024390244;2,982;8,919877
2023-06-24 04:00:00;8,105263157894736;26,0;76,12820512820512;2,068;8,577755
2023-06-24 05:00:00;12,86111111111111;25,94736842105263;76,39473684210526;5,982;8,631336
2023-06-24 06:00:00;6,575;25,853658536585368;77,41463414634147;5,0;8,684817
2023-06-24 07:00:00;5,439024390243903;26,404761904761905;76,80952380952381;4,982;8,631336
2023-06-24 08:00:00;8,121951219512194;27,232558139534884;77,09302325581395;4,034;8,631336
2023-06-24 09:00:00;2,1052631578947367;28,4;74,1;6,017;8,49629
2023-06-24 10:00:00;4,052631578947368;30,45;66,775;6,982;7,8845215
2023-06-24 11:00:00;5,9743589743589745;33,26190476190476;58,095238095238095;5,965;7,6877575
2023-06-24 12:00:00;4,214285714285714;34,285714285714285;52,76190476190476;4,0;7,547575
2023-06-24 13:00:00;4,27027027027027;31,55263157894737;61,473684210526315;3,965;7,811667
2023-06-24 14:00:00;5,717948717948718;28,785714285714285;68,23809523809524;1,982;8,228457
2023-06-24 15:00:00;6,135135135135135;29,475;64,9;0,965;8,058951
2023-06-24 21:00:00;8,666666666666666;27,0;71,575;2,206;8,228457
2023-06-24 22:00:00;8,255813953488373;26,41860465116279;72,3953488372093;13,931;8,405454
2023-06-24 23:00:00;7,2439024390243905;26,0;73,17073170731707;9,916;8,405454
2023-06-25 00:00:00;6,170731707317073;26,0;73,6829268292683;4,965;8,405454
2023-06-25 01:00:00;6,638888888888889;25,666666666666668;74,6923076923077;2,982;8,652841
2023-06-25 02:00:00;7,351351351351352;25,25;75,2;1,982;8,585192
2023-06-25 03:00:00;6,7317073170731705;25,166666666666668;75,35714285714286;1,0;8,585192
2023-06-25 04:00:00;5,804878048780488;25,0;76,72093023255815;1,034;8,852903
2023-06-25 05:00:00;4,975;24,767441860465116;76,76744186046511;2,982;8,852903
2023-06-25 06:00:00;2,2222222222222223;24,28205128205128;76,8974358974359;1,982;8,707768
2023-06-25 07:00:00;1,2142857142857142;25,41860465116279;73,69767441860465;0,948;8,349196
2023-06-25 10:00:00;4,333333333333333;32,775;57,725;5,0;7,6324415
2023-06-25 11:00:00;4,228571428571429;33,30232558139535;57,69767441860465;4,949;7,5780725
2023-06-25 12:00:00;3,6;32,642857142857146;59,0;2,0;7,6877575
2023-06-25 13:00:00;3,025;31,904761904761905;58,73809523809524;1,983;7,638585
2023-06-25 14:00:00;2,85;31,0;63,09090909090909;1,016;7,7945013
2023-06-25 15:00:00;3,4878048780487805;31,19047619047619;63,357142857142854;2,0;7,811667
2023-06-25 16:00:00;2,55;29,682926829268293;66,7560975609756;2,118;8,009781
2023-06-25 17:00:00;2,8780487804878048;28,023809523809526;72,5;8,949;8,356282
2023-06-25 18:00:00;2,1;27,511627906976745;76,13953488372093;5,949;8,528584
2023-06-25 19:00:00;2,025;27,261904761904763;78,38095238095238;3,033;8,870706
2023-06-25 20:00:00;2,282051282051282;27,0;81,5;4,966;8,961377
2023-06-25 21:00:00;2,641025641025641;27,025;82,225;3,033;8,775855
2023-06-25 23:00:00;4,078947368421052;27,743589743589745;77,41025641025641;5,932;8,631336
2023-06-26 00:00:00;3,926829268292683;27,928571428571427;76,5;1,932;8,631336
2023-06-26 03:00:00;3,1219512195121952;27,761904761904763;76,04761904761905;2,0;8,49629
2023-06-26 04:00:00;3,2;27,19047619047619;75,78571428571429;1,949;8,49629
2023-06-26 06:00:00;2,6666666666666665;26,15;77,225;5,0;8,582164
2023-06-26 07:00:00;4,081081081081081;27,0;73,625;4,966;8,405454
2023-06-26 08:00:00;3,5;28,428571428571427;70,85714285714286;2,932;8,228457
2023-06-26 12:00:00;5,684210526315789;29,61904761904762;70,80952380952381;9,966;8,058951
2023-06-26 13:00:00;6,095238095238095;30,093023255813954;70,37209302325581;7,966;7,948394
2023-06-26 14:00:00;7,175;30,0;67,47727272727273;6,288;8,00333
2023-06-26 15:00:00;7,071428571428571;30,906976744186046;66,51162790697674;22,677;7,8845215
2023-06-26 16:00:00;15,659090909090908;30,136363636363637;67,72727272727273;4,05;7,948394
2023-06-26 17:00:00;59,833333333333336;27,203125;73,078125;6,949;8,687908
2023-06-27 09:00:00;10,527777777777779;34,80555555555556;49,416666666666664;1,033;7,5852604
2023-06-27 10:00:00;33,0;33,4;54,22857142857143;3,016;7,7653055
2023-06-28 08:00:00;5,026315789473684;32,976190476190474;54,19047619047619;3,0;7,5780725
2023-06-28 09:00:00;3,8181818181818183;35,06818181818182;47,25;2,966;6,811713
2023-06-28 10:00:00;3,1515151515151514;34,97727272727273;47,45454545454545;0,949;6,762541
2023-06-28 12:00:00;3,4047619047619047;36,23255813953488;47,51162790697674;5,033;7,04954
2023-06-28 13:00:00;3,0;34,71111111111111;50,62222222222222;6,966;7,6260233
2023-06-28 14:00:00;2,725;31,558139534883722;58,395348837209305;4,966;7,638585
2023-06-28 15:00:00;3,951219512195122;32,76744186046512;58,23255813953488;3,05;7,6877575
2023-06-28 16:00:00;4,825;30,285714285714285;63,857142857142854;5,983;7,8845215
2023-06-28 17:00:00;4,690476190476191;28,093023255813954;70,88372093023256;4,983;8,228457
2023-06-28 18:00:00;5,511627906976744;28,0;70,11363636363636;4,05;8,228457
2023-06-28 19:00:00;4,857142857142857;28,0;70,27906976744185;6,966;8,228457
2023-06-28 20:00:00;4,595238095238095;27,046511627906977;72,3953488372093;5,05;8,405454
2023-06-28 21:00:00;4,093023255813954;26,955555555555556;71,6;7,966;8,266511
2023-06-28 22:00:00;3,7209302325581395;26,232558139534884;72,09302325581395;5,949;8,356492
2023-06-28 23:00:00;3,880952380952381;25,522727272727273;71,8409090909091;2,983;8,259425
2023-06-29 00:00:00;4,095238095238095;25,0;70,68181818181819;2,016;8,450025
2023-06-29 01:00:00;4,095238095238095;24,61904761904762;70,71428571428571;3,067;8,450025
2023-06-29 02:00:00;3,558139534883721;24,0;69,72727272727273;6,949;8,450025
2023-06-29 03:00:00;3,619047619047619;23,790697674418606;70,06976744186046;3,915;8,450025
2023-06-29 05:00:00;3,6153846153846154;23,863636363636363;70,88636363636364;6,983;8,450025
2023-06-29 06:00:00;4,421052631578948;24,0;69,15;5,983;8,450025
2023-06-29 07:00:00;4,116279069767442;24,818181818181817;65,5909090909091;5,016;8,450025
2023-06-29 08:00:00;3,5405405405405403;33,904761904761905;50,333333333333336;6,084;7,6751957
2023-06-29 10:00:00;3,8;34,23255813953488;47,74418604651163;10,016;7,8004394
2023-06-29 11:00:00;4,28125;33,63636363636363;49,97727272727273;10,983;7,6751957
2023-06-29 15:00:00;3,048780487804878;33,70454545454545;52,34090909090909;2,0;7,6260233
2023-06-29 16:00:00;3,891891891891892;30,930232558139537;54,95348837209303;2,0;7,6100783
2023-06-29 18:00:00;4,523809523809524;27,27906976744186;66,95348837209302;2,118;8,228457
2023-06-29 19:00:00;4,813953488372093;27,0;66,15555555555555;8,457;8,228457
2023-06-29 20:00:00;4,525;26,761904761904763;67,23809523809524;10,0;8,228457
2023-06-29 21:00:00;4,288888888888889;26,456521739130434;69,56521739130434;12,3;8,228457
2023-06-29 22:00:00;3,7;26,046511627906977;74,0;13,0;8,497762
2023-06-29 23:00:00;3,8333333333333335;25,931818181818183;77,06818181818181;13,0;8,684817
2023-06-30 00:00:00;3,7954545454545454;25,355555555555554;76,13333333333334;10,661;8,617485
2023-06-30 01:00:00;4,395348837209302;25,5;74,31818181818181;8,466;8,538376
2023-06-30 02:00:00;3,5348837209302326;26,0;73,42222222222222;8,766;8,405454
2023-06-30 03:00:00;3,642857142857143;26,0;71,74418604651163;8,233;8,266511
2023-06-30 04:00:00;4,023809523809524;26,555555555555557;68,97777777777777;8,0;8,228457
2023-06-30 05:00:00;4,071428571428571;26,976744186046513;71,90697674418605;7,233;8,266511
2023-06-30 06:00:00;3,697674418604651;26,31111111111111;72,82222222222222;7,0;8,405454
2023-06-30 07:00:00;3,86046511627907;27,204545454545453;71,25;11,6;8,228457
2023-06-30 08:00:00;3,7804878048780486;29,40909090909091;65,81818181818181;13,0;8,058951
2023-06-30 09:00:00;4,121951219512195;32,53488372093023;57,81395348837209;10,7;7,6877575
2023-06-30 10:00:00;4,2272727272727275;34,48888888888889;52,62222222222222;9,233;7,6751957
2023-06-30 11:00:00;3,2;33,76744186046512;52,95348837209303;6,7;7,4984035
2023-06-30 12:00:00;4,585365853658536;31,454545454545453;59,04545454545455;7,533;7,6877575
2023-06-30 13:00:00;4,146341463414634;32,0;58,18181818181818;7,233;7,6877575
2023-06-30 14:00:00;3,238095238095238;31,5;57,90909090909091;5,466;7,638585
2023-06-30 15:00:00;3,142857142857143;30,302325581395348;60,674418604651166;7,3;7,778806
2023-06-30 16:00:00;3,119047619047619;29,431818181818183;60,90909090909091;24,559;8,009781
2023-06-30 20:00:00;3,9767441860465116;24,5;79,56818181818181;4,0;9,232116
2023-06-30 21:00:00;4,186046511627907;24,363636363636363;83,5;3,966;7,4821353
2023-07-02 22:00:00;1,829268292682927;25,41860465116279;70,37209302325581;7,566;8,172201
2023-07-02 23:00:00;1,627906976744186;25,0;71,06666666666666;5,796;8,304892
2023-07-03 00:00:00;1,7179487179487178;24,261904761904763;69,9047619047619;4,35;8,304892
2023-07-03 01:00:00;1,975609756097561;24,0;69,18181818181819;2,0;8,304892
2023-07-03 02:00:00;1,15;24,0;69,86363636363636;3,083;8,304892
2023-07-03 03:00:00;1,2682926829268293;24,0;67,56818181818181;7,0;8,304892
2023-07-03 04:00:00;1,0512820512820513;24,0;66,14285714285714;6,35;8,304892
2023-07-03 05:00:00;0,9318181818181818;23,266666666666666;65,93333333333334;3,566;8,382469
2023-07-03 06:00:00;1,0;23,093023255813954;66,11627906976744;2,65;8,500221
2023-07-03 07:00:00;1,2;24,40909090909091;63,75;5,433;8,304892
2023-07-03 08:00:00;2,0697674418604652;28,34090909090909;53,63636363636363;7,216;7,9456935
2023-07-03 09:00:00;2,0;29,0;51,77777777777778;8,65;8,117166
