Data/Hora;MP10 HPMAb;Temperatura;Umidade;MP10 BAM;MP10 HPMAb CAL
2023-03-21 10:00:00;1,9047619047619047;42,142857142857146;43,333333333333336;25,5;32,15
2023-03-21 11:00:00;2,511627906976744;42,41860465116279;42,48837209302326;64,5;51,65
2023-03-21 12:00:00;2,0;40,83720930232558;48,02325581395349;56,7;47,2
2023-03-21 13:00:00;1,930232558139535;41,58139534883721;46,93023255813954;47,8;42,75
2023-03-21 14:00:00;1,697674418604651;45,25581395348837;40,348837209302324;59,6;64,0
2023-03-21 15:00:00;1,9761904761904763;45,73809523809524;38,73809523809524;68,4;64,0
2023-03-21 16:00:00;2,7674418604651163;37,651162790697676;50,093023255813954;77,0;48,0
2023-03-21 18:00:00;3,1538461538461537;31,82051282051282;67,35897435897436;17,0;26,0
2023-03-21 19:00:00;4,636363636363637;31,0;70,54545454545455;18,0;18,1
2023-03-21 20:00:00;4,690476190476191;31,0;71,76190476190476;18,0;25,35
2023-03-21 21:00:00;5,348837209302325;31,0;70,79069767441861;18,2;18,1
2023-03-21 22:00:00;2,772727272727273;31,0;72,54545454545455;23,6;18,200000000000003
2023-03-21 23:00:00;3,0;31,0;72,06976744186046;12,8;18,200000000000003
2023-03-22 02:00:00;5,5813953488372094;30,0;71,34883720930233;13,0;22,85
2023-03-22 03:00:00;5,9523809523809526;30,0;72,66666666666667;13,9;11,5
2023-03-22 04:00:00;5,214285714285714;29,404761904761905;72,73809523809524;9,1;12,05
2023-03-22 05:00:00;5,348837209302325;29,0;72,76744186046511;15,0;23,9
2023-03-22 06:00:00;3,9069767441860463;31,302325581395348;69,81395348837209;15,1;13,55
2023-03-22 07:00:00;2,3255813953488373;37,97674418604651;58,348837209302324;21,9;24,549999999999997
2023-03-22 08:00:00;2,0;41,44827586206897;50,10344827586207;17,3;17,1
2023-03-22 09:00:00;2,8181818181818183;39,54545454545455;50,70454545454545;38,9;39,55
2023-03-22 10:00:00;3,372093023255814;38,0;53,30232558139535;34,8;28,45
2023-03-22 11:00:00;3,0;38,0;54,45238095238095;23,9;29,849999999999998
2023-03-22 12:00:00;4,441860465116279;37,883720930232556;55,604651162790695;18,3;27,1
2023-03-22 13:00:00;2,642857142857143;40,23809523809524;50,857142857142854;40,2;28,55
2023-03-22 14:00:00;2,558139534883721;42,58139534883721;47,13953488372093;51,7;49,75
2023-03-22 15:00:00;1,9047619047619047;41,095238095238095;47,857142857142854;37,7;47,2
2023-03-22 16:00:00;2,1666666666666665;34,642857142857146;60,69047619047619;25,2;28,45
2023-03-22 17:00:00;2,4523809523809526;30,976190476190474;71,57142857142857;37,7;37,7
2023-03-22 18:00:00;2,8372093023255816;30,0;73,16279069767442;23,2;21,049999999999997
2023-03-22 19:00:00;3,604651162790698;30,0;74,55813953488372;38,7;32,25
2023-03-22 20:00:00;3,15;30,075;75,325;25,8;21,05
2023-03-22 21:00:00;2,3255813953488373;30,023255813953487;74,95348837209302;16,0;18,45
2023-03-22 22:00:00;2,769230769230769;29,641025641025642;76,8974358974359;18,0;23,5
2023-03-22 23:00:00;2,625;29,0;77,65;18,0;16,9
2023-03-23 00:00:00;2,675;29,0;78,2;21,8;19,9
2023-03-23 01:00:00;2,1315789473684212;29,0;79,28947368421052;11,1;19,55
2023-03-23 02:00:00;2,0697674418604652;28,790697674418606;80,53488372093024;18,0;23,9
2023-03-23 03:00:00;1,9333333333333333;28,0;82,11111111111111;19,0;16,95
2023-03-23 04:00:00;2,0;28,0;83,4390243902439;24,2;30,0
2023-03-23 05:00:00;2,097560975609756;27,951219512195124;83,78048780487805;35,8;30,0
2023-03-23 06:00:00;2,073170731707317;28,975609756097562;79,39024390243902;28,0;19,55
2023-03-23 07:00:00;1,8604651162790697;34,69767441860465;66,74418604651163;31,9;31,6
2023-03-23 08:00:00;2,048780487804878;38,390243902439025;57,26829268292683;27,2;24,549999999999997
2023-03-23 09:00:00;2,2093023255813953;37,81395348837209;54,86046511627907;41,8;35,349999999999994
2023-03-23 10:00:00;2,558139534883721;38,46511627906977;54,16279069767442;35,8;29,849999999999998
2023-03-23 11:00:00;2,5;37,29545454545455;54,93181818181818;28,9;35,349999999999994
2023-03-23 12:00:00;3,1904761904761907;36,833333333333336;55,95238095238095;27,0;25,4
2023-03-23 13:00:00;2,857142857142857;38,19047619047619;55,26190476190476;30,8;36,3
2023-03-23 14:00:00;2,116279069767442;39,74418604651163;51,86046511627907;26,8;23,85
2023-03-23 15:00:00;2,1818181818181817;39,34090909090909;51,88636363636363;20,9;23,85
2023-03-23 16:00:00;3,4186046511627906;34,372093023255815;60,604651162790695;17,8;26,4
2023-03-23 17:00:00;3,275;30,8;69,65;12,0;13,55
2023-03-23 19:00:00;3,097560975609756;30,0;71,95121951219512;25,9;24,549999999999997
2023-03-23 20:00:00;2,86046511627907;29,953488372093023;72,13953488372093;23,2;24,549999999999997
2023-03-23 21:00:00;2,2162162162162162;29,027027027027028;74,24324324324324;39,7;29,900000000000002
2023-03-23 22:00:00;2,6578947368421053;29,0;73,8157894736842;26,9;20,95
2023-03-23 23:00:00;2,5675675675675675;29,0;75,08108108108108;24,0;20,0
2023-03-24 00:00:00;3,2195121951219514;28,634146341463413;76,8048780487805;26,0;23,45
2023-03-24 01:00:00;3,3488372093023258;28,0;77,79069767441861;25,7;24,299999999999997
2023-03-24 03:00:00;3,744186046511628;27,0;78,20930232558139;17,8;15,4
2023-03-24 04:00:00;4,395348837209302;27,0;78,72093023255815;11,2;21,6
2023-03-24 05:00:00;5,976190476190476;26,333333333333332;80,52380952380952;23,7;28,200000000000003
2023-03-24 07:00:00;1,7857142857142858;33,785714285714285;62,07142857142857;20,0;18,5
2023-03-24 08:00:00;1,6341463414634145;36,97560975609756;52,80487804878049;21,1;19,450000000000003
2023-03-24 09:00:00;1,1555555555555554;39,48888888888889;49,77777777777778;30,1;39,45
2023-03-24 10:00:00;1,3953488372093024;39,30232558139535;49,74418604651163;36,5;33,3
2023-03-24 11:00:00;1,5348837209302326;39,04651162790697;50,81395348837209;68,8;52,4
2023-03-24 12:00:00;1,5777777777777777;37,84444444444444;50,644444444444446;62,0;38,1
2023-03-24 13:00:00;1,380952380952381;39,976190476190474;46,42857142857143;63,7;47,8
2023-03-24 14:00:00;1,1162790697674418;41,395348837209305;43,906976744186046;45,9;46,5
2023-03-24 15:00:00;1,0;40,833333333333336;43,714285714285715;43,6;44,75
2023-03-24 16:00:00;1,2619047619047619;34,92857142857143;55,833333333333336;27,0;35,6
2023-03-24 17:00:00;1,4883720930232558;31,162790697674417;66,18604651162791;86,3;61,15
2023-03-24 18:00:00;1,4285714285714286;30,0;68,78571428571429;45,6;34,8
2023-03-24 19:00:00;1,2682926829268293;30,0;71,8048780487805;24,9;26,299999999999997
2023-03-24 20:00:00;1,7906976744186047;29,325581395348838;73,76744186046511;22,9;21,5
2023-03-24 21:00:00;1,6444444444444444;29,0;75,06666666666666;17,0;16,95
2023-03-24 22:00:00;1,4651162790697674;29,0;75,13953488372093;16,9;16,95
2023-03-24 23:00:00;1,375;29,0;76,075;13,1;11,1
2023-03-25 00:00:00;1,813953488372093;28,11627906976744;76,44186046511628;20,8;26,4
2023-03-25 01:00:00;1,4883720930232558;28,0;78,81395348837209;13,0;16,0
2023-03-25 02:00:00;1,3658536585365855;27,024390243902438;79,58536585365853;17,9;37,45
2023-03-25 03:00:00;1,8837209302325582;27,0;78,81395348837209;12,0;23,35
2023-03-25 05:00:00;1,7727272727272727;27,0;76,02272727272727;10,9;13,45
2023-03-25 07:00:00;1,0454545454545454;33,45454545454545;61,61363636363637;17,0;18,5
2023-03-25 08:00:00;1,0;37,79545454545455;52,63636363636363;19,2;20,15
2023-03-25 09:00:00;1,0;39,79545454545455;48,11363636363637;34,1;31,15
2023-03-25 10:00:00;1,0;40,707317073170735;44,41463414634146;44,6;41,1
2023-03-25 11:00:00;1,0;40,55813953488372;45,16279069767442;85,0;58,05
2023-03-25 12:00:00;1,0;39,45454545454545;49,38636363636363;86,4;62,050000000000004
2023-03-25 13:00:00;1,0465116279069768;39,95348837209303;49,2093023255814;53,6;45,650000000000006
2023-03-25 14:00:00;1,0238095238095237;41,0;48,166666666666664;34,1;53,349999999999994
2023-03-25 15:00:00;1,0;40,80952380952381;47,38095238095238;40,0;37,05
2023-03-25 16:00:00;1,372093023255814;35,41860465116279;55,55813953488372;44,2;35,6
2023-03-25 17:00:00;1,6590909090909092;31,15909090909091;67,97727272727273;58,4;41,2
2023-03-25 18:00:00;1,6829268292682926;30,073170731707318;71,58536585365853;27,7;26,85
2023-03-25 19:00:00;1,5238095238095237;30,0;73,35714285714286;15,0;23,45
2023-03-25 20:00:00;1,5952380952380953;30,0;73,19047619047619;18,0;16,5
2023-03-25 21:00:00;1,8571428571428572;30,0;73,35714285714286;21,9;26,9
2023-03-25 22:00:00;2,0697674418604652;29,58139534883721;74,65116279069767;20,9;15,0
2023-03-25 23:00:00;1,9047619047619047;29,0;75,5;16,9;16,45
2023-03-26 00:00:00;1,8837209302325582;29,0;77,04651162790698;16,0;21,95
2023-03-26 01:00:00;2,046511627906977;28,88372093023256;78,62790697674419;19,0;20,4
2023-03-26 02:00:00;1,9523809523809523;28,0;80,07142857142857;19,9;14,899999999999999
2023-03-26 03:00:00;2,3902439024390243;28,0;81,09756097560975;14,9;19,85
2023-03-26 04:00:00;2,604651162790698;28,0;80,32558139534883;9,9;17,35
2023-03-26 06:00:00;2,619047619047619;27,80952380952381;76,88095238095238;12,9;16,9
2023-03-26 08:00:00;1,146341463414634;38,41463414634146;52,48780487804878;21,1;41,150000000000006
2023-03-26 09:00:00;1,0;40,41860465116279;48,7906976744186;28,2;40,9
2023-03-26 10:00:00;1,0227272727272727;40,79545454545455;46,25;40,9;36,4
2023-03-26 11:00:00;1,069767441860465;40,906976744186046;44,41860465116279;37,6;41,1
2023-03-26 12:00:00;1,119047619047619;39,333333333333336;50,285714285714285;74,7;48,900000000000006
2023-03-26 13:00:00;1,0232558139534884;38,55813953488372;52,46511627906977;61,2;41,150000000000006
2023-03-26 14:00:00;1,0232558139534884;41,0;48,48837209302326;72,6;53,349999999999994
2023-03-26 15:00:00;1,0454545454545454;39,61363636363637;49,68181818181818;48,8;39,45
2023-03-26 16:00:00;1,146341463414634;34,90243902439025;59,63414634146341;38,7;33,3
2023-03-26 17:00:00;1,9047619047619047;31,142857142857142;71,28571428571429;22,9;31,45
2023-03-26 18:00:00;2,3488372093023258;30,0;75,51162790697674;19,8;17,9
2023-03-26 19:00:00;2,1627906976744184;30,0;77,55813953488372;13,0;15,5
2023-03-26 20:00:00;2,238095238095238;30,0;76,30952380952381;14,9;12,5
2023-03-26 21:00:00;2,395348837209302;30,0;76,55813953488372;10,1;19,55
2023-03-26 22:00:00;3,372093023255814;29,86046511627907;77,04651162790698;15,9;23,25
2023-03-26 23:00:00;3,340909090909091;29,25;77,63636363636364;14,0;14,5
2023-03-27 00:00:00;3,0697674418604652;29,0;77,55813953488372;15,0;15,95
2023-03-27 01:00:00;2,880952380952381;29,0;77,52380952380952;15,8;16,35
2023-03-27 03:00:00;3,0;29,0;77,38095238095238;16,9;16,35
2023-03-27 04:00:00;2,558139534883721;29,0;76,88372093023256;12,9;14,899999999999999
2023-03-27 05:00:00;1,8048780487804879;29,0;76,04878048780488;9,1;11,1
2023-03-27 06:00:00;2,022727272727273;29,477272727272727;74,04545454545455;20,1;21,5
2023-03-27 07:00:00;1,6511627906976745;35,395348837209305;59,674418604651166;27,9;33,3
2023-03-27 08:00:00;1,0222222222222221;39,06666666666667;50,17777777777778;23,1;48,900000000000006
2023-03-27 09:00:00;1,0465116279069768;40,674418604651166;46,325581395348834;31,9;36,4
2023-03-27 10:00:00;1,0952380952380953;41,214285714285715;44,714285714285715;31,1;34,35
2023-03-27 11:00:00;2,1463414634146343;41,75609756097561;42,90243902439025;38,8;32,15
2023-03-27 12:00:00;2,8333333333333335;40,5;45,785714285714285;86,6;53,699999999999996
2023-03-27 13:00:00;2,857142857142857;39,976190476190474;47,642857142857146;67,7;48,900000000000006
2023-03-27 14:00:00;2,0714285714285716;39,857142857142854;47,54761904761905;52,8;41,45
2023-03-27 15:00:00;1,380952380952381;41,57142857142857;43,595238095238095;47,1;46,5
2023-03-27 16:00:00;1,5454545454545454;36,29545454545455;49,38636363636363;54,8;61,949999999999996
2023-03-27 17:00:00;3,04;32,68;59,2;44,8;33,95
2023-03-28 08:00:00;4,333333333333333;33,142857142857146;67,85714285714286;22,1;25,3
2023-03-28 09:00:00;4,162790697674419;35,2093023255814;63,53488372093023;30,0;29,95
2023-03-28 10:00:00;5,159090909090909;37,13636363636363;59,31818181818182;35,0;30,4
2023-03-28 11:00:00;5,395348837209302;37,883720930232556;54,83720930232558;35,9;32,0
2023-03-28 12:00:00;6,404761904761905;38,30952380952381;52,642857142857146;31,3;29,15
2023-03-28 13:00:00;6,022222222222222;37,37777777777778;52,644444444444446;52,7;39,85
2023-03-28 14:00:00;6,85;39,225;48,9;37,9;46,75
2023-03-28 15:00:00;7,357142857142857;37,26190476190476;51,07142857142857;33,8;30,45
2023-03-28 16:00:00;4,45;33,175;58,4;26,0;39,85
2023-03-28 17:00:00;4,833333333333333;29,595238095238095;68,80952380952381;28,9;37,8
2023-03-28 18:00:00;5,813953488372093;29,0;69,13953488372093;23,1;26,0
2023-03-28 19:00:00;5,558139534883721;28,953488372093023;72,3953488372093;32,8;23,9
2023-03-28 20:00:00;6,325581395348837;29,0;75,02325581395348;25,1;29,1
2023-03-28 21:00:00;5,1395348837209305;29,0;74,44186046511628;33,1;35,900000000000006
2023-03-28 22:00:00;4,295454545454546;29,0;74,95454545454545;38,7;28,900000000000002
2023-03-28 23:00:00;4,380952380952381;29,0;75,5;24,0;31,35
2023-03-29 00:00:00;4,880952380952381;29,0;76,11904761904762;25,3;31,15
2023-03-29 01:00:00;4,738095238095238;28,19047619047619;76,83333333333333;46,6;25,8
2023-03-29 02:00:00;5,386363636363637;28,318181818181817;77,02272727272727;25,2;15,1
2023-03-29 03:00:00;5,261904761904762;29,0;76,45238095238095;37,0;31,15
2023-03-29 04:00:00;6,024390243902439;28,536585365853657;76,34146341463415;37,7;40,2
2023-03-29 05:00:00;6,0476190476190474;28,0;77,28571428571429;23,3;33,0
2023-03-29 06:00:00;6,571428571428571;28,571428571428573;76,97619047619048;42,7;26,450000000000003
2023-03-29 07:00:00;3,813953488372093;34,41860465116279;64,79069767441861;29,9;29,95
2023-03-29 08:00:00;5,340909090909091;38,06818181818182;54,36363636363637;28,1;45,150000000000006
2023-03-29 09:00:00;7,190476190476191;37,523809523809526;54,07142857142857;34,0;32,65
2023-03-29 10:00:00;7,093023255813954;38,16279069767442;52,51162790697674;33,8;32,55
2023-03-29 11:00:00;6,116279069767442;37,906976744186046;52,06976744186046;27,0;29,15
2023-03-29 12:00:00;6,911111111111111;38,13333333333333;51,51111111111111;27,1;27,05
2023-03-29 13:00:00;5,024390243902439;39,31707317073171;50,292682926829265;35,0;54,15
2023-03-29 14:00:00;3,054054054054054;40,7027027027027;47,513513513513516;38,7;34,400000000000006
2023-03-29 15:00:00;2,395348837209302;40,13953488372093;47,95348837209303;30,1;41,45
2023-03-29 16:00:00;2,909090909090909;35,09090909090909;57,72727272727273;32,9;29,95
2023-03-29 17:00:00;3,86046511627907;30,976744186046513;68,30232558139535;31,0;25,45
2023-03-29 18:00:00;4,690476190476191;30,023809523809526;71,73809523809524;32,7;29,35
2023-03-29 19:00:00;4,341463414634147;30,0;71,97560975609755;26,0;29,35
2023-03-29 20:00:00;3,977272727272727;29,818181818181817;72,8409090909091;25,9;20,95
2023-03-29 21:00:00;4,809523809523809;29,976190476190474;72,78571428571429;19,9;14,5
2023-03-29 22:00:00;3,8292682926829267;29,78048780487805;73,09756097560975;16,0;29,25
2023-03-29 23:00:00;3,8372093023255816;29,0;74,62790697674419;19,1;28,900000000000002
2023-03-30 00:00:00;3,6818181818181817;28,818181818181817;76,11363636363636;28,7;27,25
2023-03-30 02:00:00;3,116279069767442;28,0;75,86046511627907;17,1;23,05
2023-03-30 03:00:00;3,0;27,72093023255814;77,3953488372093;22,9;24,299999999999997
2023-03-30 04:00:00;3,311111111111111;27,0;79,84444444444445;18,0;14,5
2023-03-30 05:00:00;3,6744186046511627;27,0;79,97674418604652;19,7;18,85
2023-03-30 06:00:00;3,4186046511627906;27,674418604651162;75,02325581395348;6,3;9,6
2023-03-30 07:00:00;2,7209302325581395;32,48837209302326;63,51162790697674;25,8;34,8
2023-03-30 08:00:00;2,0;37,25;51,40909090909091;14,2;38,1
2023-03-30 09:00:00;3,0;38,81578947368421;44,60526315789474;27,1;28,950000000000003
2023-03-30 10:00:00;3,697674418604651;40,81395348837209;38,97674418604651;36,8;36,5
2023-03-30 11:00:00;4,0;42,0;33,58139534883721;27,4;41,8
2023-03-30 12:00:00;5,2272727272727275;42,18181818181818;34,93181818181818;56,2;41,8
2023-03-30 13:00:00;6,595238095238095;41,38095238095238;41,476190476190474;69,7;62,25
2023-03-30 14:00:00;5,146341463414634;41,829268292682926;41,65853658536585;54,8;62,25
2023-03-30 15:00:00;4,534883720930233;41,116279069767444;43,23255813953488;47,1;57,45
2023-03-30 16:00:00;3,9767441860465116;35,651162790697676;53,83720930232558;55,5;49,55
2023-03-30 17:00:00;2,744186046511628;31,3953488372093;64,69767441860465;27,8;25,4
2023-03-30 18:00:00;2,7674418604651163;30,0;68,69767441860465;20,1;25,5
2023-03-30 19:00:00;2,75;30,0;69,27272727272727;30,9;25,5
2023-03-30 20:00:00;2,9767441860465116;29,46511627906977;70,13953488372093;26,9;40,95
2023-03-30 21:00:00;2,9318181818181817;29,0;72,18181818181819;23,8;21,35
2023-03-30 22:00:00;2,5813953488372094;29,0;73,4186046511628;15,9;26,45
2023-03-30 23:00:00;2,727272727272727;29,0;73,86363636363636;15,0;20,95
2023-03-31 00:00:00;2,7209302325581395;28,53488372093023;75,27906976744185;14,9;15,45
2023-03-31 01:00:00;3,6818181818181817;28,0;74,70454545454545;12,9;9,6
2023-03-31 02:00:00;4,214285714285714;28,0;76,0952380952381;12,2;9,55
2023-03-31 03:00:00;4,232558139534884;27,488372093023255;76,67441860465117;27,7;31,35
2023-03-31 04:00:00;4,204545454545454;27,0;76,31818181818181;13,0;20,35
2023-03-31 05:00:00;3,022727272727273;27,0;76,97727272727273;16,0;14,5
2023-03-31 06:00:00;2,9069767441860463;28,11627906976744;76,65116279069767;20,9;18,65
2023-03-31 07:00:00;2,3555555555555556;32,333333333333336;66,57777777777778;17,0;17,6
2023-03-31 08:00:00;3,558139534883721;37,18604651162791;52,93023255813954;22,1;28,45
2023-03-31 09:00:00;3,4318181818181817;39,72727272727273;43,86363636363637;30,8;28,950000000000003
2023-03-31 10:00:00;3,7674418604651163;39,76744186046512;42,44186046511628;22,2;34,65
2023-03-31 11:00:00;4,659090909090909;41,95454545454545;37,59090909090909;36,2;43,25
2023-03-31 12:00:00;4,813953488372093;42,86046511627907;36,604651162790695;50,3;43,25
2023-03-31 13:00:00;5,27906976744186;41,51162790697674;43,2093023255814;67,8;57,45
2023-03-31 14:00:00;4,883720930232558;41,44186046511628;45,55813953488372;59,0;60,75
2023-03-31 15:00:00;4,651162790697675;41,372093023255815;44,86046511627907;62,5;60,75
2023-03-31 16:00:00;4,232558139534884;36,53488372093023;49,95348837209303;35,6;33,75
2023-03-31 17:00:00;3,86046511627907;31,488372093023255;61,674418604651166;12,1;24,5
2023-03-31 18:00:00;3,840909090909091;30,886363636363637;64,38636363636364;19,0;35,3
2023-03-31 19:00:00;4,454545454545454;30,0;66,5;21,1;23,1
2023-03-31 20:00:00;3,7209302325581395;30,0;67,72093023255815;30,8;25,35
2023-03-31 21:00:00;3,7209302325581395;30,0;68,25581395348837;19,9;25,35
2023-04-04 09:00:00;3,5;33,0;59,73809523809524;38,0;41,4
2023-04-04 10:00:00;2,8372093023255816;33,46511627906977;58,81395348837209;41,8;38,65
2023-04-04 11:00:00;2,25;33,72727272727273;58,79545454545455;35,5;38,65
2023-04-04 13:00:00;2,577777777777778;35,888888888888886;53,44444444444444;22,9;26,15
2023-04-04 14:00:00;2,8636363636363638;37,02272727272727;50,77272727272727;19,0;48,0
2023-04-04 15:00:00;2,9767441860465116;32,651162790697676;58,81395348837209;23,1;33,95
2023-04-04 16:00:00;3,558139534883721;30,74418604651163;62,53488372093023;32,9;27,2
2023-04-04 17:00:00;4,627906976744186;29,27906976744186;64,67441860465117;31,8;30,950000000000003
2023-04-04 19:00:00;4,390243902439025;28,24390243902439;70,95121951219512;34,7;27,8
2023-04-04 20:00:00;4,613636363636363;27,227272727272727;74,31818181818181;22,7;20,85
2023-04-04 22:00:00;4,2439024390243905;27,121951219512194;78,21951219512195;24,9;34,55
2023-04-04 23:00:00;3,977777777777778;27,977777777777778;77,71111111111111;23,9;23,0
2023-04-05 00:00:00;4,023255813953488;27,930232558139537;77,74418604651163;22,1;23,0
2023-04-05 01:00:00;5,3023255813953485;27,069767441860463;78,48837209302326;30,8;21,0
2023-04-05 02:00:00;5,804878048780488;27,0;79,8048780487805;24,1;23,9
2023-04-05 03:00:00;5,948717948717949;26,692307692307693;80,97435897435898;32,7;28,200000000000003
2023-04-05 04:00:00;1,9767441860465116;25,441860465116278;87,86046511627907;19,0;15,7
2023-04-05 05:00:00;2,1666666666666665;25,38095238095238;91,83333333333333;22,0;20,8
2023-04-05 06:00:00;2,4651162790697674;26,27906976744186;89,53488372093024;24,9;22,45
2023-04-05 07:00:00;2,8372093023255816;27,372093023255815;85,97674418604652;24,1;21,3
2023-04-05 08:00:00;2,075;31,375;76,6;30,0;29,1
2023-04-05 09:00:00;1,9285714285714286;33,833333333333336;67,95238095238095;31,3;24,75
2023-04-05 10:00:00;2,0303030303030303;31,151515151515152;79,0;50,8;39,4
2023-04-05 11:00:00;2,4;30,875;95,0;39,4;30,65
2023-04-05 12:00:00;3,697674418604651;34,27906976744186;90,13953488372093;9,1;15,100000000000001
2023-04-05 13:00:00;3,4651162790697674;37,27906976744186;77,65116279069767;18,1;19,05
2023-04-05 14:00:00;3,4285714285714284;39,80952380952381;64,73809523809524;25,0;30,25
2023-04-05 15:00:00;3,5476190476190474;37,357142857142854;63,0;28,7;30,299999999999997
2023-04-05 16:00:00;3,375;30,85;75,45;16,3;21,05
2023-04-05 17:00:00;2,2051282051282053;29,0;83,46153846153847;38,0;29,45
2023-04-05 18:00:00;1,8372093023255813;29,0;86,32558139534883;39,2;26,150000000000002
2023-04-05 19:00:00;1,9736842105263157;28,86842105263158;88,23684210526316;53,7;45,8
2023-04-05 20:00:00;1,8918918918918919;28,513513513513512;89,83783783783784;37,9;45,8
2023-04-05 21:00:00;2,3255813953488373;27,953488372093023;92,6046511627907;33,8;27,849999999999998
2023-04-05 22:00:00;2,5681818181818183;27,0;94,95454545454545;33,8;28,95
2023-04-05 23:00:00;2,619047619047619;27,0;95,0;24,1;28,95
2023-04-06 00:00:00;2,261904761904762;27,0;95,0;32,7;27,35
2023-04-06 01:00:00;2,13953488372093;27,0;95,0;20,0;21,0
2023-04-06 02:00:00;2,186046511627907;27,0;95,0;22,0;21,0
2023-04-06 03:00:00;2,7209302325581395;27,0;95,0;23,8;19,9
2023-04-06 04:00:00;3,590909090909091;27,0;95,0;13,9;12,9
2023-04-06 05:00:00;2,9302325581395348;27,0;95,0;13,0;14,5
2023-04-06 06:00:00;2,75;27,0;95,0;16,0;19,9
2023-04-06 07:00:00;3,046511627906977;28,023255813953487;94,97674418604652;18,0;14,0
2023-04-06 08:00:00;3,1627906976744184;29,488372093023255;93,93023255813954;21,9;15,95
2023-04-06 09:00:00;3,590909090909091;31,59090909090909;87,45454545454545;21,1;17,1
2023-04-06 10:00:00;3,5121951219512195;35,829268292682926;70,70731707317073;27,0;30,05
2023-04-06 11:00:00;2,75;36,18181818181818;63,29545454545455;31,9;29,4
2023-04-06 12:00:00;2,738095238095238;35,26190476190476;63,095238095238095;26,9;29,4
2023-04-06 13:00:00;3,4523809523809526;37,76190476190476;56,69047619047619;23,8;25,4
2023-04-06 14:00:00;3,8372093023255816;40,906976744186046;50,76744186046512;17,1;33,25
2023-04-06 15:00:00;3,86046511627907;34,83720930232558;59,093023255813954;24,9;23,35
2023-04-06 16:00:00;3,3181818181818183;32,59090909090909;64,93181818181819;21,9;22,45
2023-04-06 17:00:00;3,272727272727273;29,363636363636363;72,75;18,9;48,0
2023-04-06 18:00:00;3,3255813953488373;29,0;75,88372093023256;17,1;21,450000000000003
2023-04-06 19:00:00;3,883720930232558;28,25581395348837;77,04651162790698;24,8;23,9
2023-04-06 20:00:00;4,0;28,0;79,0952380952381;15,2;20,1
2023-04-06 21:00:00;3,697674418604651;28,0;80,86046511627907;27,0;21,6
2023-04-12 22:00:00;2,8292682926829267;28,024390243902438;70,41463414634147;30,7;21,9
2023-04-12 23:00:00;3,2045454545454546;28,0;72,04545454545455;25,1;25,0
2023-04-13 00:00:00;5,071428571428571;28,0;72,42857142857143;29,9;28,799999999999997
2023-04-13 01:00:00;4,162790697674419;28,0;72,76744186046511;27,7;31,75
2023-04-13 02:00:00;4,4523809523809526;27,857142857142858;73,33333333333333;21,8;24,75
2023-04-13 03:00:00;3,13953488372093;27,0;73,86046511627907;18,0;18,95
2023-04-13 04:00:00;3,395348837209302;27,0;74,32558139534883;19,9;18,95
2023-04-13 05:00:00;4,681818181818182;27,0;74,04545454545455;19,0;20,85
2023-04-13 06:00:00;4,930232558139535;27,558139534883722;74,02325581395348;21,3;22,0
2023-04-13 07:00:00;5,627906976744186;31,72093023255814;69,72093023255815;30,7;30,35
2023-04-13 08:00:00;6,0;38,45238095238095;57,26190476190476;25,5;38,65
2023-04-13 09:00:00;4,609756097560975;39,24390243902439;53,65853658536585;41,2;44,25
2023-04-13 10:00:00;5,261904761904762;38,5;53,714285714285715;47,3;54,75
2023-04-13 11:00:00;5,372093023255814;38,16279069767442;52,83720930232558;27,8;40,25
2023-04-13 12:00:00;5,790697674418604;38,93023255813954;51,95348837209303;24,0;27,65
2023-04-13 13:00:00;6,372093023255814;39,16279069767442;50,651162790697676;26,4;41,0
2023-04-13 14:00:00;4,619047619047619;40,45238095238095;49,38095238095238;39,9;39,5
2023-04-13 15:00:00;4,906976744186046;36,74418604651163;54,95348837209303;37,5;36,7
2023-04-13 16:00:00;5,595238095238095;36,04761904761905;57,54761904761905;25,8;30,4
2023-04-13 17:00:00;4,9523809523809526;31,595238095238095;67,97619047619048;50,8;39,65
2023-04-13 18:00:00;4,023809523809524;30,047619047619047;71,16666666666667;47,8;40,25
2023-04-13 19:00:00;3,725;29,975;73,325;42,5;29,25
2023-04-13 20:00:00;3,5348837209302326;29,6046511627907;76,67441860465117;30,6;23,25
2023-04-13 21:00:00;4,232558139534884;29,441860465116278;78,32558139534883;21,5;15,65
2023-04-13 22:00:00;4,523809523809524;29,285714285714285;78,69047619047619;9,8;15,65
2023-04-13 23:00:00;4,023255813953488;29,0;80,0;5,9;15,45
2023-04-14 00:00:00;3,813953488372093;28,976744186046513;81,27906976744185;4,0;15,5
2023-04-14 01:00:00;4,604651162790698;28,11627906976744;82,65116279069767;6,2;13,65
2023-04-14 02:00:00;3,953488372093023;28,0;83,55813953488372;12,8;10,45
2023-04-14 03:00:00;4,767441860465116;28,0;84,4186046511628;8,9;8,5
2023-04-14 04:00:00;4,7073170731707314;28,0;83,46341463414635;8,1;14,600000000000001
2023-04-14 06:00:00;4,7560975609756095;28,634146341463413;82,90243902439025;21,1;13,65
2023-04-14 07:00:00;5,119047619047619;31,285714285714285;77,30952380952381;24,3;20,1
2023-04-14 08:00:00;4,674418604651163;34,83720930232558;68,34883720930233;33,1;27,6
2023-04-14 09:00:00;5,090909090909091;37,88636363636363;63,0;35,5;32,1
2023-04-14 10:00:00;5,0;40,833333333333336;54,476190476190474;23,5;32,35
2023-04-14 11:00:00;5,465116279069767;41,51162790697674;49,06976744186046;39,1;39,5
2023-04-14 12:00:00;4,837209302325581;39,46511627906977;51,55813953488372;71,4;58,75
2023-04-14 13:00:00;5,930232558139535;39,97674418604651;50,06976744186046;55,6;41,0
2023-04-14 14:00:00;4,5813953488372094;40,02325581395349;51,651162790697676;46,1;58,75
2023-04-14 15:00:00;4,181818181818182;40,56818181818182;50,77272727272727;49,4;33,25
2023-04-14 16:00:00;5,108108108108108;38,189189189189186;54,0;62,2;54,75
2023-04-14 17:00:00;1,8918918918918919;31,18918918918919;71,29729729729729;40,0;31,45
2023-04-14 18:00:00;1,8372093023255813;30,46511627906977;75,02325581395348;41,5;35,15
2023-04-14 19:00:00;2,391304347826087;30,0;78,97826086956522;28,0;26,15
2023-04-14 20:00:00;2,488372093023256;30,0;76,72093023255815;29,0;19,55
2023-04-14 21:00:00;1,6904761904761905;30,0;75,16666666666667;28,8;35,15
2023-04-14 22:00:00;1,8604651162790697;29,348837209302324;79,37209302325581;24,3;17,7
2023-04-15 00:00:00;2,86046511627907;25,74418604651163;95,0;26,2;18,6
2023-04-15 01:00:00;2,7209302325581395;25,0;95,0;6,0;6,5
2023-04-15 02:00:00;2,6363636363636362;25,0;95,0;7,0;6,5
2023-04-15 03:00:00;3,340909090909091;25,90909090909091;95,0;9,0;10,0
2023-04-15 04:00:00;3,395348837209302;26,0;95,0;11,0;10,0
2023-04-15 05:00:00;3,0930232558139537;26,0;95,0;11,0;10,0
2023-04-15 06:00:00;2,977272727272727;26,545454545454547;94,97727272727273;10,9;11,95
2023-04-15 07:00:00;3,0238095238095237;28,285714285714285;94,38095238095238;10,0;14,0
2023-04-15 08:00:00;2,0930232558139537;30,232558139534884;85,86046511627907;13,1;26,150000000000002
2023-04-15 09:00:00;2,0;35,45454545454545;75,18181818181819;20,0;31,55
2023-04-15 10:00:00;2,409090909090909;39,97727272727273;61,31818181818182;23,7;26,2
2023-04-15 11:00:00;1,8863636363636365;40,61363636363637;54,20454545454545;7,2;27,650000000000002
2023-04-15 12:00:00;1,9767441860465116;39,58139534883721;55,93023255813954;23,9;36,0
2023-04-15 13:00:00;2,073170731707317;38,926829268292686;56,170731707317074;20,9;22,4
2023-04-15 14:00:00;2,2045454545454546;40,81818181818182;51,09090909090909;16,9;28,55
2023-04-15 15:00:00;2,604651162790698;34,116279069767444;59,93023255813954;15,0;29,5
2023-04-15 16:00:00;2,2222222222222223;31,2;69,86666666666666;20,9;21,95
2023-04-15 17:00:00;3,0476190476190474;29,261904761904763;73,28571428571429;77,1;46,5
2023-04-15 18:00:00;3,6744186046511627;29,0;75,97674418604652;25,8;27,25
2023-04-15 19:00:00;3,697674418604651;29,0;78,34883720930233;19,8;20,65
2023-04-15 20:00:00;3,8095238095238093;26,976190476190474;89,66666666666667;12,9;18,9
2023-04-15 21:00:00;4,4523809523809526;26,023809523809526;95,0;11,0;10,05
2023-04-15 22:00:00;3,9545454545454546;26,75;95,0;11,9;12,9
2023-04-15 23:00:00;4,325581395348837;25,837209302325583;95,0;9,1;10,05
2023-04-16 00:00:00;4,488888888888889;24,644444444444446;95,0;15,0;14,5
2023-04-16 01:00:00;2,659090909090909;24,886363636363637;94,97727272727273;19,8;13,4
2023-04-16 03:00:00;4,095238095238095;25,0;94,80952380952381;14,0;14,5
2023-04-16 04:00:00;2,813953488372093;25,0;94,06976744186046;14,0;16,9
2023-04-16 05:00:00;3,022222222222222;25,0;92,15555555555555;16,0;17,4
2023-04-16 06:00:00;2,9523809523809526;25,428571428571427;89,23809523809524;20,0;22,45
2023-04-16 07:00:00;2,409090909090909;28,0;80,75;24,8;19,85
2023-04-16 08:00:00;2,022727272727273;32,93181818181818;67,29545454545455;18,2;17,6
2023-04-16 09:00:00;1,8636363636363635;34,5;61,25;31,7;28,45
2023-04-16 10:00:00;1,7272727272727273;35,68181818181818;56,86363636363637;17,2;25,1
2023-04-16 11:00:00;1,9318181818181819;36,15909090909091;55,38636363636363;29,7;33,3
2023-04-16 12:00:00;1,9069767441860466;37,093023255813954;52,395348837209305;17,8;19,450000000000003
2023-04-16 13:00:00;2,1627906976744184;38,02325581395349;49,348837209302324;11,1;44,05
2023-04-16 14:00:00;1,9523809523809523;40,19047619047619;45,642857142857146;20,8;42,25
2023-04-16 15:00:00;1,744186046511628;39,76744186046512;43,30232558139535;11,3;27,450000000000003
2023-04-16 16:00:00;1,9285714285714286;36,26190476190476;50,07142857142857;29,8;49,449999999999996
2023-04-16 17:00:00;2,2954545454545454;29,318181818181817;67,20454545454545;22,8;23,4
2023-04-16 18:00:00;2,4523809523809526;28,0;71,35714285714286;15,1;18,05
2023-04-16 19:00:00;2,2325581395348837;27,3953488372093;74,32558139534883;21,8;19,35
2023-04-16 20:00:00;2,022727272727273;27,0;73,27272727272727;15,1;17,9
2023-04-16 21:00:00;2,119047619047619;27,0;72,28571428571429;22,0;21,95
2023-04-16 22:00:00;2,2444444444444445;27,0;72,22222222222223;21,9;21,95
2023-04-16 23:00:00;2,046511627906977;27,0;72,74418604651163;17,0;24,8
2023-04-17 00:00:00;1,9333333333333333;27,0;73,53333333333333;20,7;16,85
2023-04-17 01:00:00;1,8048780487804879;27,0;73,6829268292683;9,0;11,0
2023-04-17 02:00:00;1,9090909090909092;26,863636363636363;73,6590909090909;13,0;11,0
2023-04-17 03:00:00;1,5476190476190477;26,571428571428573;73,9047619047619;14,9;13,95
2023-04-17 04:00:00;2,0697674418604652;26,0;75,51162790697674;10,9;44,650000000000006
2023-04-17 05:00:00;1,8863636363636365;25,795454545454547;76,95454545454545;7,1;8,1
2023-04-17 06:00:00;2,046511627906977;25,976744186046513;78,62790697674419;16,8;45,65
2023-04-17 07:00:00;2,2093023255813953;29,511627906976745;74,3953488372093;9,1;15,0
2023-04-17 08:00:00;1,2222222222222223;37,24444444444445;61,84444444444444;20,0;25,95
2023-04-17 09:00:00;1,1904761904761905;38,11904761904762;54,54761904761905;21,0;21,55
2023-04-17 10:00:00;1,1627906976744187;38,44186046511628;52,883720930232556;22,0;21,55
2023-04-17 11:00:00;1,441860465116279;37,372093023255815;54,25581395348837;22,1;29,5
2023-04-17 12:00:00;1,5365853658536586;35,609756097560975;56,09756097560975;33,0;38,6
2023-04-17 13:00:00;1,3255813953488371;36,72093023255814;54,86046511627907;36,9;33,3
2023-04-17 14:00:00;1,0476190476190477;39,11904761904762;50,92857142857143;36,0;52,4
2023-04-17 15:00:00;1,0227272727272727;39,59090909090909;49,5;37,7;62,050000000000004
2023-04-17 16:00:00;1,4651162790697674;36,348837209302324;53,116279069767444;25,9;23,5
2023-04-17 17:00:00;2,0454545454545454;30,25;67,61363636363636;24,0;41,2
2023-04-17 18:00:00;2,5681818181818183;29,0;69,97727272727273;27,0;41,0
2023-04-17 19:00:00;1,9534883720930232;29,0;70,46511627906976;30,6;28,8
2023-04-17 20:00:00;2,25;28,795454545454547;71,20454545454545;13,1;21,85
2023-04-17 21:00:00;2,0697674418604652;28,0;71,6046511627907;21,0;18,05
2023-04-17 22:00:00;1,9090909090909092;28,0;72,77272727272727;23,8;20,4
2023-04-17 23:00:00;2,6904761904761907;27,285714285714285;74,61904761904762;16,9;18,4
2023-04-18 00:00:00;2,5;27,0;77,71428571428571;13,9;13,45
2023-04-18 01:00:00;2,1363636363636362;27,0;79,47727272727273;10,0;11,0
2023-04-18 02:00:00;2,0714285714285716;26,761904761904763;80,64285714285714;14,0;11,1
2023-04-18 03:00:00;2,2222222222222223;26,0;80,64444444444445;16,8;36,95
2023-04-18 04:00:00;2,0952380952380953;26,0;81,07142857142857;10,2;33,65
2023-04-18 05:00:00;2,0930232558139537;26,0;82,3953488372093;22,7;23,2
2023-04-18 06:00:00;1,9090909090909092;27,181818181818183;80,68181818181819;8,2;11,1
2023-04-18 07:00:00;1,8333333333333333;29,928571428571427;76,57142857142857;24,1;26,0
2023-04-18 08:00:00;1,3488372093023255;36,25581395348837;64,16279069767442;34,2;33,05
2023-04-18 09:00:00;1,4090909090909092;39,75;55,56818181818182;48,1;36,0
2023-04-18 10:00:00;1,558139534883721;39,627906976744185;51,23255813953488;56,5;46,25
2023-04-18 11:00:00;1,4772727272727273;40,86363636363637;48,75;32,0;52,3
2023-04-18 12:00:00;3,604651162790698;42,13953488372093;44,16279069767442;33,9;48,2
2023-04-18 13:00:00;3,8333333333333335;43,76190476190476;40,19047619047619;30,5;44,9
2023-04-18 14:00:00;4,844444444444444;44,06666666666667;40,666666666666664;59,3;44,9
2023-04-18 15:00:00;5,404761904761905;42,904761904761905;44,666666666666664;78,9;68,95
2023-04-18 16:00:00;4,439024390243903;39,31707317073171;49,73170731707317;73,3;54,15
2023-04-18 17:00:00;3,3793103448275863;33,6551724137931;61,03448275862069;35,0;26,4
2023-04-18 18:00:00;2,8260869565217392;32,0;68,17391304347827;38,4;50,099999999999994
2023-04-18 19:00:00;2,92;32,0;68,36;61,8;50,099999999999994
2023-04-18 20:00:00;2,5384615384615383;31,0;70,88461538461539;55,6;46,650000000000006
2023-04-18 21:00:00;2,2285714285714286;31,0;71,37142857142857;37,7;37,7
2023-04-18 22:00:00;1,9615384615384615;30,76923076923077;73,0;26,1;24,0
2023-04-18 23:00:00;1,6785714285714286;30,0;73,42857142857143;31,9;23,45
2023-04-19 00:00:00;1,8076923076923077;30,0;73,96153846153847;28,0;24,05
2023-04-19 01:00:00;1,84;29,56;76,68;27,9;26,0
2023-04-19 02:00:00;1,8846153846153846;29,0;79,73076923076923;26,0;27,9
2023-04-19 03:00:00;2,0689655172413794;29,0;79,82758620689656;29,8;27,9
2023-04-19 04:00:00;2,0;29,0;83,43478260869566;20,9;29,45
2023-04-19 05:00:00;1,9655172413793103;29,0;84,0;19,0;28,5
2023-04-19 06:00:00;2,111111111111111;29,25925925925926;82,74074074074075;20,1;20,5
2023-04-19 07:00:00;2,25;30,285714285714285;80,5;28,9;26,6
2023-04-19 08:00:00;2,5675675675675675;32,054054054054056;76,56756756756756;28,2;29,1
2023-04-19 09:00:00;3,0454545454545454;33,52272727272727;72,93181818181819;43,1;41,55
2023-04-19 10:00:00;3,3488372093023258;37,16279069767442;67,18604651162791;52,0;42,55
2023-04-19 11:00:00;5,161290322580645;40,225806451612904;58,516129032258064;51,8;38,65
2023-04-19 12:00:00;11,714285714285714;40,142857142857146;49,333333333333336;41,0;73,0
2023-04-19 13:00:00;10,095238095238095;41,904761904761905;45,80952380952381;46,0;75,5
2023-04-19 14:00:00;10,119047619047619;42,04761904761905;47,666666666666664;105,0;75,5
2023-04-19 15:00:00;39,06666666666667;41,955555555555556;50,37777777777778;104,3;61,8
2023-04-19 16:00:00;23,102564102564102;38,717948717948715;55,92307692307692;66,4;39,800000000000004
2023-04-19 17:00:00;58,31428571428572;33,08571428571429;64,0;33,4;23,7
2023-04-19 18:00:00;21,791666666666668;31,916666666666668;67,45833333333333;56,9;49,349999999999994
2023-04-19 19:00:00;33,04;31,04;73,36;54,9;39,0
2023-04-19 20:00:00;44,65384615384615;29,153846153846153;82,38461538461539;51,3;38,099999999999994
2023-04-19 21:00:00;30,84;29,0;79,96;15,0;21,9
2023-04-19 22:00:00;34,54838709677419;27,29032258064516;89,25806451612904;19,8;18,9
2023-04-19 23:00:00;17,636363636363637;27,727272727272727;87,15151515151516;14,0;14,3
2023-04-20 00:00:00;16,04;27,56;84,72;14,6;14,3
2023-04-20 01:00:00;18,04;27,96;81,76;49,4;41,099999999999994
2023-04-20 02:00:00;18,818181818181817;28,0;79,18181818181819;15,9;13,45
2023-04-20 03:00:00;18,5;28,0;79,23076923076923;11,0;13,45
2023-04-20 04:00:00;19,083333333333332;28,0;79,91666666666667;14,1;15,0
2023-04-20 05:00:00;20,307692307692307;28,0;82,26923076923077;22,1;27,45
2023-04-20 06:00:00;19,5;28,05;81,85;32,8;27,45
2023-04-20 07:00:00;24,56;30,64;75,4;27,0;21,95
2023-04-20 08:00:00;21,825;36,325;57,625;27,1;20,15
2023-04-20 09:00:00;16,511627906976745;36,906976744186046;54,76744186046512;35,8;31,45
2023-04-20 10:00:00;18,25581395348837;37,604651162790695;53,604651162790695;27,1;32,400000000000006
2023-04-20 11:00:00;18,30952380952381;36,166666666666664;54,857142857142854;37,7;32,400000000000006
2023-04-20 12:00:00;17,86046511627907;35,0;57,883720930232556;23,3;30,5
2023-04-20 13:00:00;21,0;32,20454545454545;67,56818181818181;41,8;49,349999999999994
2023-04-20 14:00:00;20,69047619047619;30,857142857142858;71,66666666666667;30,8;26,15
2023-04-20 15:00:00;20,6875;29,86111111111111;73,30555555555556;21,5;26,15
2023-04-24 08:00:00;24,52173913043478;31,46875;61,875;12,1;19,6
2023-04-24 09:00:00;11,348837209302326;31,953488372093023;59,83720930232558;20,1;17,05
2023-04-24 10:00:00;10,744186046511627;33,627906976744185;56,02325581395349;30,9;29,0
2023-04-24 11:00:00;10,465116279069768;35,30232558139535;50,25581395348837;26,0;26,05
2023-04-24 12:00:00;10,5;36,30952380952381;47,785714285714285;29,8;26,950000000000003
2023-04-24 13:00:00;9,272727272727273;36,29545454545455;46,79545454545455;24,1;26,950000000000003
2023-04-24 14:00:00;8,761904761904763;38,23809523809524;43,23809523809524;31,7;29,1
2023-04-24 15:00:00;10,625;34,0625;51,34375;17,6;24,25
2023-04-24 16:00:00;14,023255813953488;30,651162790697676;60,76744186046512;53,6;41,1
2023-04-24 17:00:00;11,625;28,208333333333332;69,5;30,9;35,4
2023-04-24 18:00:00;11,68;27,32;73,6;26,1;17,05
2023-04-24 19:00:00;11,363636363636363;27,09090909090909;77,77272727272727;32,0;23,5
2023-04-24 20:00:00;9,655172413793103;26,896551724137932;81,51724137931035;33,8;24,9
2023-04-24 21:00:00;13,333333333333334;26,40740740740741;83,25925925925925;22,8;20,85
2023-04-24 22:00:00;8,96875;26,0;88,6875;14,1;22,35
2023-04-24 23:00:00;8,931034482758621;25,137931034482758;93,34482758620689;23,9;19,0
2023-04-25 00:00:00;7,84;25,0;94,12;19,0;21,45
2023-04-25 01:00:00;10,387096774193548;25,0;92,06451612903226;24,1;22,1
2023-04-25 02:00:00;9,35;25,0;89,65;30,6;22,35
2023-04-25 03:00:00;8,0;24,952380952380953;92,66666666666667;12,9;18,4
2023-04-25 04:00:00;9,448275862068966;24,0;95,0;11,9;10,5
2023-04-25 05:00:00;9,875;24,083333333333332;95,0;9,1;10,5
2023-04-25 06:00:00;11,071428571428571;25,0;94,85714285714286;19,8;23,4
2023-04-25 07:00:00;9,625;25,416666666666668;93,625;14,1;19,0
2023-04-25 08:00:00;9,6;28,966666666666665;79,06666666666666;24,0;28,0
2023-04-25 09:00:00;8,545454545454545;33,18181818181818;64,45454545454545;26,0;17,5
2023-04-25 10:00:00;10,818181818181818;33,38636363636363;62,88636363636363;26,1;28,35
2023-04-25 11:00:00;10,69767441860465;32,30232558139535;67,16279069767442;33,1;39,400000000000006
2023-04-25 12:00:00;10,69767441860465;34,7906976744186;57,7906976744186;38,8;33,9
2023-04-25 13:00:00;10,511111111111111;34,0;59,355555555555554;29,0;33,9
2023-04-25 14:00:00;9,55813953488372;35,95348837209303;56,116279069767444;32,1;35,45
2023-04-25 15:00:00;8,904761904761905;37,833333333333336;51,476190476190474;39,8;36,8
2023-04-25 16:00:00;13,022222222222222;32,55555555555556;63,37777777777778;30,6;28,35
2023-04-25 17:00:00;17,952380952380953;28,833333333333332;74,4047619047619;11,1;16,3
2023-04-25 18:00:00;12,954545454545455;27,5;82,5909090909091;18,9;20,85
2023-04-25 19:00:00;10,674418604651162;27,11627906976744;85,86046511627907;13,9;14,0
2023-04-25 20:00:00;12,311111111111112;26,044444444444444;90,71111111111111;12,1;18,1
2023-04-25 21:00:00;11,522727272727273;26,181818181818183;93,11363636363636;20,1;24,0
2023-04-25 22:00:00;11,238095238095237;26,0;94,92857142857143;27,0;23,4
2023-04-25 23:00:00;12,045454545454545;26,0;93,88636363636364;27,9;24,0
2023-04-26 00:00:00;15,093023255813954;26,0;94,51162790697674;26,0;26,45
2023-04-26 01:00:00;14,333333333333334;26,0;94,95555555555555;26,0;26,0
2023-04-26 02:00:00;15,105263157894736;25,68421052631579;94,78947368421052;26,9;26,45
2023-04-26 03:00:00;20,366666666666667;24,2;95,0;22,8;17,35
2023-04-26 04:00:00;25,041666666666668;24,041666666666668;95,0;11,9;15,45
2023-04-26 05:00:00;30,107142857142858;24,285714285714285;95,0;8,2;13,6
2023-04-26 06:00:00;32,193548387096776;25,258064516129032;95,0;21,8;15,0
2023-04-26 07:00:00;36,22222222222222;26,62962962962963;94,92592592592592;16,0;15,45
2023-04-26 08:00:00;32,35;34,125;72,575;20,1;24,65
2023-04-26 09:00:00;34,63636363636363;33,121212121212125;70,6969696969697;29,2;24,65
2023-04-26 10:00:00;50,303030303030305;33,39393939393939;68,57575757575758;41,0;29,6
2023-04-26 11:00:00;52,354838709677416;35,12903225806452;63,25806451612903;40,8;33,75
2023-04-26 12:00:00;41,074074074074076;33,407407407407405;66,92592592592592;32,9;31,049999999999997
2023-04-26 16:00:00;79,33333333333333;35,35897435897436;61,23076923076923;41,6;29,25
2023-04-26 17:00:00;55,35;29,2;77,275;19,2;29,5
2023-04-26 18:00:00;41,59375;28,21875;80,5625;34,0;35,95
2023-04-26 19:00:00;39,03703703703704;28,962962962962962;83,14814814814815;36,9;35,849999999999994
2023-04-26 20:00:00;38,36363636363637;29,0;84,0909090909091;34,8;35,849999999999994
2023-04-26 21:00:00;38,904761904761905;28,80952380952381;85,76190476190476;24,9;29,849999999999998
2023-04-26 22:00:00;40,48;28,0;88,24;22,9;21,4
2023-04-26 23:00:00;39,041666666666664;27,541666666666668;90,41666666666667;19,9;16,95
2023-04-27 01:00:00;35,52173913043478;27,0;90,52173913043478;18,0;15,0
2023-04-27 02:00:00;37,125;27,0;91,33333333333333;18,8;15,4
2023-04-27 03:00:00;36,69230769230769;26,5;89,96153846153847;12,0;12,05
2023-04-27 04:00:00;36,0625;26,34375;89,09375;12,1;16,45
2023-04-27 05:00:00;36,42307692307692;27,0;88,8076923076923;20,8;16,45
2023-04-27 06:00:00;29,2;27,32;85,08;11,1;13,05
2023-04-27 07:00:00;21,73076923076923;29,192307692307693;77,26923076923077;16,9;21,95
2023-04-27 08:00:00;23,75;37,38636363636363;55,43181818181818;13,2;39,800000000000004
2023-04-27 09:00:00;24,837209302325583;39,883720930232556;47,116279069767444;27,9;26,35
2023-04-27 10:00:00;26,511627906976745;39,395348837209305;45,93023255813954;24,8;26,35
2023-04-27 11:00:00;31,714285714285715;38,904761904761905;46,42857142857143;18,9;17,9
2023-04-27 12:00:00;34,95454545454545;40,04545454545455;44,22727272727273;16,9;17,9
2023-04-27 13:00:00;31,5;40,15909090909091;42,68181818181818;16,1;16,5
2023-04-27 14:00:00;39,56818181818182;41,13636363636363;42,13636363636363;26,4;21,65
2023-04-27 15:00:00;53,76470588235294;42,61764705882353;40,970588235294116;53,2;46,95
2023-04-27 16:00:00;93,97058823529412;36,1764705882353;59,794117647058826;66,3;48,599999999999994
2023-04-27 17:00:00;53,51724137931034;30,689655172413794;73,51724137931035;29,0;21,5
2023-04-27 18:00:00;45,72727272727273;29,96969696969697;77,12121212121212;30,7;24,15
2023-04-27 19:00:00;47,88461538461539;29,26923076923077;78,3076923076923;17,6;23,8
2023-04-27 20:00:00;41,63636363636363;28,0;82,86363636363636;51,7;37,25
2023-04-27 21:00:00;35,82608695652174;28,0;80,52173913043478;35,8;35,3
2023-04-27 22:00:00;35,13333333333333;28,0;77,93333333333334;28,0;35,4
2023-04-27 23:00:00;30,863636363636363;28,0;77,54545454545455;28,2;27,049999999999997
2023-04-28 00:00:00;35,32;28,0;77,4;42,8;35,4
2023-04-28 01:00:00;40,041666666666664;28,25;79,54166666666667;32,5;33,25
2023-04-28 02:00:00;36,5;28,041666666666668;80,375;63,5;49,65
2023-04-28 03:00:00;41,95652173913044;28,52173913043478;80,34782608695652;37,9;35,95
2023-04-28 04:00:00;35,23076923076923;28,192307692307693;80,92307692307692;34,8;35,3
2023-04-28 05:00:00;34,96296296296296;28,0;84,25925925925925;25,9;20,9
2023-04-28 06:00:00;36,69565217391305;27,652173913043477;83,82608695652173;23,2;24,549999999999997
2023-04-28 07:00:00;90,84;30,12;76,24;35,0;34,95
2023-04-28 08:00:00;132,38636363636363;37,81818181818182;55,15909090909091;40,0;34,5
2023-04-28 09:00:00;140,0;38,55813953488372;51,883720930232556;39,8;36,849999999999994
2023-04-28 10:00:00;144,33333333333334;36,833333333333336;53,357142857142854;33,9;36,849999999999994
2023-04-28 11:00:00;132,4390243902439;35,63414634146341;53,53658536585366;29,0;34,5
2023-04-28 12:00:00;113,55;33,675;59,675;31,2;31,1
2023-04-28 13:00:00;63,291666666666664;27,625;79,70833333333333;45,7;36,45
2023-04-28 14:00:00;48,0;27,473684210526315;80,05263157894737;30,0;23,8
2023-04-28 15:00:00;48,5;28,96153846153846;74,76923076923077;31,6;31,15
2023-04-28 16:00:00;58,7037037037037;29,037037037037038;75,11111111111111;9,5;16,2
2023-04-28 17:00:00;57,04761904761905;27,857142857142858;78,71428571428571;42,3;39,0
2023-04-28 18:00:00;83,51851851851852;27,185185185185187;77,92592592592592;64,3;48,099999999999994
2023-04-28 19:00:00;50,275862068965516;27,103448275862068;79,27586206896552;29,1;29,55
2023-04-28 20:00:00;57,64;27,0;80,52;35,7;39,0
2023-04-28 21:00:00;50,92307692307692;27,0;82,34615384615384;23,0;26,05
2023-04-28 22:00:00;42,80952380952381;27,0;80,80952380952381;24,9;29,45
2023-04-28 23:00:00;41,0;27,0;82,55555555555556;22,8;37,25
2023-04-29 00:00:00;39,05882352941177;26,235294117647058;90,76470588235294;14,0;16,95
2023-04-29 01:00:00;36,6;25,72;94,32;14,9;15,45
2023-04-29 02:00:00;37,592592592592595;25,22222222222222;93,18518518518519;12,0;13,45
2023-04-29 03:00:00;35,708333333333336;25,0;94,29166666666667;16,8;15,850000000000001
2023-04-29 04:00:00;63,333333333333336;25,083333333333332;94,79166666666667;7,1;15,05
2023-04-29 05:00:00;45,0;26,0;94,125;17,9;13,95
2023-04-29 06:00:00;68,88461538461539;26,26923076923077;91,34615384615384;17,1;19,450000000000003
2023-04-29 07:00:00;67,30434782608695;27,782608695652176;86,78260869565217;24,1;17,1
2023-04-29 08:00:00;81,88461538461539;29,153846153846153;79,92307692307692;31,9;48,099999999999994
2023-04-29 09:00:00;95,41666666666667;30,88888888888889;70,86111111111111;31,0;32,95
2023-04-29 10:00:00;90,29411764705883;31,41176470588235;71,47058823529412;34,9;32,9
2023-04-29 11:00:00;87,10810810810811;31,43243243243243;70,32432432432432;30,9;32,9
2023-04-29 12:00:00;72,75;31,61111111111111;70,5;29,7;27,25
2023-04-29 13:00:00;80,64102564102564;33,794871794871796;62,64102564102564;16,9;29,25
2023-04-29 14:00:00;58,93333333333333;32,6;66,33333333333333;14,0;23,7
2023-04-29 16:00:00;50,57142857142857;30,5;70,21428571428571;18,2;29,6
2023-04-29 17:00:00;44,523809523809526;28,047619047619047;79,42857142857143;29,7;27,299999999999997
2023-04-29 18:00:00;33,46153846153846;27,26923076923077;85,73076923076923;15,9;20,9
2023-04-29 19:00:00;52,32142857142857;27,0;89,42857142857143;12,9;15,899999999999999
2023-04-29 20:00:00;67,63636363636364;27,0;89,81818181818181;10,1;13,600000000000001
2023-04-29 21:00:00;69,6923076923077;27,0;90,46153846153847;16,0;16,55
2023-04-29 22:00:00;83,53571428571429;26,678571428571427;93,96428571428571;19,0;14,0
2023-04-29 23:00:00;73,10344827586206;26,24137931034483;94,6896551724138;23,9;18,4
2023-04-30 00:00:00;68,70833333333333;26,958333333333332;92,20833333333333;21,8;19,450000000000003
2023-04-30 01:00:00;83,0;26,076923076923077;94,88461538461539;10,9;14,95
2023-04-30 02:00:00;83,95833333333333;26,0;94,79166666666667;9,0;14,0
2023-04-30 03:00:00;71,58333333333333;26,0;94,625;12,9;18,4
2023-04-30 04:00:00;69,03703703703704;26,185185185185187;94,0;11,9;13,0
2023-04-30 05:00:00;46,13793103448276;26,0;93,86206896551724;10,0;13,95
2023-04-30 06:00:00;69,60714285714286;26,607142857142858;93,39285714285714;14,1;13,0
2023-04-30 07:00:00;63,21739130434783;27,26086956521739;89,56521739130434;23,0;23,55
2023-04-30 08:00:00;61,6;28,52;84,56;27,2;31,450000000000003
2023-04-30 09:00:00;53,82142857142857;30,25;77,71428571428571;39,8;29,5
2023-04-30 10:00:00;81,71428571428571;33,51428571428571;66,42857142857143;29,8;23,35
2023-04-30 11:00:00;76,16666666666667;32,833333333333336;66,05555555555556;21,9;25,799999999999997
2023-04-30 12:00:00;61,921052631578945;31,81578947368421;67,39473684210526;20,8;17,4
2023-04-30 13:00:00;63,270270270270274;30,864864864864863;71,24324324324324;9,0;15,95
2023-04-30 14:00:00;54,607142857142854;29,571428571428573;74,03571428571429;14,0;21,5
2023-04-30 15:00:00;43,65217391304348;27,043478260869566;84,56521739130434;18,8;35,25
2023-04-30 16:00:00;38,869565217391305;25,391304347826086;94,6086956521739;12,0;12,55
2023-04-30 18:00:00;41,38461538461539;24,03846153846154;95,0;11,0;12,05
2023-04-30 19:00:00;47,25;24,5;95,0;11,0;10,5
2023-04-30 20:00:00;40,28;24,84;95,0;13,1;12,05
2023-04-30 21:00:00;28,925925925925927;25,0;95,0;19,0;13,6
2023-05-04 09:00:00;52,29545454545455;38,02272727272727;48,36363636363637;30,4;35,55
2023-05-04 10:00:00;45,86363636363637;36,45454545454545;52,72727272727273;15,1;11,05
2023-05-04 11:00:00;35,95348837209303;36,76744186046512;53,16279069767442;19,3;26,799999999999997
2023-05-04 12:00:00;31,86111111111111;36,27777777777778;55,361111111111114;27,2;30,75
2023-05-04 17:00:00;34,30769230769231;29,03846153846154;75,92307692307692;23,1;32,95
2023-05-04 18:00:00;31,791666666666668;29,0;77,875;25,9;27,049999999999997
2023-05-04 19:00:00;33,74193548387097;28,870967741935484;78,03225806451613;25,1;26,55
2023-05-04 20:00:00;30,19047619047619;28,0;80,19047619047619;28,8;27,35
2023-05-04 21:00:00;32,32;28,0;80,36;23,6;19,3
2023-05-04 22:00:00;30,55;28,0;80,8;25,9;27,35
2023-05-04 23:00:00;27,05263157894737;28,0;81,78947368421052;19,9;17,45
2023-05-05 00:00:00;28,238095238095237;27,38095238095238;83,42857142857143;15,0;13,05
2023-05-05 01:00:00;25,57894736842105;27,36842105263158;84,89473684210526;19,0;20,4
2023-05-05 02:00:00;25,333333333333332;27,0;87,0952380952381;21,8;20,4
2023-05-05 03:00:00;30,434782608695652;26,043478260869566;88,82608695652173;12,1;14,0
2023-05-05 04:00:00;44,0;26,0;88,95238095238095;18,0;20,45
2023-05-05 05:00:00;49,888888888888886;25,59259259259259;88,92592592592592;18,9;15,899999999999999
2023-05-05 06:00:00;55,44;25,56;88,52;18,1;15,5
2023-05-05 07:00:00;54,43478260869565;27,08695652173913;82,69565217391305;21,1;28,400000000000002
2023-05-05 08:00:00;50,64102564102564;36,53846153846154;57,05128205128205;26,5;26,6
2023-05-05 09:00:00;51,523809523809526;39,07142857142857;47,92857142857143;40,7;35,55
2023-05-05 10:00:00;53,76190476190476;38,476190476190474;49,69047619047619;32,1;31,25
2023-05-05 11:00:00;46,30952380952381;36,904761904761905;54,95238095238095;7,0;11,05
2023-05-05 12:00:00;43,714285714285715;36,357142857142854;55,57142857142857;11,2;17,1
2023-05-05 13:00:00;45,348837209302324;35,16279069767442;57,604651162790695;23,0;17,1
2023-05-05 14:00:00;54,31707317073171;34,46341463414634;59,73170731707317;26,7;33,75
2023-05-05 15:00:00;57,82857142857143;36,17142857142857;54,6;11,0;21,55
2023-05-05 16:00:00;64,03703703703704;32,851851851851855;61,96296296296296;15,1;17,95
2023-05-05 17:00:00;69,6923076923077;29,153846153846153;72,73076923076923;24,8;27,25
2023-05-05 18:00:00;73,375;28,0;76,25;18,2;21,5
2023-05-05 19:00:00;113,57894736842105;28,0;79,26923076923077;30,0;30,5
2023-05-22 16:00:00;12,75;29,1875;66,25;6,9;21,9
2023-05-23 11:00:00;10,2;30,56;70,24;6,1;9,5
2023-05-23 12:00:00;6,851851851851852;28,62962962962963;76,88888888888889;10,2;26,450000000000003
2023-05-23 13:00:00;2,2857142857142856;28,857142857142858;75,19047619047619;16,0;20,0
2023-05-23 14:00:00;4,444444444444445;27,962962962962962;81,44444444444444;16,2;21,6
2023-05-23 15:00:00;3,25;27,3125;78,4375;22,7;28,200000000000003
2023-05-23 16:00:00;3,1;28,0;76,4;16,4;18,65
2023-05-23 17:00:00;4,9;27,9;77,7;28,8;17,35
2023-05-23 18:00:00;2,3333333333333335;26,0;82,0;23,7;23,2
2023-05-23 19:00:00;2,586206896551724;25,79310344827586;81,58620689655173;16,9;20,299999999999997
2023-05-23 20:00:00;2,1333333333333333;24,1;89,96666666666667;14,8;17,4
2023-05-23 21:00:00;3,6296296296296298;24,0;92,5925925925926;11,1;19,6
2023-05-23 22:00:00;2,5757575757575757;24,0;94,36363636363636;14,1;17,35
2023-05-23 23:00:00;1,794871794871795;24,0;94,6923076923077;18,0;19,15
2023-05-24 00:00:00;2,103448275862069;24,0;95,0;20,3;19,15
2023-05-24 01:00:00;2,6666666666666665;24,375;93,08333333333333;28,1;24,55
2023-05-24 02:00:00;4,676470588235294;24,0;91,44117647058823;5,0;5,75
2023-05-24 03:00:00;3,742857142857143;24,0;91,37142857142857;6,5;5,75
2023-05-24 04:00:00;2,3636363636363638;24,0;93,54545454545455;21,0;24,55
2023-05-24 05:00:00;1,95;24,0;94,125;20,6;19,3
2023-05-24 06:00:00;2,772727272727273;24,136363636363637;95,0;9,8;11,95
2023-05-24 09:00:00;2,5357142857142856;26,392857142857142;87,28571428571429;12,4;15,45
2023-05-24 10:00:00;4,260869565217392;28,434782608695652;79,0;25,0;20,1
2023-05-24 11:00:00;1,7692307692307692;30,192307692307693;71,76923076923077;26,0;26,85
2023-05-24 12:00:00;5,206896551724138;32,37931034482759;67,27586206896552;28,5;39,65
2023-05-24 13:00:00;4,032258064516129;33,61290322580645;60,38709677419355;43,7;39,35
2023-05-24 14:00:00;3,2580645161290325;31,548387096774192;62,74193548387097;37,2;40,5
2023-05-24 15:00:00;4,361111111111111;34,77777777777778;53,97222222222222;43,6;49,55
2023-05-24 16:00:00;6,4;30,566666666666666;59,43333333333333;34,9;32,5
2023-05-24 17:00:00;1,7727272727272727;27,681818181818183;67,68181818181819;34,5;36,9
2023-05-24 18:00:00;4,65;26,8;73,4;50,1;36,0
2023-05-24 19:00:00;3,2962962962962963;26,074074074074073;75,14814814814815;53,3;47,099999999999994
2023-05-24 20:00:00;2,56;26,92;74,4;64,3;42,099999999999994
2023-05-24 21:00:00;2,5416666666666665;25,625;78,41666666666667;74,5;41,0
2023-05-24 22:00:00;2,2916666666666665;25,0;79,75;60,4;39,6
2023-05-24 23:00:00;3,5;25,0;79,57692307692308;46,3;29,65
2023-05-25 00:00:00;4,291666666666667;25,0;80,33333333333333;54,4;43,15
2023-05-25 01:00:00;1,5833333333333333;24,458333333333332;81,54166666666667;37,6;33,0
2023-05-25 02:00:00;2,25;25,0;81,5;28,4;33,0
2023-05-25 03:00:00;7,928571428571429;24,714285714285715;82,46428571428571;40,2;31,0
2023-05-25 04:00:00;3,75;25,0;81,71428571428571;17,4;18,799999999999997
2023-05-25 06:00:00;3,076923076923077;24,576923076923077;83,23076923076923;44,0;37,75
2023-05-25 07:00:00;3,4583333333333335;25,833333333333332;80,70833333333333;44,1;43,8
2023-05-25 08:00:00;4,454545454545454;28,772727272727273;73,5909090909091;20,3;26,700000000000003
2023-05-25 09:00:00;5,24;30,68;69,56;30,0;38,35
2023-05-25 10:00:00;5,8125;32,875;62,78125;29,8;38,9
2023-05-25 11:00:00;6,090909090909091;34,06060606060606;57,36363636363637;25,1;30,150000000000002
2023-05-25 12:00:00;2,5925925925925926;35,55555555555556;53,48148148148148;29,4;26,15
2023-05-25 13:00:00;2,4;33,766666666666666;57,5;15,2;27,6
2023-05-25 14:00:00;4,653846153846154;31,884615384615383;64,5;22,9;20,95
2023-05-25 15:00:00;3,142857142857143;35,2;55,857142857142854;21,3;28,15
2023-05-25 16:00:00;2,4;30,92;62,28;30,7;33,95
2023-05-25 17:00:00;5,448275862068965;28,344827586206897;70,93103448275862;24,1;25,05
2023-05-25 18:00:00;2,814814814814815;27,0;75,07407407407408;28,2;22,549999999999997
2023-05-25 19:00:00;1,8636363636363635;27,0;78,63636363636364;34,7;23,35
2023-05-25 20:00:00;1,5714285714285714;27,0;80,10714285714286;57,0;37,45
2023-05-25 21:00:00;1,9565217391304348;26,347826086956523;80,95652173913044;59,0;58,05
2023-05-25 22:00:00;2,04;26,0;81,52;59,9;35,05
2023-05-25 23:00:00;1,9655172413793103;26,0;80,89655172413794;57,1;33,65
2023-05-26 00:00:00;2,4285714285714284;25,714285714285715;84,23809523809524;31,5;37,75
2023-05-26 01:00:00;3,1875;25,0;92,21875;18,8;17,4
2023-05-26 02:00:00;3,0833333333333335;25,13888888888889;92,66666666666667;43,4;31,1
2023-05-26 03:00:00;1,7666666666666666;26,0;91,1;28,6;24,1
2023-05-26 04:00:00;1,6875;25,90625;91,875;19,6;28,400000000000002
2023-05-26 05:00:00;2,0294117647058822;26,0;92,23529411764706;37,2;28,400000000000002
2023-05-26 06:00:00;3,8214285714285716;26,285714285714285;87,78571428571429;17,0;14,7
2023-05-26 07:00:00;2,5357142857142856;26,785714285714285;86,32142857142857;18,5;21,3
2023-05-26 08:00:00;3,380952380952381;29,61904761904762;70,42857142857143;33,4;30,15
2023-05-26 09:00:00;2,3043478260869565;32,47826086956522;62,869565217391305;46,7;38,85
2023-05-26 10:00:00;5,53125;34,71875;55,46875;38,6;34,4
2023-05-26 11:00:00;5,46875;34,375;55,21875;30,2;34,4
2023-05-26 12:00:00;2,725;35,075;52,975;38,1;36,05
2023-05-26 13:00:00;6,161290322580645;32,67741935483871;58,58064516129032;41,8;39,45
2023-05-26 14:00:00;4,7;31,7;61,46666666666667;36,9;32,75
2023-05-26 15:00:00;6,125;33,675;56,225;36,1;35,650000000000006
2023-05-26 16:00:00;3,1538461538461537;29,846153846153847;63,53846153846154;39,0;35,95
2023-05-26 17:00:00;2,6956521739130435;28,0;67,8695652173913;39,3;36,9
2023-05-26 18:00:00;3,0;27,384615384615383;69,42307692307692;49,9;40,3
2023-05-26 19:00:00;2,12;27,24;71,16;47,4;31,25
2023-05-26 20:00:00;1,9166666666666667;27,0;72,41666666666667;32,6;27,3
2023-05-26 21:00:00;2,8333333333333335;26,708333333333332;76,125;78,4;47,2
2023-05-26 22:00:00;3,96;25,76;77,84;63,2;39,15
2023-05-26 23:00:00;6,884615384615385;26,0;78,96153846153847;40,5;32,3
2023-05-27 00:00:00;3,84375;25,46875;78,78125;28,2;17,1
2023-05-27 01:00:00;3,2413793103448274;25,0;79,06896551724138;35,3;24,15
2023-05-27 02:00:00;3,24;25,0;80,6;43,5;31,15
2023-05-27 03:00:00;3,96875;24,53125;80,9375;20,2;26,049999999999997
2023-05-27 04:00:00;4,56;24,44;80,72;31,9;43,15
2023-05-27 05:00:00;4,035714285714286;25,0;79,64285714285714;26,6;36,45
2023-05-27 06:00:00;2,5;25,958333333333332;77,91666666666667;7,5;13,75
2023-05-27 07:00:00;2,9583333333333335;26,541666666666668;75,54166666666667;40,9;47,099999999999994
2023-05-27 08:00:00;6,837837837837838;34,62162162162162;54,5945945945946;39,8;39,2
2023-05-27 09:00:00;8,209302325581396;34,674418604651166;51,02325581395349;30,3;27,15
2023-05-27 10:00:00;4,363636363636363;35,47727272727273;51,06818181818182;48,6;39,8
2023-05-27 11:00:00;3,727272727272727;35,15909090909091;51,43181818181818;31,0;39,8
2023-05-27 12:00:00;3,95;36,125;50,025;31,9;33,75
2023-05-27 13:00:00;5,147058823529412;32,73529411764706;57,44117647058823;26,9;25,049999999999997
2023-05-27 14:00:00;10,55;30,55;65,5;23,9;34,8
2023-05-27 15:00:00;4,045454545454546;33,81818181818182;59,63636363636363;21,8;32,75
2023-05-27 16:00:00;8,76923076923077;29,653846153846153;68,76923076923077;12,9;22,0
2023-05-27 17:00:00;7,708333333333333;27,958333333333332;74,41666666666667;12,1;27,2
2023-05-27 18:00:00;12,222222222222221;27,185185185185187;75,25925925925925;23,0;16,5
2023-05-27 19:00:00;7,6;27,0;75,54285714285714;24,9;33,599999999999994
2023-05-27 20:00:00;4,761904761904762;26,761904761904763;77,0952380952381;20,1;23,55
2023-05-27 21:00:00;4,8076923076923075;26,115384615384617;77,07692307692308;27,8;34,3
2023-05-27 22:00:00;4,566666666666666;25,966666666666665;80,33333333333333;21,0;37,7
2023-05-27 23:00:00;6,055555555555555;25,055555555555557;82,27777777777777;22,1;21,950000000000003
2023-05-28 00:00:00;12,407407407407407;24,962962962962962;81,77777777777777;28,8;24,85
2023-05-28 01:00:00;7,0;24,272727272727273;81,68181818181819;21,8;31,0
2023-05-28 02:00:00;7,391304347826087;23,82608695652174;79,47826086956522;12,9;12,05
2023-05-28 03:00:00;7,0606060606060606;23,03030303030303;78,78787878787878;11,2;12,05
2023-05-28 04:00:00;7,962962962962963;23,0;78,74074074074075;23,6;17,4
2023-05-28 06:00:00;3,727272727272727;23,045454545454547;78,4090909090909;25,8;19,15
2023-05-28 07:00:00;2,689655172413793;24,620689655172413;75,37931034482759;17,7;16,85
2023-05-28 09:00:00;4,181818181818182;35,81818181818182;48,72727272727273;14,0;32,45
2023-05-28 10:00:00;5,238095238095238;35,69047619047619;46,11904761904762;18,1;23,65
2023-05-28 11:00:00;6,627906976744186;36,76744186046512;44,674418604651166;26,5;22,3
2023-05-28 12:00:00;6,790697674418604;37,0;47,325581395348834;55,9;37,0
2023-05-28 13:00:00;5,75;34,325;53,175;53,9;36,5
2023-05-28 14:00:00;4,620689655172414;31,862068965517242;60,86206896551724;49,7;43,3
2023-05-28 15:00:00;5,733333333333333;34,166666666666664;57,0;35,2;30,150000000000002
2023-05-28 16:00:00;5,305555555555555;30,13888888888889;69,44444444444444;46,7;38,35
2023-05-28 17:00:00;3,0;28,5;74,58333333333333;30,8;22,45
2023-05-28 18:00:00;3,0;28,142857142857142;72,14285714285714;24,9;25,0
2023-05-28 19:00:00;3,2222222222222223;27,77777777777778;72,77777777777777;21,9;23,4
2023-05-28 20:00:00;2,75;27,0;74,375;19,9;42,099999999999994
2023-05-28 21:00:00;2,625;26,875;76,125;16,0;47,2
2023-05-28 22:00:00;2,7142857142857144;26,0;77,85714285714286;20,0;13,75
2023-05-28 23:00:00;2,857142857142857;26,0;79,42857142857143;19,9;19,35
2023-05-29 00:00:00;2,75;25,25;79,875;18,8;39,6
2023-05-29 01:00:00;2,625;25,0;77,75;9,1;12,95
2023-05-29 02:00:00;2,888888888888889;25,0;77,11111111111111;16,8;12,95
2023-05-29 05:00:00;3,4285714285714284;24,0;79,85714285714286;12,5;12,75
2023-05-29 06:00:00;4,666666666666667;24,77777777777778;79,55555555555556;42,6;23,8
2023-05-29 07:00:00;5,625;26,25;76,25;23,2;18,5
2023-05-29 08:00:00;11,0;31,666666666666668;58,86666666666667;39,8;38,95
2023-05-29 09:00:00;12,7;32,833333333333336;55,13333333333333;31,9;36,3
2023-05-29 10:00:00;9,63888888888889;32,888888888888886;54,916666666666664;27,1;26,6
2023-05-29 11:00:00;10,441176470588236;31,647058823529413;59,294117647058826;38,1;38,95
2023-05-29 12:00:00;11,692307692307692;29,923076923076923;62,0;43,8;36,2
2023-05-29 13:00:00;12,428571428571429;29,0;65,75;36,9;21,9
2023-05-29 14:00:00;11,153846153846153;28,307692307692307;67,26923076923077;33,0;33,1
2023-05-29 15:00:00;9,884615384615385;28,0;67,65384615384616;33,2;25,1
2023-05-29 16:00:00;9,1;28,0;67,16666666666667;49,8;33,4
2023-05-29 17:00:00;11,875;27,125;68,83333333333333;39,9;24,549999999999997
2023-05-29 18:00:00;11,173913043478262;26,782608695652176;69,82608695652173;35,7;22,450000000000003
2023-05-29 19:00:00;10,923076923076923;26,076923076923077;72,07692307692308;22,9;26,85
2023-05-29 20:00:00;12,28;26,0;73,24;21,9;18,4
2023-05-29 21:00:00;9,23076923076923;25,96153846153846;72,6923076923077;19,8;23,3
2023-05-29 22:00:00;6,71875;25,03125;72,1875;12,3;15,1
2023-05-29 23:00:00;11,166666666666666;25,0;71,45833333333333;30,8;37,2
2023-05-30 00:00:00;8,0;25,0;71,5;20,5;24,15
2023-05-30 02:00:00;8,533333333333333;25,0;71,0;27,8;41,75
2023-05-30 03:00:00;6,785714285714286;24,5;72,75;17,9;15,1
2023-05-30 04:00:00;8,074074074074074;25,11111111111111;73,62962962962963;13,8;15,8
2023-05-30 05:00:00;7,166666666666667;25,38888888888889;74,27777777777777;7,1;8,5
2023-05-30 06:00:00;9,363636363636363;25,5;75,72727272727273;16,8;13,850000000000001
2023-05-30 09:00:00;8,0;29,607142857142858;66,64285714285714;14,0;13,2
2023-05-30 10:00:00;10,692307692307692;31,307692307692307;60,46153846153846;14,0;17,05
2023-05-30 11:00:00;8,03448275862069;32,689655172413794;55,51724137931034;17,1;22,1
2023-05-30 12:00:00;8,232558139534884;33,53488372093023;52,7906976744186;24,0;25,05
2023-05-30 13:00:00;9,928571428571429;32,67857142857143;53,67857142857143;26,1;29,05
2023-05-30 14:00:00;10,95;32,75;53,45;32,0;29,05
2023-05-30 15:00:00;9,025;33,975;49,0;32,0;34,0
2023-05-30 16:00:00;9,96551724137931;30,482758620689655;55,689655172413794;34,6;33,75
2023-05-30 17:00:00;9,62962962962963;27,296296296296298;67,55555555555556;17,0;25,1
2023-05-30 18:00:00;10,375;27,0;64,91666666666667;22,0;31,5
2023-05-30 19:00:00;10,307692307692308;26,46153846153846;69,26923076923077;26,5;17,85
2023-05-30 20:00:00;8,73076923076923;25,423076923076923;71,46153846153847;55,7;41,75
2023-05-30 21:00:00;10,75;25,8;70,75;43,6;37,2
2023-05-30 22:00:00;12,074074074074074;25,185185185185187;76,03703703703704;24,2;30,700000000000003
2023-05-30 23:00:00;11,26923076923077;24,692307692307693;76,42307692307692;37,2;30,700000000000003
2023-05-31 00:00:00;15,73913043478261;24,52173913043478;75,65217391304348;48,2;29,6
2023-05-31 02:00:00;14,4;25,0;74,88;34,5;41,35
2023-05-31 03:00:00;16,0;25,0;74,68;11,0;29,6
2023-05-31 04:00:00;14,962962962962964;24,77777777777778;76,77777777777777;13,0;30,6
2023-05-31 05:00:00;15,0;24,0;83,75862068965517;13,9;18,35
2023-05-31 06:00:00;10,862068965517242;24,0;84,82758620689656;13,1;17,95
2023-05-31 07:00:00;12,375;25,666666666666668;81,70833333333333;20,9;24,85
2023-05-31 08:00:00;10,533333333333333;26,1;81,63333333333334;16,0;24,9
2023-05-31 09:00:00;9,392857142857142;28,964285714285715;76,03571428571429;16,8;11,95
2023-05-31 10:00:00;7,114285714285714;32,02857142857143;64,57142857142857;9,0;17,5
2023-05-31 11:00:00;8,88888888888889;30,666666666666668;65,44444444444444;12,4;29,05
2023-05-31 12:00:00;5,64;33,52;59,12;37,1;39,45
2023-05-31 13:00:00;7,121212121212121;32,06060606060606;61,696969696969695;48,0;47,95
2023-05-31 14:00:00;8,24;32,16;62,04;47,9;47,95
2023-05-31 15:00:00;9,931034482758621;30,689655172413794;65,58620689655173;45,7;34,8
2023-05-31 16:00:00;8,357142857142858;29,0;69,03571428571429;31,1;22,0
2023-05-31 17:00:00;9,44;27,56;73,48;42,0;38,5
2023-05-31 18:00:00;8,058823529411764;27,0;74,94117647058823;42,3;33,599999999999994
2023-05-31 19:00:00;6,636363636363637;27,272727272727273;73,0;60,3;36,199999999999996
2023-05-31 20:00:00;8,0;27,0;73,14285714285714;25,1;20,1
2023-05-31 21:00:00;10,36;27,0;73,48;35,0;38,5
2023-06-03 15:00:00;11,17142857142857;31,742857142857144;56,8;40,7;37,650000000000006
2023-06-03 16:00:00;10,458333333333334;29,458333333333332;60,291666666666664;25,3;34,55
2023-06-03 17:00:00;12,541666666666666;27,25;67,625;11,0;15,9
2023-06-03 19:00:00;9,827586206896552;26,0;72,58620689655173;11,4;19,1
2023-06-03 20:00:00;10,142857142857142;25,964285714285715;74,46428571428571;16,7;16,95
2023-06-03 21:00:00;10,4;26,0;73,6;17,2;16,1
2023-06-03 22:00:00;10,633333333333333;25,266666666666666;73,66666666666667;15,0;16,1
2023-06-04 16:00:00;13,16;29,32;60,56;28,6;41,1
2023-06-04 17:00:00;15,157894736842104;27,842105263157894;65,63157894736842;18,1;35,05
2023-06-04 18:00:00;13,052631578947368;27,0;67,0;21,9;21,35
2023-06-04 19:00:00;12,478260869565217;26,73913043478261;67,30434782608695;20,8;15,9
2023-06-04 20:00:00;15,0;26,0;68,47826086956522;17,0;23,1
2023-06-04 21:00:00;9,214285714285714;25,464285714285715;71,0;18,1;36,900000000000006
2023-06-04 22:00:00;4,8076923076923075;25,0;72,65384615384616;67,5;37,9
2023-06-04 23:00:00;5,59375;24,71875;74,09375;43,1;35,0
2023-06-05 00:00:00;7,846153846153846;24,0;74,46153846153847;48,8;38,25
2023-06-05 01:00:00;6,966666666666667;24,0;74,63333333333334;41,7;34,7
2023-06-05 02:00:00;7,115384615384615;24,0;73,88461538461539;27,7;34,7
2023-06-05 03:00:00;8,393939393939394;23,09090909090909;74,75757575757575;14,0;31,4
2023-06-05 04:00:00;11,607142857142858;23,0;74,92857142857143;16,1;16,450000000000003
2023-06-05 05:00:00;8,793103448275861;23,0;76,03448275862068;23,0;18,6
2023-06-05 06:00:00;10,766666666666667;23,0;76,23333333333333;23,0;28,45
2023-06-05 07:00:00;13,0;23,666666666666668;74,06666666666666;26,0;22,45
2023-06-05 08:00:00;11,4;33,1;51,06666666666667;30,9;24,25
2023-06-05 09:00:00;9,772727272727273;34,72727272727273;41,68181818181818;30,0;32,3
2023-06-05 10:00:00;10,175;35,0;39,125;30,1;27,05
2023-06-05 11:00:00;9,705882352941176;35,5;37,0;39,7;34,900000000000006
2023-06-05 12:00:00;9,386363636363637;35,13636363636363;42,52272727272727;34,6;32,3
2023-06-05 22:00:00;9,28888888888889;26,08888888888889;71,11111111111111;20,1;19,1
2023-06-05 23:00:00;12,227272727272727;25,886363636363637;72,43181818181819;27,8;24,85
2023-06-06 00:00:00;12,674418604651162;25,0;72,97674418604652;18,9;23,35
2023-06-06 01:00:00;8,409090909090908;24,5;73,5909090909091;17,8;15,8
2023-06-06 02:00:00;10,928571428571429;24,0;74,9047619047619;12,0;14,4
2023-06-06 03:00:00;11,666666666666666;23,452380952380953;75,57142857142857;16,8;16,450000000000003
2023-06-06 04:00:00;12,431818181818182;23,0;76,79545454545455;11,1;13,95
2023-06-06 05:00:00;14,181818181818182;22,977272727272727;78,61363636363636;19,2;15,149999999999999
2023-06-06 06:00:00;11,162790697674419;23,53488372093023;76,34883720930233;33,9;28,45
2023-06-06 07:00:00;14,704545454545455;25,636363636363637;69,0909090909091;29,2;23,1
2023-06-06 08:00:00;16,023255813953487;31,558139534883722;55,16279069767442;41,0;38,5
2023-06-06 09:00:00;14,333333333333334;33,166666666666664;51,57142857142857;31,0;33,5
2023-06-06 10:00:00;14,930232558139535;31,6046511627907;54,13953488372093;36,0;38,5
2023-06-06 11:00:00;10,577777777777778;33,53333333333333;47,68888888888889;36,0;34,0
2023-06-06 12:00:00;11,571428571428571;35,595238095238095;40,595238095238095;24,0;25,5
2023-06-06 13:00:00;15,444444444444445;32,4;48,84444444444444;26,0;28,5
2023-06-06 14:00:00;12,414634146341463;31,195121951219512;49,19512195121951;28,0;29,45
2023-06-06 15:00:00;10,8;34,888888888888886;41,2;27,0;25,5
2023-06-06 16:00:00;15,878048780487806;29,902439024390244;51,78048780487805;22,0;29,0
2023-06-06 17:00:00;14,209302325581396;27,3953488372093;59,883720930232556;28,0;28,3
2023-06-06 18:00:00;10,377777777777778;27,0;63,8;41,0;31,5
2023-06-06 19:00:00;14,395348837209303;26,837209302325583;65,37209302325581;52,0;35,05
2023-06-06 20:00:00;13,906976744186046;26,0;67,5813953488372;54,0;37,95
2023-06-06 21:00:00;18,045454545454547;26,0;68,6590909090909;51,0;34,0
2023-06-13 08:00:00;2,0;35,2;51,5;33,0;37,0
2023-06-13 09:00:00;1,9761904761904763;36,857142857142854;44,476190476190474;20,0;23,55
2023-06-13 11:00:00;1,9318181818181819;35,97727272727273;49,59090909090909;69,1;61,949999999999996
2023-06-13 12:00:00;2,129032258064516;34,03225806451613;58,12903225806452;44,4;29,799999999999997
2023-06-13 13:00:00;2,75;31,964285714285715;64,82142857142857;23,0;25,4
2023-06-13 14:00:00;2,56;30,24;70,72;32,0;43,8
2023-06-13 15:00:00;2,096774193548387;31,161290322580644;69,96774193548387;23,0;21,95
2023-06-13 16:00:00;2,5652173913043477;29,304347826086957;73,34782608695652;37,0;26,45
2023-06-13 17:00:00;2,5384615384615383;28,333333333333332;76,82051282051282;22,0;27,0
2023-06-13 18:00:00;2,1777777777777776;28,0;77,46666666666667;42,0;35,5
2023-06-13 19:00:00;2,3333333333333335;28,428571428571427;76,88095238095238;32,0;27,0
2023-06-13 20:00:00;2,4444444444444446;28,0;77,28888888888889;29,0;24,0
2023-06-13 21:00:00;2,52;28,0;77,28;19,0;24,0
2023-06-13 22:00:00;3,0454545454545454;28,0;75,5;29,0;23,05
2023-06-13 23:00:00;2,1904761904761907;27,666666666666668;77,0952380952381;32,0;30,5
2023-06-14 00:00:00;2,32;27,0;77,28;13,0;13,45
2023-06-14 01:00:00;3,238095238095238;26,952380952380953;79,47619047619048;9,0;11,0
2023-06-14 02:00:00;4,076923076923077;26,192307692307693;78,84615384615384;10,0;12,5
2023-06-14 03:00:00;4,296296296296297;25,37037037037037;79,11111111111111;6,0;17,1
2023-06-14 05:00:00;3,32;25,0;75,92;16,0;16,85
2023-06-14 06:00:00;3,56;24,68;79,16;13,0;24,15
2023-06-14 07:00:00;4,363636363636363;26,045454545454547;81,63636363636364;18,0;12,95
2023-06-14 08:00:00;2,3783783783783785;32,83783783783784;62,513513513513516;31,0;38,85
2023-06-14 09:00:00;2,558139534883721;34,30232558139535;57,13953488372093;27,0;21,1
2023-06-14 10:00:00;2,3555555555555556;34,77777777777778;53,46666666666667;34,0;36,05
2023-06-14 11:00:00;2,0952380952380953;35,0;50,142857142857146;41,0;55,05
2023-06-14 12:00:00;2,186046511627907;33,72093023255814;55,25581395348837;35,0;35,0
2023-06-14 13:00:00;2,2142857142857144;32,595238095238095;58,0;50,0;45,0
2023-06-14 14:00:00;2,111111111111111;30,955555555555556;65,62222222222222;36,0;61,15
2023-06-14 15:00:00;2,2093023255813953;31,88372093023256;64,0;24,0;24,9
2023-06-14 16:00:00;2,658536585365854;29,390243902439025;69,97560975609755;55,0;40,95
2023-06-14 17:00:00;2,8444444444444446;28,0;74,02222222222223;41,0;27,55
2023-06-14 18:00:00;5,093023255813954;27,069767441860463;77,37209302325581;27,0;23,55
2023-06-14 19:00:00;4,181818181818182;27,65909090909091;76,8409090909091;35,0;31,35
2023-06-14 20:00:00;4,068181818181818;28,0;76,75;23,0;23,9
2023-06-14 21:00:00;4,372093023255814;27,46511627906977;77,97674418604652;14,0;19,45
2023-06-14 22:00:00;3,883720930232558;27,0;78,34883720930233;13,0;15,4
2023-06-14 23:00:00;3,0930232558139537;27,0;79,76744186046511;11,0;12,0
2023-06-15 00:00:00;2,9767441860465116;26,906976744186046;79,69767441860465;13,0;12,0
2023-06-15 01:00:00;3,7209302325581395;26,0;79,02325581395348;15,0;12,5
2023-06-15 02:00:00;3,6744186046511627;26,0;79,46511627906976;11,0;12,0
2023-06-15 03:00:00;3,744186046511628;26,0;79,3953488372093;13,0;12,0
2023-06-15 05:00:00;3,422222222222222;25,155555555555555;78,04444444444445;16,0;16,0
2023-06-15 06:00:00;3,697674418604651;25,0;77,76744186046511;16,0;16,0
2023-06-15 07:00:00;4,666666666666667;25,622222222222224;74,86666666666666;21,0;23,95
2023-06-15 08:00:00;2,75;33,25;57,77272727272727;40,0;27,6
2023-06-15 09:00:00;1,972972972972973;34,2972972972973;55,75675675675676;35,0;35,0
2023-06-15 10:00:00;2,5185185185185186;31,22222222222222;66,74074074074075;29,0;23,0
2023-06-15 11:00:00;3,5;31,605263157894736;67,05263157894737;35,0;26,0
2023-06-15 12:00:00;2,787878787878788;33,515151515151516;60,15151515151515;44,0;29,5
2023-06-15 13:00:00;2,6875;32,09375;63,15625;43,8;34,8
2023-06-15 14:00:00;3,8260869565217392;29,26086956521739;67,91304347826087;34,5;32,65
2023-06-15 15:00:00;4,2105263157894735;29,63157894736842;62,1578947368421;8,3;20,6
2023-06-15 16:00:00;4,52;29,24;65,24;30,1;30,950000000000003
2023-06-15 17:00:00;4,148148148148148;28,0;72,29629629629629;35,8;35,8
2023-06-15 18:00:00;5,0344827586206895;27,517241379310345;76,10344827586206;27,0;16,0
2023-06-15 19:00:00;4,090909090909091;27,0;78,63636363636364;32,0;22,5
2023-06-15 20:00:00;4,2;27,72;75,6;32,9;19,9
2023-06-15 21:00:00;4,64;27,16;76,8;31,9;26,0
2023-06-15 22:00:00;4,571428571428571;27,0;77,39285714285714;27,0;23,55
2023-06-15 23:00:00;4,291666666666667;27,0;78,0;44,2;34,55
2023-06-19 09:00:00;2,3488372093023258;29,72093023255814;58,58139534883721;36,0;29,05
2023-06-19 10:00:00;2,727272727272727;29,65909090909091;56,0;29,8;28,450000000000003
2023-06-19 12:00:00;2,8333333333333335;31,523809523809526;50,714285714285715;32,6;31,8
2023-06-19 13:00:00;2,558139534883721;30,488372093023255;51,30232558139535;31,3;31,15
2023-06-19 14:00:00;2,902439024390244;29,024390243902438;54,609756097560975;27,1;18,950000000000003
2023-06-19 15:00:00;2,8444444444444446;31,11111111111111;52,266666666666666;30,2;30,6
2023-06-19 16:00:00;4,209302325581396;28,11627906976744;59,093023255813954;32,6;30,25
2023-06-19 17:00:00;4,863636363636363;26,204545454545453;63,22727272727273;14,5;26,2
2023-06-19 18:00:00;4,636363636363637;25,34090909090909;66,8409090909091;43,7;34,3
2023-06-19 19:00:00;3,2954545454545454;25,568181818181817;69,8409090909091;27,1;22,05
2023-06-19 20:00:00;3,5;25,318181818181817;71,13636363636364;34,7;25,85
2023-06-19 21:00:00;3,7777777777777777;24,133333333333333;74,8;28,0;25,85
2023-06-19 22:00:00;4,790697674418604;24,0;73,95348837209302;27,8;27,35
2023-06-19 23:00:00;4,162790697674419;24,0;74,20930232558139;23,7;19,5
2023-06-20 00:00:00;3,727272727272727;24,0;73,63636363636364;15,3;20,65
2023-06-20 01:00:00;4,113636363636363;24,0;73,3409090909091;26,0;20,65
2023-06-20 02:00:00;4,795454545454546;24,0;73,8409090909091;26,9;27,35
2023-06-20 03:00:00;5,023255813953488;23,372093023255815;73,83720930232558;25,0;25,95
2023-06-20 04:00:00;4,8;23,0;74,75555555555556;25,9;22,95
2023-06-20 05:00:00;4,785714285714286;23,0;75,0952380952381;20,0;22,95
2023-06-20 06:00:00;5,204545454545454;23,0;75,29545454545455;21,2;20,6
2023-06-20 07:00:00;3,9318181818181817;23,84090909090909;71,86363636363636;32,8;20,95
2023-06-20 08:00:00;2,3142857142857145;28,82857142857143;58,68571428571428;22,1;29,05
2023-06-20 09:00:00;2,1875;31,34375;51,625;31,0;30,6
2023-06-20 10:00:00;2,515151515151515;32,666666666666664;45,515151515151516;30,9;25,5
2023-06-20 11:00:00;2,142857142857143;32,857142857142854;41,166666666666664;25,0;18,5
2023-06-20 12:00:00;2,7037037037037037;32,407407407407405;43,111111111111114;27,8;19,9
2023-06-20 13:00:00;2,888888888888889;30,666666666666668;44,666666666666664;19,9;15,95
2023-06-20 14:00:00;4,7407407407407405;29,0;53,407407407407405;18,9;14,85
2023-06-20 15:00:00;4,827586206896552;31,0;49,793103448275865;16,9;17,0
2023-06-20 16:00:00;4,1923076923076925;28,73076923076923;51,65384615384615;14,0;14,5
2023-06-20 17:00:00;5,357142857142857;26,178571428571427;57,25;18,9;19,9
2023-06-20 18:00:00;4,12;25,84;60,64;18,2;23,6
2023-06-20 19:00:00;4,32258064516129;25,258064516129032;61,74193548387097;33,0;31,0
2023-06-20 20:00:00;5,103448275862069;25,0;61,03448275862069;37,0;33,5
2023-06-20 21:00:00;4,0;25,61904761904762;62,666666666666664;37,9;26,2
2023-06-20 22:00:00;5,741935483870968;25,032258064516128;63,54838709677419;34,9;33,849999999999994
2023-06-20 23:00:00;6,6923076923076925;25,0;64,0;32,8;33,849999999999994
2023-06-21 00:00:00;6,878787878787879;24,393939393939394;65,96969696969697;26,9;29,55
2023-06-21 01:00:00;7,516129032258065;23,29032258064516;69,87096774193549;22,0;16,55
2023-06-21 02:00:00;7,65625;23,0;72,21875;23,9;25,65
2023-06-21 03:00:00;9,185185185185185;22,074074074074073;73,85185185185185;17,9;15,95
2023-06-21 04:00:00;10,088235294117647;22,0;75,32352941176471;12,9;17,95
2023-06-21 05:00:00;8,7;22,0;75,43333333333334;8,1;11,149999999999999
2023-06-21 06:00:00;8,76;22,16;75,28;14,2;11,149999999999999
2023-06-21 07:00:00;8,64516129032258;23,580645161290324;72,90322580645162;27,4;22,6
2023-06-21 08:00:00;3,391304347826087;33,17391304347826;53,43478260869565;52,5;44,65
2023-06-21 09:00:00;2,625;35,15;41,65;23,0;19,0
2023-06-21 10:00:00;2,2777777777777777;34,5;38,111111111111114;23,9;21,35
2023-06-21 11:00:00;2,6578947368421053;33,86842105263158;38,473684210526315;18,8;21,35
2023-06-21 12:00:00;2,933333333333333;32,8;41,46666666666667;12,0;18,5
2023-06-21 13:00:00;3,413793103448276;30,344827586206897;46,51724137931034;12,0;16,05
2023-06-21 14:00:00;3,32;29,0;51,48;15,0;16,5
2023-06-21 15:00:00;3,35;31,15;48,4;14,8;21,35
2023-06-21 17:00:00;5,541666666666667;26,333333333333332;55,833333333333336;14,0;16,45
2023-06-21 18:00:00;5,28;26,0;58,48;18,1;17,65
2023-06-21 19:00:00;4,95;25,7;59,25;25,1;21,15
2023-06-21 20:00:00;4,48;25,0;59,2;35,9;26,549999999999997
2023-06-21 21:00:00;4,84;24,72;60,76;30,0;33,5
2023-06-21 22:00:00;5,2;24,0;63,6;30,0;23,0
2023-06-21 23:00:00;6,333333333333333;24,14814814814815;65,55555555555556;30,0;31,1
2023-06-22 00:00:00;6,67741935483871;24,0;65,87096774193549;32,2;31,1
2023-06-22 01:00:00;7,96;23,52;68,28;43,4;28,65
2023-06-22 02:00:00;6,6;23,533333333333335;68,2;12,9;15,350000000000001
2023-06-22 03:00:00;7,3076923076923075;24,0;67,1923076923077;8,1;12,95
2023-06-22 04:00:00;6,666666666666667;23,875;67,58333333333333;17,8;15,350000000000001
2023-06-22 05:00:00;6,851851851851852;23,0;69,4074074074074;11,1;12,5
2023-06-22 06:00:00;6,586206896551724;23,17241379310345;70,41379310344827;19,1;20,55
2023-06-22 07:00:00;5,2272727272727275;24,727272727272727;67,63636363636364;24,9;34,3
2023-06-22 08:00:00;3,242424242424242;33,18181818181818;49,78787878787879;20,9;29,65
2023-06-22 09:00:00;2,8974358974358974;34,8974358974359;39,87179487179487;15,0;16,5
2023-06-22 10:00:00;2,676470588235294;33,76470588235294;39,14705882352941;18,0;18,4
2023-06-22 11:00:00;2,625;31,75;47,416666666666664;20,1;17,450000000000003
2023-06-22 12:00:00;3,130434782608696;31,17391304347826;49,04347826086956;27,9;21,35
2023-06-22 13:00:00;4,032258064516129;30,032258064516128;49,45161290322581;25,9;26,35
2023-06-22 14:00:00;3,9615384615384617;29,0;50,19230769230769;22,0;23,95
2023-06-22 15:00:00;3,0869565217391304;30,217391304347824;49,43478260869565;26,8;26,35
2023-06-22 18:00:00;4,380952380952381;26,0;58,142857142857146;20,9;19,049999999999997
2023-06-22 19:00:00;4,818181818181818;25,477272727272727;58,84090909090909;17,2;21,15
2023-06-22 20:00:00;4,175;25,0;61,1;29,0;31,0
2023-06-22 21:00:00;3,8536585365853657;24,48780487804878;62,0;28,7;30,85
2023-06-22 22:00:00;5,325;24,0;63,925;16,0;23,0
2023-06-22 23:00:00;5,794871794871795;23,974358974358974;65,53846153846153;18,9;24,45
2023-06-23 00:00:00;7,4;23,0;67,625;15,9;29,65
2023-06-23 01:00:00;7,390243902439025;23,0;68,92682926829268;13,9;12,5
2023-06-23 02:00:00;9,142857142857142;22,738095238095237;70,54761904761905;7,9;14,95
2023-06-23 03:00:00;6,595238095238095;22,0;72,02380952380952;3,9;13,899999999999999
2023-06-23 06:00:00;14,463414634146341;22,0;72,53658536585365;26,6;26,3
2023-06-23 07:00:00;12,0;24,125;66,8;7,1;30,55
2023-06-23 08:00:00;3,840909090909091;31,181818181818183;50,27272727272727;17,1;17,0
2023-06-23 09:00:00;2,0;29,870967741935484;53,064516129032256;24,0;27,1
2023-06-23 13:00:00;14,866666666666667;29,05;61,85;26,1;39,85
2023-06-23 14:00:00;5,205882352941177;31,256410256410255;54,35897435897436;35,9;42,2
2023-06-23 15:00:00;8,945945945945946;30,70731707317073;56,0;32,9;33,75
2023-06-23 16:00:00;10,625;28,75609756097561;64,2439024390244;27,6;34,3
2023-06-23 17:00:00;11,076923076923077;27,093023255813954;69,06976744186046;9,2;22,450000000000003
2023-06-23 18:00:00;10,0;26,928571428571427;70,28571428571429;21,8;20,950000000000003
2023-06-23 19:00:00;11,1;26,0;78,0;15,0;16,4
2023-06-23 20:00:00;13,897435897435898;26,317073170731707;76,41463414634147;18,8;13,850000000000001
2023-06-23 21:00:00;11,512195121951219;26,073170731707318;75,92682926829268;10,0;17,1
2023-06-23 22:00:00;12,871794871794872;26,025;73,325;14,9;18,4
2023-06-23 23:00:00;11,210526315789474;26,0;73,46341463414635;12,9;10,45
2023-06-24 00:00:00;11,404761904761905;26,069767441860463;73,65116279069767;8,0;10,45
2023-06-24 01:00:00;13,928571428571429;26,58139534883721;72,83720930232558;10,9;12,9
2023-06-24 02:00:00;11,63888888888889;25,325;79,025;9,1;12,05
2023-06-24 03:00:00;10,076923076923077;26,0;78,2439024390244;17,8;16,4
2023-06-24 04:00:00;9,105263157894736;26,0;76,12820512820512;10,9;13,850000000000001
2023-06-24 05:00:00;13,944444444444445;25,94736842105263;76,39473684210526;8,9;13,850000000000001
2023-06-24 06:00:00;7,6;25,853658536585368;77,41463414634147;6,1;6,0
2023-06-24 07:00:00;6,463414634146342;26,404761904761905;76,80952380952381;13,8;18,5
2023-06-24 08:00:00;9,170731707317072;27,232558139534884;77,09302325581395;7,1;9,0
2023-06-24 09:00:00;3,1052631578947367;28,4;74,1;14,1;27,55
2023-06-24 10:00:00;5,078947368421052;30,45;66,775;25,1;23,1
2023-06-24 11:00:00;7,0;33,26190476190476;58,095238095238095;35,7;38,75
2023-06-24 12:00:00;5,214285714285714;34,285714285714285;52,76190476190476;19,1;32,95
2023-06-24 13:00:00;5,27027027027027;31,55263157894737;61,473684210526315;28,6;32,75
2023-06-24 14:00:00;6,717948717948718;28,785714285714285;68,23809523809524;6,0;14,55
2023-06-24 15:00:00;7,135135135135135;29,475;64,9;7,9;23,8
2023-06-24 21:00:00;9,666666666666666;27,0;71,575;9,3;18,05
2023-06-24 22:00:00;9,255813953488373;26,41860465116279;72,3953488372093;26,8;23,3
2023-06-24 23:00:00;8,24390243902439;26,0;73,17073170731707;15,1;14,45
2023-06-25 00:00:00;7,170731707317073;26,0;73,6829268292683;21,8;14,45
2023-06-25 01:00:00;7,638888888888889;25,666666666666668;74,6923076923077;9,9;8,5
2023-06-25 02:00:00;8,35135135135135;25,25;75,2;7,9;6,95
2023-06-25 03:00:00;7,7317073170731705;25,166666666666668;75,35714285714286;6,0;6,95
2023-06-25 04:00:00;6,804878048780488;25,0;76,72093023255815;5,9;5,0
2023-06-25 05:00:00;5,975;24,767441860465116;76,76744186046511;4,1;5,0
2023-06-25 06:00:00;3,2222222222222223;24,28205128205128;76,8974358974359;12,9;14,850000000000001
2023-06-25 07:00:00;2,2142857142857144;25,41860465116279;73,69767441860465;8,0;11,45
2023-06-25 10:00:00;5,333333333333333;32,775;57,725;23,2;33,6
2023-06-25 11:00:00;5,228571428571429;33,30232558139535;57,69767441860465;39,0;31,1
2023-06-25 12:00:00;4,6;32,642857142857146;59,0;41,7;33,85
2023-06-25 13:00:00;4,025;31,904761904761905;58,73809523809524;28,8;35,95
2023-06-25 14:00:00;3,85;31,0;63,09090909090909;21,5;27,2
2023-06-25 15:00:00;4,487804878048781;31,19047619047619;63,357142857142854;51,6;36,55
2023-06-25 16:00:00;3,55;29,682926829268293;66,7560975609756;28,1;24,6
2023-06-25 17:00:00;3,8780487804878048;28,023809523809526;72,5;35,8;35,8
2023-06-25 18:00:00;3,1;27,511627906976745;76,13953488372093;28,1;22,25
2023-06-25 19:00:00;3,025;27,261904761904763;78,38095238095238;33,7;28,200000000000003
2023-06-25 20:00:00;3,282051282051282;27,0;81,5;19,7;13,8
2023-06-25 21:00:00;3,641025641025641;27,025;82,225;7,9;13,8
2023-06-25 23:00:00;5,078947368421052;27,743589743589745;77,41025641025641;5,9;17,35
2023-06-26 00:00:00;4,926829268292683;27,928571428571427;76,5;5,0;25,8
2023-06-26 03:00:00;4,121951219512195;27,761904761904763;76,04761904761905;6,9;9,55
2023-06-26 04:00:00;4,2;27,19047619047619;75,78571428571429;4,0;18,45
2023-06-26 06:00:00;3,6666666666666665;26,15;77,225;15,1;39,15
2023-06-26 07:00:00;5,081081081081081;27,0;73,625;21,9;36,0
2023-06-26 08:00:00;4,5;28,428571428571427;70,85714285714286;20,9;27,8
2023-06-26 12:00:00;6,684210526315789;29,61904761904762;70,80952380952381;19,8;16,85
2023-06-26 13:00:00;7,095238095238095;30,093023255813954;70,37209302325581;13,9;16,85
2023-06-26 14:00:00;8,175;30,0;67,47727272727273;12,4;13,2
2023-06-26 15:00:00;8,071428571428571;30,906976744186046;66,51162790697674;36,9;24,65
2023-06-26 16:00:00;16,727272727272727;30,136363636363637;67,72727272727273;35,7;26,900000000000002
2023-06-26 17:00:00;61,55555555555556;27,203125;73,078125;22,9;16,2
2023-06-27 09:00:00;11,527777777777779;34,80555555555556;49,416666666666664;26,1;26,05
2023-06-27 10:00:00;35,0;33,4;54,22857142857143;34,3;26,799999999999997
2023-06-28 08:00:00;6,026315789473684;32,976190476190474;54,19047619047619;33,9;43,9
2023-06-28 09:00:00;4,818181818181818;35,06818181818182;47,25;29,2;37,6
2023-06-28 10:00:00;4,151515151515151;34,97727272727273;47,45454545454545;46,0;37,6
2023-06-28 12:00:00;4,404761904761905;36,23255813953488;47,51162790697674;50,9;40,05
2023-06-28 13:00:00;4,0;34,71111111111111;50,62222222222222;47,9;48,25
2023-06-28 14:00:00;3,725;31,558139534883722;58,395348837209305;43,1;35,95
2023-06-28 15:00:00;4,951219512195122;32,76744186046512;58,23255813953488;53,7;48,85
2023-06-28 16:00:00;5,825;30,285714285714285;63,857142857142854;39,7;35,75
2023-06-28 17:00:00;5,690476190476191;28,093023255813954;70,88372093023256;26,0;25,05
2023-06-28 18:00:00;6,511627906976744;28,0;70,11363636363636;30,9;30,25
2023-06-28 19:00:00;5,857142857142857;28,0;70,27906976744185;29,6;27,8
2023-06-28 20:00:00;5,595238095238095;27,046511627906977;72,3953488372093;12,1;18,45
2023-06-28 21:00:00;5,093023255813954;26,955555555555556;71,6;22,8;23,8
2023-06-28 22:00:00;4,72093023255814;26,232558139534884;72,09302325581395;11,9;17,9
2023-06-28 23:00:00;4,880952380952381;25,522727272727273;71,8409090909091;8,3;16,1
2023-06-29 00:00:00;5,095238095238095;25,0;70,68181818181819;25,7;18,85
2023-06-29 01:00:00;5,095238095238095;24,61904761904762;70,71428571428571;12,0;18,85
2023-06-29 02:00:00;4,558139534883721;24,0;69,72727272727273;17,0;19,35
2023-06-29 03:00:00;4,619047619047619;23,790697674418606;70,06976744186046;21,7;19,35
2023-06-29 05:00:00;4,615384615384615;23,863636363636363;70,88636363636364;9,1;10,55
2023-06-29 06:00:00;5,421052631578948;24,0;69,15;15,0;16,0
2023-06-29 07:00:00;5,116279069767442;24,818181818181817;65,5909090909091;17,3;18,1
2023-06-29 08:00:00;4,54054054054054;33,904761904761905;50,333333333333336;38,4;54,45
2023-06-29 10:00:00;4,8;34,23255813953488;47,74418604651163;74,9;60,45
2023-06-29 11:00:00;5,28125;33,63636363636363;49,97727272727273;70,5;54,45
2023-06-29 15:00:00;4,048780487804878;33,70454545454545;52,34090909090909;36,2;36,5
2023-06-29 16:00:00;4,891891891891892;30,930232558139537;54,95348837209303;48,5;42,2
2023-06-29 18:00:00;5,523809523809524;27,27906976744186;66,95348837209302;44,1;41,0
2023-06-29 19:00:00;5,813953488372093;27,0;66,15555555555555;51,7;47,900000000000006
2023-06-29 20:00:00;5,525;26,761904761904763;67,23809523809524;37,9;41,0
2023-06-29 21:00:00;5,288888888888889;26,456521739130434;69,56521739130434;37,0;28,05
2023-06-29 22:00:00;4,7;26,046511627906977;74,0;39,0;32,45
2023-06-29 23:00:00;4,833333333333333;25,931818181818183;77,06818181818181;40,8;34,3
2023-06-30 00:00:00;4,795454545454546;25,355555555555554;76,13333333333334;31,9;36,349999999999994
2023-06-30 01:00:00;5,395348837209302;25,5;74,31818181818181;26,9;32,95
2023-06-30 02:00:00;4,534883720930233;26,0;73,42222222222222;25,9;32,45
2023-06-30 03:00:00;4,642857142857143;26,0;71,74418604651163;23,9;17,9
2023-06-30 04:00:00;5,023809523809524;26,555555555555557;68,97777777777777;19,1;28,05
2023-06-30 05:00:00;5,071428571428571;26,976744186046513;71,90697674418605;24,8;23,8
2023-06-30 06:00:00;4,6976744186046515;26,31111111111111;72,82222222222222;17,1;21,5
2023-06-30 07:00:00;4,8604651162790695;27,204545454545453;71,25;27,2;25,0
2023-06-30 08:00:00;4,780487804878049;29,40909090909091;65,81818181818181;39,0;34,55
2023-06-30 09:00:00;5,121951219512195;32,53488372093023;57,81395348837209;44,0;33,6
2023-06-30 10:00:00;5,2272727272727275;34,48888888888889;52,62222222222222;46,8;32,95
2023-06-30 11:00:00;4,2;33,76744186046512;52,95348837209303;36,8;36,5
2023-06-30 12:00:00;5,585365853658536;31,454545454545453;59,04545454545455;30,1;35,45
2023-06-30 13:00:00;5,146341463414634;32,0;58,18181818181818;40,8;42,4
2023-06-30 14:00:00;4,238095238095238;31,5;57,90909090909091;30,0;36,55
2023-06-30 15:00:00;4,142857142857143;30,302325581395348;60,674418604651166;33,9;30,9
2023-06-30 16:00:00;4,119047619047619;29,431818181818183;60,90909090909091;27,9;30,9
2023-06-30 20:00:00;4,976744186046512;24,5;79,56818181818181;5,0;23,8
2023-06-30 21:00:00;5,186046511627907;24,363636363636363;83,5;8,9;15,5
2023-07-02 22:00:00;2,8292682926829267;25,41860465116279;70,37209302325581;17,0;22,05
2023-07-02 23:00:00;2,627906976744186;25,0;71,06666666666666;20,7;18,85
2023-07-03 00:00:00;2,717948717948718;24,261904761904763;69,9047619047619;14,6;13,0
2023-07-03 01:00:00;2,975609756097561;24,0;69,18181818181819;10,5;12,55
2023-07-03 02:00:00;2,15;24,0;69,86363636363636;11,4;13,0
2023-07-03 03:00:00;2,268292682926829;24,0;67,56818181818181;11,2;12,2
2023-07-03 04:00:00;2,051282051282051;24,0;66,14285714285714;13,2;15,049999999999999
2023-07-03 05:00:00;1,9318181818181819;23,266666666666666;65,93333333333334;16,9;14,149999999999999
2023-07-03 06:00:00;2,0;23,093023255813954;66,11627906976744;11,4;14,149999999999999
2023-07-03 07:00:00;2,2;24,40909090909091;63,75;11,9;24,9
2023-07-03 08:00:00;3,0697674418604652;28,34090909090909;53,63636363636363;10,8;18,950000000000003
2023-07-03 09:00:00;3,0;29,0;51,77777777777778;18,0;16,5
