Data/Hora;MP10 BAM;MP2.5 BAM
01:00 3/1/2023;28.8;
02:00 3/1/2023;18.2;7.203
03:00 3/1/2023;18.7;7.593
04:00 3/1/2023;17.7;6.203
05:00 3/1/2023;15.5;7
06:00 3/1/2023;12.7;7.866
07:00 3/1/2023;;11.216
08:00 3/1/2023;14.4;12.65
09:00 3/1/2023;25.6;15.433
10:00 3/1/2023;;
11:00 3/1/2023;;
12:00 3/1/2023;56.3;15.35
13:00 3/1/2023;;
14:00 3/1/2023;;
15:00 3/1/2023;43.5;4.566
16:00 3/1/2023;40;4.083
17:00 3/1/2023;34.1;7.566
18:00 3/1/2023;24.6;5.783
19:00 3/1/2023;32.2;5.216
20:00 3/1/2023;19.1;5.35
21:00 3/1/2023;9.3;3.216
22:00 3/1/2023;13.8;4.866
23:00 3/1/2023;16.7;7.783
00:00 3/1/2023;11.8;6.35
01:00 3/2/2023;20.2;5.016
02:00 3/2/2023;14.4;8.35
03:00 3/2/2023;8;6.65
04:00 3/2/2023;;9
05:00 3/2/2023;;9
06:00 3/2/2023;10.4;8.566
07:00 3/2/2023;11.7;8.3
08:00 3/2/2023;17.8;12.35
09:00 3/2/2023;34.6;9.133
10:00 3/2/2023;29.7;6.216
11:00 3/2/2023;25.2;6.783
12:00 3/2/2023;26.4;5.566
13:00 3/2/2023;35;4
14:00 3/2/2023;35.8;5.3
15:00 3/2/2023;44.5;9.566
16:00 3/2/2023;48;8.433
17:00 3/2/2023;36.3;9.35
18:00 3/2/2023;38.5;7
19:00 3/2/2023;32.9;7.65
20:00 3/2/2023;19;8.7
21:00 3/2/2023;14.2;4
22:00 3/2/2023;12.5;5.083
23:00 3/2/2023;23.7;11.816
00:00 3/2/2023;11.9;16.8
01:00 3/3/2023;11.1;
02:00 3/3/2023;9.3;3.516
03:00 3/3/2023;10.9;8.566
04:00 3/3/2023;10.5;6.566
05:00 3/3/2023;10;4.566
06:00 3/3/2023;11.4;3.65
07:00 3/3/2023;9.8;5.566
08:00 3/3/2023;11.1;3.35
09:00 3/3/2023;17.8;0.783
10:00 3/3/2023;23.6;
11:00 3/3/2023;30.1;
12:00 3/3/2023;35.6;1.61
13:00 3/3/2023;40.6;
14:00 3/3/2023;36.1;
15:00 3/3/2023;41.2;
16:00 3/3/2023;37.4;
17:00 3/3/2023;43;
18:00 3/3/2023;43;
19:00 3/3/2023;31;
20:00 3/3/2023;18.2;
21:00 3/3/2023;17.1;
22:00 3/3/2023;20.9;
23:00 3/3/2023;22;
00:00 3/3/2023;22;
01:00 3/4/2023;15.4;
02:00 3/4/2023;15.1;
03:00 3/4/2023;13;
04:00 3/4/2023;9.8;
05:00 3/4/2023;8.2;
06:00 3/4/2023;5.7;
07:00 3/4/2023;5;
08:00 3/4/2023;10.1;
09:00 3/4/2023;19.4;
10:00 3/4/2023;29.4;
11:00 3/4/2023;27.5;
12:00 3/4/2023;40.9;
13:00 3/4/2023;54.9;
14:00 3/4/2023;45.3;
15:00 3/4/2023;34.2;
16:00 3/4/2023;33.4;
17:00 3/4/2023;26.5;
18:00 3/4/2023;26.9;
19:00 3/4/2023;26.5;
20:00 3/4/2023;12.5;
21:00 3/4/2023;10.2;
22:00 3/4/2023;15.4;
23:00 3/4/2023;10.2;
00:00 3/4/2023;8.7;
01:00 3/5/2023;7.5;
02:00 3/5/2023;4.8;
03:00 3/5/2023;10.7;
04:00 3/5/2023;10;
05:00 3/5/2023;7.5;
06:00 3/5/2023;6.2;
07:00 3/5/2023;6.7;
08:00 3/5/2023;12.2;
09:00 3/5/2023;11;
10:00 3/5/2023;18.2;
11:00 3/5/2023;21.7;
12:00 3/5/2023;24.2;
13:00 3/5/2023;17.5;
14:00 3/5/2023;43.3;
15:00 3/5/2023;50.7;
16:00 3/5/2023;49.2;
17:00 3/5/2023;54.2;
18:00 3/5/2023;34.3;
19:00 3/5/2023;15.8;
20:00 3/5/2023;11.2;
21:00 3/5/2023;11.7;
22:00 3/5/2023;12;
23:00 3/5/2023;14.2;
00:00 3/5/2023;3.8;
01:00 3/6/2023;5.9;
02:00 3/6/2023;5.8;
03:00 3/6/2023;3.5;
04:00 3/6/2023;6.7;
05:00 3/6/2023;6.5;
06:00 3/6/2023;5.2;
07:00 3/6/2023;4.2;
08:00 3/6/2023;4.7;
09:00 3/6/2023;15.4;
10:00 3/6/2023;11.5;
11:00 3/6/2023;14.9;
12:00 3/6/2023;19.9;
13:00 3/6/2023;47.1;
14:00 3/6/2023;50.7;
15:00 3/6/2023;37.8;
16:00 3/6/2023;38.4;
17:00 3/6/2023;40.7;3.783
18:00 3/6/2023;25.3;2.783
19:00 3/6/2023;11;1.133
20:00 3/6/2023;7.2;
21:00 3/6/2023;11.4;3.216
22:00 3/6/2023;16.7;3.783
23:00 3/6/2023;17.2;4.083
00:00 3/6/2023;17;7.566
01:00 3/7/2023;20.7;5.796
02:00 3/7/2023;14.6;4.35
03:00 3/7/2023;10.5;2
04:00 3/7/2023;11.4;3.083
05:00 3/7/2023;11.2;7
06:00 3/7/2023;13.2;6.35
07:00 3/7/2023;16.9;3.566
08:00 3/7/2023;11.4;2.65
09:00 3/7/2023;11.9;5.433
10:00 3/7/2023;10.8;7.216
11:00 3/7/2023;18;8.65
12:00 3/7/2023;21;9.916
13:00 3/7/2023;21;5.35
14:00 3/7/2023;28.3;4.516
15:00 3/7/2023;42;10
16:00 3/7/2023;32;9.35
17:00 3/7/2023;25.5;8.083
18:00 3/7/2023;45.5;10.916
19:00 3/7/2023;30.2;6.783
20:00 3/7/2023;26.4;6.216
21:00 3/7/2023;29.4;8.083
22:00 3/7/2023;36.6;12.433
23:00 3/7/2023;28;16.166
00:00 3/7/2023;29.8;19.883
01:00 3/8/2023;21;4.796
02:00 3/8/2023;15.5;4.216
03:00 3/8/2023;14.2;5.61
04:00 3/8/2023;14;7.786
05:00 3/8/2023;;8.083
06:00 3/8/2023;;11.133
07:00 3/8/2023;;7.566
08:00 3/8/2023;;6.866
09:00 3/8/2023;;9.35
10:00 3/8/2023;;8.95
11:00 3/8/2023;;14.483
12:00 3/8/2023;;11.166
13:00 3/8/2023;;17.483
14:00 3/8/2023;;11.35
15:00 3/8/2023;;8.566
16:00 3/8/2023;;6.783
17:00 3/8/2023;31.9;5.566
18:00 3/8/2023;31.3;4.216
19:00 3/8/2023;26.6;5.216
20:00 3/8/2023;34;6
21:00 3/8/2023;29.5;6.65
22:00 3/8/2023;29;11.816
23:00 3/8/2023;18.8;18.316
00:00 3/8/2023;12.3;4.783
01:00 3/9/2023;15.3;4.61
02:00 3/9/2023;17.6;6.796
03:00 3/9/2023;;6.61
04:00 3/9/2023;;8.796
05:00 3/9/2023;;7.593
06:00 3/9/2023;;5.593
07:00 3/9/2023;;4
08:00 3/9/2023;;4.61
09:00 3/9/2023;;6.796
10:00 3/9/2023;;6
11:00 3/9/2023;;7.491
12:00 3/9/2023;61.7;12.783
13:00 3/9/2023;51.8;10.916
14:00 3/9/2023;51.2;7
15:00 3/9/2023;39.8;7
16:00 3/9/2023;32.9;6.389
17:00 3/9/2023;31.2;4.61
18:00 3/9/2023;34;7.033
19:00 3/9/2023;47.8;8.966
20:00 3/9/2023;35.3;6.966
21:00 3/9/2023;22.4;4.8
22:00 3/9/2023;25.3;
23:00 3/9/2023;23.9;12.933
00:00 3/9/2023;19.9;10.933
01:00 3/10/2023;17.4;9
02:00 3/10/2023;19.2;9
03:00 3/10/2023;17.7;8.95
04:00 3/10/2023;15.4;5.95
05:00 3/10/2023;12.7;3
06:00 3/10/2023;12;3
07:00 3/10/2023;13.5;3.05
08:00 3/10/2023;21.5;6.016
09:00 3/10/2023;26.2;7.016
10:00 3/10/2023;30;7.966
11:00 3/10/2023;31.7;5.983
12:00 3/10/2023;48.6;5.05
13:00 3/10/2023;57;8
14:00 3/10/2023;60.2;8
15:00 3/10/2023;51.1;7.95
16:00 3/10/2023;43.4;5.033
17:00 3/10/2023;29.1;6.966
18:00 3/10/2023;20.4;5.066
19:00 3/10/2023;36.4;8.966
20:00 3/10/2023;23;7.05
21:00 3/10/2023;16.2;9.95
22:00 3/10/2023;25.1;7.033
23:00 3/10/2023;20.4;8.95
00:00 3/10/2023;13.4;6
01:00 3/11/2023;12;5.966
02:00 3/11/2023;9.7;4.033
03:00 3/11/2023;15;5.966
04:00 3/11/2023;13.2;3.983
05:00 3/11/2023;14.2;3.083
06:00 3/11/2023;10.4;8.033
07:00 3/11/2023;;9.95
08:00 3/11/2023;19.1;7.016
09:00 3/11/2023;16.6;8
10:00 3/11/2023;27.8;8.016
11:00 3/11/2023;26.6;8.966
12:00 3/11/2023;29.5;7.033
13:00 3/11/2023;49.9;9.133
14:00 3/11/2023;46.8;16.866
15:00 3/11/2023;40.9;8.95
16:00 3/11/2023;33.9;6.033
17:00 3/11/2023;26.6;8
18:00 3/11/2023;13.6;7.949
19:00 3/11/2023;33.5;5.216
20:00 3/11/2023;49.3;17.816
21:00 3/11/2023;23.9;6.95
22:00 3/11/2023;15.7;4.083
23:00 3/11/2023;18.2;8.983
00:00 3/11/2023;17.4;8
01:00 3/12/2023;13.1;7.982
02:00 3/12/2023;12.7;7.066
03:00 3/12/2023;10.7;
04:00 3/12/2023;8.4;7.032
05:00 3/12/2023;10.2;9.083
06:00 3/12/2023;7.9;
07:00 3/12/2023;;7.983
08:00 3/12/2023;8.2;6.983
09:00 3/12/2023;14.3;6.1
10:00 3/12/2023;22;12.033
11:00 3/12/2023;33.8;13.916
12:00 3/12/2023;27.1;9.05
13:00 3/12/2023;28.5;11.933
14:00 3/12/2023;22.4;8
15:00 3/12/2023;16.9;7.966
16:00 3/12/2023;24.3;5.966
17:00 3/12/2023;23.9;4.05
18:00 3/12/2023;15.4;7
19:00 3/12/2023;21.3;7.016
20:00 3/12/2023;21.7;7.983
21:00 3/12/2023;17.9;7
22:00 3/12/2023;15.4;7
23:00 3/12/2023;19.5;7.016
00:00 3/12/2023;19.4;7.966
01:00 3/13/2023;21.2;6.034
02:00 3/13/2023;18.2;8.033
03:00 3/13/2023;17.7;10.1
04:00 3/13/2023;21.7;15.933
05:00 3/13/2023;35.1;12.083
06:00 3/13/2023;32.1;16.916
07:00 3/13/2023;26.2;11.966
08:00 3/13/2023;31;9.966
09:00 3/13/2023;30.7;8
10:00 3/13/2023;26.2;8.066
11:00 3/13/2023;;11.9
12:00 3/13/2023;;6.033
13:00 3/13/2023;;7.916
14:00 3/13/2023;24.2;2.95
15:00 3/13/2023;15.8;0.05
16:00 3/13/2023;18.3;3.05
17:00 3/13/2023;10.1;5.966
18:00 3/13/2023;9.2;3.95
19:00 3/13/2023;21.3;0.983
20:00 3/13/2023;25;0.016
21:00 3/13/2023;23.4;1.033
22:00 3/13/2023;35.8;3.016
23:00 3/13/2023;33.9;4
00:00 3/13/2023;28.9;3.966
01:00 3/14/2023;24.1;1.965
02:00 3/14/2023;23.7;0.1
03:00 3/14/2023;17.1;5.95
04:00 3/14/2023;5.8;2.95
05:00 3/14/2023;6.7;0
06:00 3/14/2023;9.5;0.266
07:00 3/14/2023;22.1;15.816
08:00 3/14/2023;19.1;5.05
09:00 3/14/2023;29.1;8.083
10:00 3/14/2023;29.9;12.932
11:00 3/14/2023;27.4;8.933
12:00 3/14/2023;17.1;5.033
13:00 3/14/2023;14.7;6.982
14:00 3/14/2023;15.7;6.083
15:00 3/14/2023;15.2;10.932
16:00 3/14/2023;15.7;6.933
17:00 3/14/2023;12.2;3.05
18:00 3/14/2023;7.2;6.033
19:00 3/14/2023;;8.016
20:00 3/14/2023;;8.966
21:00 3/14/2023;8.4;7.016
22:00 3/14/2023;18.6;8
23:00 3/14/2023;21.2;8
00:00 3/14/2023;13.4;7.983
01:00 3/15/2023;11.7;7
02:00 3/15/2023;14.2;7.116
03:00 3/15/2023;15;13.983
04:00 3/15/2023;17.2;12.931
05:00 3/15/2023;14.2;8.95
06:00 3/15/2023;9.9;6.033
07:00 3/15/2023;;
08:00 3/15/2023;;
09:00 3/15/2023;;
10:00 3/15/2023;19.5;12.016
11:00 3/15/2023;23;12.9
12:00 3/15/2023;32.3;7.066
13:00 3/15/2023;28.9;10.916
14:00 3/15/2023;21.6;5.966
15:00 3/15/2023;24.5;4.016
16:00 3/15/2023;32.8;4.983
17:00 3/15/2023;29.6;4.05
18:00 3/15/2023;28.7;7.033
19:00 3/15/2023;20.6;9.016
20:00 3/15/2023;15.7;10
21:00 3/15/2023;27.1;10.033
22:00 3/15/2023;30.2;11.916
23:00 3/15/2023;20.1;6.933
00:00 3/15/2023;18.5;3.066
01:00 3/16/2023;16.7;6.983
02:00 3/16/2023;16;5.95
03:00 3/16/2023;12.9;3.083
04:00 3/16/2023;10.4;8.016
05:00 3/16/2023;12.2;8.966
06:00 3/16/2023;8.4;7.066
07:00 3/16/2023;;10.933
08:00 3/16/2023;7.2;6.966
09:00 3/16/2023;;4.966
10:00 3/16/2023;10.8;3.166
11:00 3/16/2023;28.9;12.983
12:00 3/16/2023;37.7;11.983
13:00 3/16/2023;42.7;10.983
14:00 3/16/2023;31.8;9.983
15:00 3/16/2023;30.2;
16:00 3/16/2023;27.9;
17:00 3/16/2023;25.4;
18:00 3/16/2023;18.9;
19:00 3/16/2023;17.7;
20:00 3/16/2023;19.5;
21:00 3/16/2023;23;
22:00 3/16/2023;22.4;
23:00 3/16/2023;28;
00:00 3/16/2023;33.7;
01:00 3/17/2023;24.3;
02:00 3/17/2023;15.7;
03:00 3/17/2023;25.3;
04:00 3/17/2023;18.3;
05:00 3/17/2023;18;
06:00 3/17/2023;16.7;
07:00 3/17/2023;9.9;
08:00 3/17/2023;8;
09:00 3/17/2023;9.5;
10:00 3/17/2023;16.8;
11:00 3/17/2023;10.6;
12:00 3/17/2023;;
13:00 3/17/2023;;
14:00 3/17/2023;;
15:00 3/17/2023;;
16:00 3/17/2023;;
17:00 3/17/2023;;
18:00 3/17/2023;;
19:00 3/17/2023;;
20:00 3/17/2023;;
21:00 3/17/2023;;
22:00 3/17/2023;;
23:00 3/17/2023;;
00:00 3/17/2023;;
01:00 3/18/2023;;
02:00 3/18/2023;;
03:00 3/18/2023;;
04:00 3/18/2023;;
05:00 3/18/2023;;
06:00 3/18/2023;;
07:00 3/18/2023;;
08:00 3/18/2023;;
09:00 3/18/2023;;
10:00 3/18/2023;;
11:00 3/18/2023;;
12:00 3/18/2023;;
13:00 3/18/2023;;
14:00 3/18/2023;;
15:00 3/18/2023;;
16:00 3/18/2023;;
17:00 3/18/2023;;
18:00 3/18/2023;;
19:00 3/18/2023;;
20:00 3/18/2023;;
21:00 3/18/2023;;
22:00 3/18/2023;;
23:00 3/18/2023;;
00:00 3/18/2023;;
01:00 3/19/2023;;
02:00 3/19/2023;;
03:00 3/19/2023;;
04:00 3/19/2023;;
05:00 3/19/2023;;
06:00 3/19/2023;;
07:00 3/19/2023;;
08:00 3/19/2023;;
09:00 3/19/2023;;
10:00 3/19/2023;;
11:00 3/19/2023;;
12:00 3/19/2023;;
13:00 3/19/2023;;
14:00 3/19/2023;;
15:00 3/19/2023;;
16:00 3/19/2023;;
17:00 3/19/2023;;
18:00 3/19/2023;;
19:00 3/19/2023;;
20:00 3/19/2023;;
21:00 3/19/2023;;
22:00 3/19/2023;;
23:00 3/19/2023;;
00:00 3/19/2023;;
01:00 3/20/2023;;
02:00 3/20/2023;;
03:00 3/20/2023;;
04:00 3/20/2023;;
05:00 3/20/2023;;
06:00 3/20/2023;;
07:00 3/20/2023;;
08:00 3/20/2023;;
09:00 3/20/2023;;
10:00 3/20/2023;;
11:00 3/20/2023;;
12:00 3/20/2023;;
13:00 3/20/2023;;
14:00 3/20/2023;;
15:00 3/20/2023;;
16:00 3/20/2023;;
17:00 3/20/2023;;
18:00 3/20/2023;;
19:00 3/20/2023;;
20:00 3/20/2023;;
21:00 3/20/2023;;
22:00 3/20/2023;;
23:00 3/20/2023;;
00:00 3/20/2023;;
01:00 3/21/2023;;
02:00 3/21/2023;;
03:00 3/21/2023;;
04:00 3/21/2023;;
05:00 3/21/2023;;
06:00 3/21/2023;;
07:00 3/21/2023;;
08:00 3/21/2023;;
09:00 3/21/2023;;
10:00 3/21/2023;;
11:00 3/21/2023;;
12:00 3/21/2023;25.5;3.186
13:00 3/21/2023;64.5;14
14:00 3/21/2023;56.7;13.898
15:00 3/21/2023;47.8;8.039
16:00 3/21/2023;59.6;10.135
17:00 3/21/2023;68.4;17.83
18:00 3/21/2023;77;7.932
19:00 3/21/2023;;3.932
20:00 3/21/2023;17;0
21:00 3/21/2023;18;0.169
22:00 3/21/2023;18;9.983
23:00 3/21/2023;18.2;9.101
00:00 3/21/2023;23.6;14.932
01:00 3/22/2023;12.8;11
02:00 3/22/2023;;11.016
03:00 3/22/2023;;11.898
04:00 3/22/2023;13;5.966
05:00 3/22/2023;13.9;4.016
06:00 3/22/2023;9.1;5.152
07:00 3/22/2023;15;13.949
08:00 3/22/2023;15.1;10.949
09:00 3/22/2023;21.9;8.135
10:00 3/22/2023;17.3;15.928
11:00 3/22/2023;38.9;12.118
12:00 3/22/2023;34.8;18.949
13:00 3/22/2023;23.9;16.016
14:00 3/22/2023;18.3;17.05
15:00 3/22/2023;40.2;19.864
16:00 3/22/2023;51.7;12
17:00 3/22/2023;37.7;11.881
18:00 3/22/2023;25.2;4.949
19:00 3/22/2023;37.7;2.067
20:00 3/22/2023;23.2;6.05
21:00 3/22/2023;38.7;9.05
22:00 3/22/2023;25.8;12.016
23:00 3/22/2023;16;12.983
00:00 3/22/2023;18;11.966
01:00 3/23/2023;18;9.982
02:00 3/23/2023;21.8;8.983
03:00 3/23/2023;11.1;8.05
04:00 3/23/2023;18;11
05:00 3/23/2023;19;11.033
06:00 3/23/2023;24.2;13.016
07:00 3/23/2023;35.8;14.033
08:00 3/23/2023;28;16.016
09:00 3/23/2023;31.9;17.033
10:00 3/23/2023;27.2;18.864
11:00 3/23/2023;41.8;11.101
12:00 3/23/2023;35.8;16.983
13:00 3/23/2023;28.9;15.915
14:00 3/23/2023;27;11.135
15:00 3/23/2023;30.8;19.033
16:00 3/23/2023;26.8;20.932
17:00 3/23/2023;20.9;16.779
18:00 3/23/2023;17.8;4.05
19:00 3/23/2023;12;7.135
20:00 3/23/2023;;14.915
21:00 3/23/2023;25.9;10.033
22:00 3/23/2023;23.2;12.033
23:00 3/23/2023;39.7;14.016
00:00 3/23/2023;26.9;14.983
01:00 3/24/2023;24;14
02:00 3/24/2023;26;13.965
03:00 3/24/2023;25.7;12.033
04:00 3/24/2023;;13.896
05:00 3/24/2023;17.8;8.034
06:00 3/24/2023;11.2;10.016
07:00 3/24/2023;23.7;11.034
08:00 3/24/2023;;12.932
09:00 3/24/2023;20;8.949
10:00 3/24/2023;21.1;6
11:00 3/24/2023;30.1;6.293
12:00 3/24/2023;36.5;22.982
13:00 3/24/2023;68.8;21.948
14:00 3/24/2023;62;18.827
15:00 3/24/2023;63.7;8.913
16:00 3/24/2023;45.9;3.948
17:00 3/24/2023;43.6;1.051
18:00 3/24/2023;27;4.172
19:00 3/24/2023;86.3;14.017
20:00 3/24/2023;45.6;14.862
21:00 3/24/2023;24.9;7.017
22:00 3/24/2023;22.9;8.12
23:00 3/24/2023;17;14.896
00:00 3/24/2023;16.9;9
01:00 3/25/2023;13.1;9
02:00 3/25/2023;20.8;9.034
03:00 3/25/2023;13;11.051
04:00 3/25/2023;17.9;13.948
05:00 3/25/2023;12;11.034
06:00 3/25/2023;;12.965
07:00 3/25/2023;10.9;11.068
08:00 3/25/2023;;15.034
09:00 3/25/2023;17;17.034
10:00 3/25/2023;19.2;19.017
11:00 3/25/2023;34.1;19.896
12:00 3/25/2023;44.6;13.948
13:00 3/25/2023;85;10.965
14:00 3/25/2023;86.4;9.017
15:00 3/25/2023;53.6;9.948
16:00 3/25/2023;34.1;6.948
17:00 3/25/2023;40;4.12
18:00 3/25/2023;44.2;10.982
19:00 3/25/2023;58.4;9.982
20:00 3/25/2023;27.7;8.982
21:00 3/25/2023;15;8.034
22:00 3/25/2023;18;9.982
23:00 3/25/2023;21.9;9.017
00:00 3/25/2023;20.9;10.034
01:00 3/26/2023;16.9;11.949
02:00 3/26/2023;16;8.948
03:00 3/26/2023;19;6.017
04:00 3/26/2023;19.9;7.034
05:00 3/26/2023;14.9;9.017
06:00 3/26/2023;9.9;10
07:00 3/26/2023;;9.931
08:00 3/26/2023;12.9;6.137
09:00 3/26/2023;;14.034
10:00 3/26/2023;21.1;16.12
11:00 3/26/2023;28.2;22.879
12:00 3/26/2023;40.9;15.862
13:00 3/26/2023;37.6;8
14:00 3/26/2023;74.7;8.017
15:00 3/26/2023;61.2;9.103
16:00 3/26/2023;72.6;14.862
17:00 3/26/2023;48.8;6.913
18:00 3/26/2023;38.7;1.982
19:00 3/26/2023;22.9;1.017
20:00 3/26/2023;19.8;2.086
21:00 3/26/2023;13;7
22:00 3/26/2023;14.9;6.982
23:00 3/26/2023;10.1;6
00:00 3/26/2023;15.9;6
01:00 3/27/2023;14;5.983
02:00 3/27/2023;15;5
03:00 3/27/2023;15.8;5.103
04:00 3/27/2023;9.1;
05:00 3/27/2023;16.9;7.034
06:00 3/27/2023;12.9;8.965
07:00 3/27/2023;9.1;6.965
08:00 3/27/2023;20.1;5.137
09:00 3/27/2023;27.9;12.948
10:00 3/27/2023;23.1;10.051
11:00 3/27/2023;31.9;12.949
12:00 3/27/2023;31.1;9.915
13:00 3/27/2023;38.8;5.051
14:00 3/27/2023;86.6;7.948
15:00 3/27/2023;67.7;5.017
16:00 3/27/2023;52.8;6
17:00 3/27/2023;47.1;6
18:00 3/27/2023;54.8;5.983
19:00 3/27/2023;44.8;5
20:00 3/27/2023;36;5
21:00 3/27/2023;36.7;4.948
22:00 3/27/2023;23;2.101
23:00 3/27/2023;27.1;8.05
00:00 3/27/2023;38;11.118
01:00 3/28/2023;37.8;17.983
02:00 3/28/2023;30.1;17
03:00 3/28/2023;38.8;16.949
04:00 3/28/2023;31;13.9
05:00 3/28/2023;30.9;8
06:00 3/28/2023;24.9;8.017
07:00 3/28/2023;22;8.965
08:00 3/28/2023;26.9;7.034
09:00 3/28/2023;24.9;8.948
10:00 3/28/2023;22.1;6.017
11:00 3/28/2023;30;7.086
12:00 3/28/2023;35;12.051
13:00 3/28/2023;35.9;14.879
14:00 3/28/2023;31.3;8.103
15:00 3/28/2023;52.7;14.129
16:00 3/28/2023;37.9;20.879
17:00 3/28/2023;33.8;13.948
18:00 3/28/2023;26;11
19:00 3/28/2023;28.9;11.103
20:00 3/28/2023;23.1;17
21:00 3/28/2023;32.8;17.017
22:00 3/28/2023;25.1;17.965
23:00 3/28/2023;33.1;15.982
00:00 3/28/2023;38.7;14.948
01:00 3/29/2023;24;12
02:00 3/29/2023;25.3;12.189
03:00 3/29/2023;46.6;22.706
04:00 3/29/2023;25.2;6.241
05:00 3/29/2023;37;20.034
06:00 3/29/2023;37.7;21.793
07:00 3/29/2023;23.3;10.155
08:00 3/29/2023;42.7;18.81
09:00 3/29/2023;29.9;8.137
10:00 3/29/2023;28.1;16.018
11:00 3/29/2023;34;16.964
12:00 3/29/2023;33.8;14.931
13:00 3/29/2023;27;11.12
14:00 3/29/2023;27.1;18.034
15:00 3/29/2023;35;19.982
16:00 3/29/2023;38.7;18.913
17:00 3/29/2023;30.1;14.017
18:00 3/29/2023;32.9;14.913
19:00 3/29/2023;31;10
20:00 3/29/2023;32.7;10.137
21:00 3/29/2023;26;17.948
22:00 3/29/2023;25.9;15
23:00 3/29/2023;19.9;14.81
00:00 3/29/2023;16;4.034
01:00 3/30/2023;19.1;6.016
02:00 3/30/2023;28.7;7.086
03:00 3/30/2023;;11.948
04:00 3/30/2023;17.1;9.189
05:00 3/30/2023;22.9;19.689
06:00 3/30/2023;18;2.224
07:00 3/30/2023;19.7;14.827
08:00 3/30/2023;6.3;5.155
09:00 3/30/2023;25.8;13.896
10:00 3/30/2023;14.2;8
11:00 3/30/2023;27.1;8.034
12:00 3/30/2023;36.8;10.189
13:00 3/30/2023;27.4;20.931
14:00 3/30/2023;56.2;16.879
15:00 3/30/2023;69.7;9.965
16:00 3/30/2023;54.8;8.034
17:00 3/30/2023;47.1;9.965
18:00 3/30/2023;55.5;7.965
19:00 3/30/2023;27.8;5.948
20:00 3/30/2023;20.1;3.051
21:00 3/30/2023;30.9;6.051
22:00 3/30/2023;26.9;9.017
23:00 3/30/2023;23.8;10.017
00:00 3/30/2023;15.9;10.982
01:00 3/31/2023;15;9.966
02:00 3/31/2023;14.9;7.965
03:00 3/31/2023;12.9;6.017
04:00 3/31/2023;12.2;7.206
05:00 3/31/2023;27.7;18.689
06:00 3/31/2023;13;1.241
07:00 3/31/2023;16;14.948
08:00 3/31/2023;20.9;11.948
09:00 3/31/2023;17;8.931
10:00 3/31/2023;22.1;5.086
11:00 3/31/2023;30.8;10.103
12:00 3/31/2023;22.2;16.017
13:00 3/31/2023;36.2;16.948
14:00 3/31/2023;50.3;13.931
15:00 3/31/2023;67.8;9.965
16:00 3/31/2023;59;8.034
17:00 3/31/2023;62.5;9.948
18:00 3/31/2023;35.6;6.948
19:00 3/31/2023;12.1;4
20:00 3/31/2023;19;4.034
21:00 3/31/2023;21.1;6.017
22:00 3/31/2023;30.8;7.051
23:00 3/31/2023;19.9;10
00:00 3/31/2023;15;9.948
01:00 4/1/2023;19.1;7.288
02:00 4/1/2023;29.6;23.655
03:00 4/1/2023;9.5;4.224
04:00 4/1/2023;38.6;16.913
05:00 4/1/2023;18.6;11.896
06:00 4/1/2023;;6.086
07:00 4/1/2023;26.8;11
08:00 4/1/2023;17.8;10.931
09:00 4/1/2023;8.9;6.913
10:00 4/1/2023;8;2.155
11:00 4/1/2023;68.8;11.051
12:00 4/1/2023;61.3;13.965
13:00 4/1/2023;83.8;11.948
14:00 4/1/2023;72.8;9
15:00 4/1/2023;60.5;8.966
16:00 4/1/2023;34.1;7.067
17:00 4/1/2023;43;11.189
18:00 4/1/2023;47;21.796
19:00 4/1/2023;49.4;10.084
20:00 4/1/2023;75.6;15
21:00 4/1/2023;51.7;15.05
22:00 4/1/2023;38.8;17.966
23:00 4/1/2023;27.9;15.896
00:00 4/1/2023;22;10.034
01:00 4/2/2023;25.9;12.033
02:00 4/2/2023;22.2;21.85
03:00 4/2/2023;37.1;
04:00 4/2/2023;44.4;
05:00 4/2/2023;12.3;
06:00 4/2/2023;33.8;
07:00 4/2/2023;22.7;
08:00 4/2/2023;6.3;
09:00 4/2/2023;27.1;
10:00 4/2/2023;32.6;
11:00 4/2/2023;12.2;
12:00 4/2/2023;24.4;
13:00 4/2/2023;49.8;
14:00 4/2/2023;38;
15:00 4/2/2023;42.9;
16:00 4/2/2023;37.9;
17:00 4/2/2023;35.9;
18:00 4/2/2023;35;
19:00 4/2/2023;36.3;
20:00 4/2/2023;56.9;
21:00 4/2/2023;55.6;
22:00 4/2/2023;36;
23:00 4/2/2023;37;
00:00 4/2/2023;36.9;
01:00 4/3/2023;33.8;
02:00 4/3/2023;28.1;
03:00 4/3/2023;35;
04:00 4/3/2023;34.9;
05:00 4/3/2023;33.1;
06:00 4/3/2023;39.8;
07:00 4/3/2023;34;
08:00 4/3/2023;34.2;
09:00 4/3/2023;45.9;
10:00 4/3/2023;44;
11:00 4/3/2023;47.9;
12:00 4/3/2023;46.7;
13:00 4/3/2023;32.1;16.847
14:00 4/3/2023;39.9;16.288
15:00 4/3/2023;37.1;15.474
16:00 4/3/2023;42.9;15.766
17:00 4/3/2023;42;
18:00 4/3/2023;42.1;
19:00 4/3/2023;49;
20:00 4/3/2023;53.6;
21:00 4/3/2023;35.3;
22:00 4/3/2023;55.8;
23:00 4/3/2023;46;
00:00 4/3/2023;50.9;
01:00 4/4/2023;49.8;
02:00 4/4/2023;42.7;
03:00 4/4/2023;29.8;
04:00 4/4/2023;18.8;
05:00 4/4/2023;10.2;
06:00 4/4/2023;21.8;
07:00 4/4/2023;13.4;
08:00 4/4/2023;39.9;
09:00 4/4/2023;37.8;
10:00 4/4/2023;32.1;
11:00 4/4/2023;38;20.593
12:00 4/4/2023;41.8;9.338
13:00 4/4/2023;35.5;8.745
14:00 4/4/2023;12.1;
15:00 4/4/2023;22.9;8.762
16:00 4/4/2023;19;8.118
17:00 4/4/2023;23.1;7.881
18:00 4/4/2023;32.9;7.05
19:00 4/4/2023;31.8;10.237
20:00 4/4/2023;23.2;
21:00 4/4/2023;34.7;15.779
22:00 4/4/2023;22.7;19.066
23:00 4/4/2023;7.2;
00:00 4/4/2023;18.9;
01:00 4/5/2023;17.1;
02:00 4/5/2023;27.1;
03:00 4/5/2023;38;
04:00 4/5/2023;;
05:00 4/5/2023;;
06:00 4/5/2023;;
07:00 4/5/2023;;
08:00 4/5/2023;;
09:00 4/5/2023;;
10:00 4/5/2023;20.3;
11:00 4/5/2023;30.4;21.694
12:00 4/5/2023;15.1;12.966
13:00 4/5/2023;19.3;12
14:00 4/5/2023;27.2;11.932
15:00 4/5/2023;7;
16:00 4/5/2023;7.6;
17:00 4/5/2023;26.2;
18:00 4/5/2023;33.6;
19:00 4/5/2023;23.1;11.932
20:00 4/5/2023;25.9;10.135
21:00 4/5/2023;25.1;14.033
22:00 4/5/2023;28.8;14.898
23:00 4/5/2023;23.6;12
00:00 4/5/2023;15;12.135
01:00 4/6/2023;15.8;
02:00 4/6/2023;11.2;
03:00 4/6/2023;18.6;
04:00 4/6/2023;10;
05:00 4/6/2023;11.1;
06:00 4/6/2023;15.8;
07:00 4/6/2023;12.1;
08:00 4/6/2023;14.8;
09:00 4/6/2023;10.3;
10:00 4/6/2023;;
11:00 4/6/2023;;
12:00 4/6/2023;;
13:00 4/6/2023;;
14:00 4/6/2023;;
15:00 4/6/2023;;
16:00 4/6/2023;;
17:00 4/6/2023;;
18:00 4/6/2023;28.6;3.101
19:00 4/6/2023;18.1;9.135
20:00 4/6/2023;21.9;16.881
21:00 4/6/2023;20.8;9.866
22:00 4/6/2023;17;5.866
23:00 4/6/2023;18.1;2.133
00:00 4/6/2023;20.9;6
01:00 4/7/2023;19.8;6.166
02:00 4/7/2023;16;10.966
03:00 4/7/2023;17.1;9.016
04:00 4/7/2023;22.1;9.95
05:00 4/7/2023;24.8;7.1
06:00 4/7/2023;21.8;12.933
07:00 4/7/2023;18;9
08:00 4/7/2023;17.9;8.95
09:00 4/7/2023;17.1;5.983
10:00 4/7/2023;20.7;5.066
11:00 4/7/2023;40.4;8.983
12:00 4/7/2023;23.1;8
13:00 4/7/2023;;8.066
14:00 4/7/2023;15;12
15:00 4/7/2023;17;11.916
16:00 4/7/2023;16.7;6.916
17:00 4/7/2023;10.9;2.033
18:00 4/7/2023;10.4;4.016
19:00 4/7/2023;24.3;4.966
20:00 4/7/2023;32.2;3.133
21:00 4/7/2023;11.8;10.933
22:00 4/7/2023;34.6;7.016
23:00 4/7/2023;26;7.983
00:00 4/7/2023;26.5;6.933
01:00 4/8/2023;13.8;3.05
02:00 4/8/2023;10;6.016
03:00 4/8/2023;11.8;6.966
04:00 4/8/2023;6.8;4.966
05:00 4/8/2023;1.9;2.983
06:00 4/8/2023;1.1;2.05
07:00 4/8/2023;6.1;4.983
08:00 4/8/2023;9.1;3.983
09:00 4/8/2023;13.2;3
10:00 4/8/2023;19.8;2.966
11:00 4/8/2023;14.7;1.033
12:00 4/8/2023;8.8;3.066
13:00 4/8/2023;7.8;7
14:00 4/8/2023;61.1;7.016
15:00 4/8/2023;64.6;8.033
16:00 4/8/2023;54.6;10.1
17:00 4/8/2023;44.6;15.816
18:00 4/8/2023;34.4;5.116
19:00 4/8/2023;;
20:00 4/8/2023;;
21:00 4/8/2023;;
22:00 4/8/2023;16.7;8
23:00 4/8/2023;9;7.866
00:00 4/8/2023;9.2;3.932
01:00 4/9/2023;16.2;0.3
02:00 4/9/2023;22.7;9
03:00 4/9/2023;15.6;8.949
04:00 4/9/2023;6.3;5.966
05:00 4/9/2023;14.7;4.016
06:00 4/9/2023;6.9;4.983
07:00 4/9/2023;6.3;4.016
08:00 4/9/2023;16.9;4.949
09:00 4/9/2023;16;1.915
10:00 4/9/2023;16.9;
11:00 4/9/2023;14.8;1
12:00 4/9/2023;11.1;1.016
13:00 4/9/2023;16.1;2.033
14:00 4/9/2023;20.9;4.016
15:00 4/9/2023;19.1;4.966
16:00 4/9/2023;23.5;3.016
17:00 4/9/2023;12.2;4
18:00 4/9/2023;18.8;4
19:00 4/9/2023;14.7;4
20:00 4/9/2023;7.3;4
21:00 4/9/2023;16.6;3.983
22:00 4/9/2023;8;2.932
23:00 4/9/2023;8.1;
00:00 4/9/2023;12.1;
01:00 4/10/2023;14.7;
02:00 4/10/2023;7;
03:00 4/10/2023;9.3;2.966
04:00 4/10/2023;18.6;0.983
05:00 4/10/2023;10.1;0.016
06:00 4/10/2023;14.9;1.033
07:00 4/10/2023;13;3
08:00 4/10/2023;14.8;3.084
09:00 4/10/2023;11.8;7.966
10:00 4/10/2023;9.3;6
11:00 4/10/2023;19;5.966
12:00 4/10/2023;20.2;4
13:00 4/10/2023;28;3.932
14:00 4/10/2023;28;0.016
15:00 4/10/2023;28.8;1.101
16:00 4/10/2023;24.4;6.983
17:00 4/10/2023;37.5;5.966
18:00 4/10/2023;25;4.033
19:00 4/10/2023;26.3;6
20:00 4/10/2023;36.7;6.135
21:00 4/10/2023;30.5;13.915
22:00 4/10/2023;17.9;8.966
23:00 4/10/2023;17;7.101
00:00 4/10/2023;18.9;12.898
01:00 4/11/2023;16.9;7
02:00 4/11/2023;14.7;6.966
03:00 4/11/2023;8.9;5.966
04:00 4/11/2023;6.9;4.9
05:00 4/11/2023;5.9;2.1
06:00 4/11/2023;;7.983
07:00 4/11/2023;;6.983
08:00 4/11/2023;14;6
09:00 4/11/2023;16.3;6
10:00 4/11/2023;26;6
11:00 4/11/2023;27.8;6.05
12:00 4/11/2023;25.2;8.966
13:00 4/11/2023;32.1;7.083
14:00 4/11/2023;34.6;11.966
15:00 4/11/2023;24.3;9.9
16:00 4/11/2023;33.7;3.983
17:00 4/11/2023;26.4;3.033
18:00 4/11/2023;12.1;4.983
19:00 4/11/2023;17.1;4.133
20:00 4/11/2023;20;7.898
21:00 4/11/2023;19.9;4.966
22:00 4/11/2023;18.1;3.932
23:00 4/11/2023;22.8;2.033
00:00 4/11/2023;18;3.033
01:00 4/12/2023;18.6;3.966
02:00 4/12/2023;9.2;2.966
03:00 4/12/2023;15.9;2.067
04:00 4/12/2023;14;4
05:00 4/12/2023;15.9;4.101
06:00 4/12/2023;12.8;6.932
07:00 4/12/2023;8.2;5.033
08:00 4/12/2023;14.6;6.169
09:00 4/12/2023;32.1;10.932
10:00 4/12/2023;37.1;9
11:00 4/12/2023;;
12:00 4/12/2023;;
13:00 4/12/2023;49.9;2
14:00 4/12/2023;46.1;2.133
15:00 4/12/2023;20.9;5.966
16:00 4/12/2023;19.2;5.1
17:00 4/12/2023;26.9;8.133
18:00 4/12/2023;23.9;11.833
19:00 4/12/2023;23;6.833
20:00 4/12/2023;23.8;2.033
21:00 4/12/2023;21.3;3
22:00 4/12/2023;32;3.1
23:00 4/12/2023;33.8;5.933
00:00 4/12/2023;30.7;4.033
01:00 4/13/2023;25.1;5.933
02:00 4/13/2023;29.9;4.1
03:00 4/13/2023;27.7;6.933
04:00 4/13/2023;21.8;4.966
05:00 4/13/2023;18;3.933
06:00 4/13/2023;19.9;2.066
07:00 4/13/2023;19;4.133
08:00 4/13/2023;21.3;7.966
09:00 4/13/2023;30.7;7.033
10:00 4/13/2023;25.5;8.033
11:00 4/13/2023;41.2;8.966
12:00 4/13/2023;47.3;7.933
13:00 4/13/2023;27.8;5.933
14:00 4/13/2023;24;3.966
15:00 4/13/2023;26.4;3.2
16:00 4/13/2023;39.9;8.966
17:00 4/13/2023;37.5;7.9
18:00 4/13/2023;25.8;4.833
19:00 4/13/2023;50.8;0.166
20:00 4/13/2023;47.8;5.1
21:00 4/13/2023;42.5;8.266
22:00 4/13/2023;30.6;15.766
23:00 4/13/2023;21.5;9
00:00 4/13/2023;9.8;8.949
01:00 4/14/2023;5.9;5.9
02:00 4/14/2023;4;2.966
03:00 4/14/2023;6.2;1.933
04:00 4/14/2023;12.8;0.166
05:00 4/14/2023;8.9;4.933
06:00 4/14/2023;8.1;2.866
07:00 4/14/2023;13.2;
08:00 4/14/2023;21.1;0.1
09:00 4/14/2023;24.3;3.033
10:00 4/14/2023;33.1;4.033
11:00 4/14/2023;35.5;5
12:00 4/14/2023;23.5;5
13:00 4/14/2023;39.1;5.4
14:00 4/14/2023;71.4;16.7
15:00 4/14/2023;55.6;8
16:00 4/14/2023;46.1;8.067
17:00 4/14/2023;49.4;12.016
18:00 4/14/2023;62.2;13
19:00 4/14/2023;40;12.949
20:00 4/14/2023;41.5;9.983
21:00 4/14/2023;28;9.016
22:00 4/14/2023;29;9.949
23:00 4/14/2023;28.8;7
00:00 4/14/2023;24.3;7.05
01:00 4/15/2023;;9.915
02:00 4/15/2023;26.2;4.949
03:00 4/15/2023;6;2.05
04:00 4/15/2023;7;5
05:00 4/15/2023;9;4.933
06:00 4/15/2023;11;1.084
07:00 4/15/2023;11;5.983
08:00 4/15/2023;10.9;4.966
09:00 4/15/2023;10;3.067
10:00 4/15/2023;13.1;6.983
11:00 4/15/2023;20;6
12:00 4/15/2023;23.7;5.983
13:00 4/15/2023;7.2;5.016
14:00 4/15/2023;23.9;6
15:00 4/15/2023;20.9;6.05
16:00 4/15/2023;16.9;8.949
17:00 4/15/2023;15;5.983
18:00 4/15/2023;20.9;5.017
19:00 4/15/2023;77.1;5.983
20:00 4/15/2023;25.8;5.033
21:00 4/15/2023;19.8;7.066
22:00 4/15/2023;12.9;8.9
23:00 4/15/2023;11;5.933
00:00 4/15/2023;11.9;4
01:00 4/16/2023;9.1;4
02:00 4/16/2023;15;3.95
03:00 4/16/2023;19.8;0.966
04:00 4/16/2023;14;
05:00 4/16/2023;14;2.033
06:00 4/16/2023;14;3.966
07:00 4/16/2023;16;1.966
08:00 4/16/2023;20;0.066
09:00 4/16/2023;24.8;4.016
10:00 4/16/2023;18.2;4.983
11:00 4/16/2023;31.7;4.016
12:00 4/16/2023;17.2;4.966
13:00 4/16/2023;29.7;2.983
14:00 4/16/2023;17.8;2.016
15:00 4/16/2023;11.1;3.016
16:00 4/16/2023;20.8;4
17:00 4/16/2023;11.3;3.95
18:00 4/16/2023;29.8;1.016
19:00 4/16/2023;22.8;2.066
20:00 4/16/2023;15.1;5.966
21:00 4/16/2023;21.8;4.016
22:00 4/16/2023;15.1;5.066
23:00 4/16/2023;22;8.95
00:00 4/16/2023;21.9;6.033
01:00 4/17/2023;17;7.983
02:00 4/17/2023;20.7;6.983
03:00 4/17/2023;9;5.983
04:00 4/17/2023;13;4.966
05:00 4/17/2023;14.9;3.016
06:00 4/17/2023;10.9;4.016
07:00 4/17/2023;7.1;4.983
08:00 4/17/2023;16.8;4.066
09:00 4/17/2023;9.1;8.016
10:00 4/17/2023;20;8.933
11:00 4/17/2023;21;5.033
12:00 4/17/2023;22;6.95
13:00 4/17/2023;22.1;3.95
14:00 4/17/2023;33;1.033
15:00 4/17/2023;36.9;3.033
16:00 4/17/2023;36;5.033
17:00 4/17/2023;37.7;6.966
18:00 4/17/2023;25.9;5
19:00 4/17/2023;24;5.066
20:00 4/17/2023;27;9.016
21:00 4/17/2023;30.6;9.983
22:00 4/17/2023;13.1;9.1
23:00 4/17/2023;21;14.966
00:00 4/17/2023;23.8;12.9
01:00 4/18/2023;16.9;6.931
02:00 4/18/2023;13.9;2.983
03:00 4/18/2023;10;2.066
04:00 4/18/2023;14;6.083
05:00 4/18/2023;16.8;10.916
06:00 4/18/2023;10.2;5.983
07:00 4/18/2023;22.7;5.05
08:00 4/18/2023;8.2;7.983
09:00 4/18/2023;24.1;7.066
10:00 4/18/2023;34.2;10.916
11:00 4/18/2023;48.1;6.15
12:00 4/18/2023;56.5;14.983
13:00 4/18/2023;32;13.9
14:00 4/18/2023;33.9;8.15
15:00 4/18/2023;30.5;16.883
16:00 4/18/2023;59.3;10.133
17:00 4/18/2023;78.9;18
18:00 4/18/2023;73.3;17.733
19:00 4/18/2023;35;2.1
20:00 4/18/2023;38.4;8.1
21:00 4/18/2023;61.8;14
22:00 4/18/2023;55.6;13.9
23:00 4/18/2023;37.7;8.033
00:00 4/18/2023;26.1;10.016
01:00 4/19/2023;31.9;10.948
02:00 4/19/2023;28;8.016
03:00 4/19/2023;27.9;9.116
04:00 4/19/2023;26;15.766
05:00 4/19/2023;29.8;2.066
06:00 4/19/2023;20.9;6.016
07:00 4/19/2023;19;6.95
08:00 4/19/2023;20.1;4.033
09:00 4/19/2023;28.9;6.166
10:00 4/19/2023;28.2;15.933
11:00 4/19/2023;43.1;12.033
12:00 4/19/2023;52;14.05
13:00 4/19/2023;51.8;16.833
14:00 4/19/2023;41;7.083
15:00 4/19/2023;46;12.05
16:00 4/19/2023;105;14.932
17:00 4/19/2023;104.3;11.033
18:00 4/19/2023;66.4;12.931
19:00 4/19/2023;33.4;9.152
20:00 4/19/2023;56.9;17.949
21:00 4/19/2023;54.9;14.966
22:00 4/19/2023;51.3;12.915
23:00 4/19/2023;15;7.983
00:00 4/19/2023;19.8;6.966
01:00 4/20/2023;14;5.017
02:00 4/20/2023;14.6;6.372
03:00 4/20/2023;49.4;27.644
04:00 4/20/2023;15.9;7
05:00 4/20/2023;11;7.017
06:00 4/20/2023;14.1;8
07:00 4/20/2023;22.1;8.051
08:00 4/20/2023;32.8;10.948
09:00 4/20/2023;27;7.948
10:00 4/20/2023;27.1;5
11:00 4/20/2023;35.8;5.017
12:00 4/20/2023;27.1;6
13:00 4/20/2023;37.7;5.982
14:00 4/20/2023;23.3;5.017
15:00 4/20/2023;41.8;6
16:00 4/20/2023;30.8;6.137
17:00 4/20/2023;21.5;13.896
18:00 4/20/2023;51.6;8
19:00 4/20/2023;32.8;8.672
20:00 4/20/2023;83.5;46.603
21:00 4/20/2023;59.7;23.775
22:00 4/20/2023;43.8;10.982
23:00 4/20/2023;34.8;10
00:00 4/20/2023;27;9.965
01:00 4/21/2023;30;7.983
02:00 4/21/2023;31.9;7.103
03:00 4/21/2023;27;12.965
04:00 4/21/2023;29.1;10.948
05:00 4/21/2023;39.8;8.051
06:00 4/21/2023;32.9;10.931
07:00 4/21/2023;30.9;6.982
08:00 4/21/2023;28;6.017
09:00 4/21/2023;29;7.051
10:00 4/21/2023;32;10.017
11:00 4/21/2023;37;10.948
12:00 4/21/2023;38;7.931
13:00 4/21/2023;38.1;4.103
14:00 4/21/2023;46.8;10.034
15:00 4/21/2023;39.8;11.913
16:00 4/21/2023;33.9;7
17:00 4/21/2023;33;7.103
18:00 4/21/2023;33.8;12.965
19:00 4/21/2023;28;11
20:00 4/21/2023;33;10.982
21:00 4/21/2023;33;10.017
22:00 4/21/2023;37.8;10.948
23:00 4/21/2023;28;8.068
00:00 4/21/2023;30;11.982
01:00 4/22/2023;31.8;10.983
02:00 4/22/2023;25.1;10.017
03:00 4/22/2023;31.7;10.948
04:00 4/22/2023;16.8;7.931
05:00 4/22/2023;8.1;4.017
06:00 4/22/2023;16.8;5.017
07:00 4/22/2023;10;5.982
08:00 4/22/2023;11.9;5
09:00 4/22/2023;8.1;4.982
10:00 4/22/2023;16.9;3.982
11:00 4/22/2023;16.1;3.068
12:00 4/22/2023;21.9;7
13:00 4/22/2023;18.9;7.034
14:00 4/22/2023;15.1;8.949
15:00 4/22/2023;23;6.017
16:00 4/22/2023;24.7;6.982
17:00 4/22/2023;11.1;5.982
18:00 4/22/2023;20.9;5
19:00 4/22/2023;15.9;4.965
20:00 4/22/2023;13;2.982
21:00 4/22/2023;16;2.017
22:00 4/22/2023;17.9;3.033
23:00 4/22/2023;14.9;4.983
00:00 4/22/2023;12.2;4.033
01:00 4/23/2023;24.9;6.051
02:00 4/23/2023;23;8.983
03:00 4/23/2023;23.9;7.983
04:00 4/23/2023;22;6.983
05:00 4/23/2023;22.9;6.081
06:00 4/23/2023;21;10.915
07:00 4/23/2023;21.8;6.05
08:00 4/23/2023;14;8.949
09:00 4/23/2023;18.8;6
10:00 4/23/2023;13;6
11:00 4/23/2023;17.1;5.983
12:00 4/23/2023;28;4.983
13:00 4/23/2023;27.8;4
14:00 4/23/2023;20.9;4
15:00 4/23/2023;19.1;4.016
16:00 4/23/2023;25.7;5.034
17:00 4/23/2023;12.9;7
18:00 4/23/2023;;
19:00 4/23/2023;;
20:00 4/23/2023;;
21:00 4/23/2023;;
22:00 4/23/2023;;
23:00 4/23/2023;;
00:00 4/23/2023;;
01:00 4/24/2023;;
02:00 4/24/2023;;
03:00 4/24/2023;;
04:00 4/24/2023;;
05:00 4/24/2023;;
06:00 4/24/2023;;
07:00 4/24/2023;;
08:00 4/24/2023;;
09:00 4/24/2023;21.7;6.956
10:00 4/24/2023;12.1;5.033
11:00 4/24/2023;20.1;7.083
12:00 4/24/2023;30.9;11.933
13:00 4/24/2023;26;7.966
14:00 4/24/2023;29.8;5.983
15:00 4/24/2023;24.1;5.016
16:00 4/24/2023;31.7;5.983
17:00 4/24/2023;17.6;5.066
18:00 4/24/2023;53.6;8.95
19:00 4/24/2023;30.9;5.966
20:00 4/24/2023;26.1;4.116
21:00 4/24/2023;32;11
22:00 4/24/2023;33.8;10.95
23:00 4/24/2023;22.8;7.95
00:00 4/24/2023;14.1;5.016
01:00 4/25/2023;23.9;6.051
02:00 4/25/2023;19;9.016
03:00 4/25/2023;24.1;9.949
04:00 4/25/2023;30.6;6.932
05:00 4/25/2023;12.9;3.067
06:00 4/25/2023;11.9;7
07:00 4/25/2023;9.1;6.949
08:00 4/25/2023;19.8;3.966
09:00 4/25/2023;14.1;2.016
10:00 4/25/2023;24;3.067
11:00 4/25/2023;26;7.067
12:00 4/25/2023;26.1;10.966
13:00 4/25/2023;33.1;8.983
14:00 4/25/2023;38.8;8.017
15:00 4/25/2023;29;9
16:00 4/25/2023;32.1;9.017
17:00 4/25/2023;39.8;9.965
18:00 4/25/2023;30.6;8.051
19:00 4/25/2023;11.1;10.913
20:00 4/25/2023;18.9;6.034
21:00 4/25/2023;13.9;7.982
22:00 4/25/2023;12.1;7.12
23:00 4/25/2023;20.1;14.017
00:00 4/25/2023;27;14.931
01:00 4/26/2023;27.9;10.932
02:00 4/26/2023;26;7
03:00 4/26/2023;26;6.965
04:00 4/26/2023;26.9;4.931
05:00 4/26/2023;22.8;0.982
06:00 4/26/2023;11.9;0.017
07:00 4/26/2023;8.2;1.12
08:00 4/26/2023;21.8;7.965
09:00 4/26/2023;16;6
10:00 4/26/2023;20.1;6
11:00 4/26/2023;29.2;6.017
12:00 4/26/2023;41;7.017
13:00 4/26/2023;40.8;7.965
14:00 4/26/2023;32.9;6.017
15:00 4/26/2023;;
16:00 4/26/2023;;
17:00 4/26/2023;;
18:00 4/26/2023;41.6;6.948
19:00 4/26/2023;19.2;3.965
20:00 4/26/2023;34;1.982
21:00 4/26/2023;36.9;1.137
22:00 4/26/2023;34.8;9.034
23:00 4/26/2023;24.9;10.913
00:00 4/26/2023;22.9;5.913
01:00 4/27/2023;19.9;0.966
02:00 4/27/2023;17;
03:00 4/27/2023;18;1
04:00 4/27/2023;18.8;1.034
05:00 4/27/2023;12;3.017
06:00 4/27/2023;12.1;3.982
07:00 4/27/2023;20.8;3.051
08:00 4/27/2023;11.1;5.965
09:00 4/27/2023;16.9;3.965
10:00 4/27/2023;13.2;2.068
11:00 4/27/2023;27.9;6.086
12:00 4/27/2023;24.8;10.931
13:00 4/27/2023;18.9;6.982
14:00 4/27/2023;16.9;6.017
15:00 4/27/2023;16.1;7.103
16:00 4/27/2023;26.4;13.137
17:00 4/27/2023;53.2;20.862
18:00 4/27/2023;66.3;13.017
19:00 4/27/2023;29;13.965
20:00 4/27/2023;30.7;11.896
21:00 4/27/2023;17.6;5.965
22:00 4/27/2023;51.7;4.051
23:00 4/27/2023;35.8;7.034
00:00 4/27/2023;28;9.017
01:00 4/28/2023;28.2;10
02:00 4/28/2023;42.8;9.983
03:00 4/28/2023;32.5;8.965
04:00 4/28/2023;63.5;7.034
05:00 4/28/2023;37.9;9.051
06:00 4/28/2023;34.8;11.965
07:00 4/28/2023;25.9;10.103
08:00 4/28/2023;23.2;15.844
09:00 4/28/2023;35;7.017
10:00 4/28/2023;40;8.05
11:00 4/28/2023;39.8;11.016
12:00 4/28/2023;33.9;11.966
13:00 4/28/2023;29;10.016
14:00 4/28/2023;31.2;10.966
15:00 4/28/2023;45.7;9.05
16:00 4/28/2023;30;11.966
17:00 4/28/2023;31.6;10.033
18:00 4/28/2023;9.5;12.067
19:00 4/28/2023;42.3;16.508
20:00 4/28/2023;64.3;45.593
21:00 4/28/2023;29.1;21.762
22:00 4/28/2023;35.7;7.949
23:00 4/28/2023;23;5.067
00:00 4/28/2023;24.9;8.949
01:00 4/29/2023;22.8;5.965
02:00 4/29/2023;14;4.101
03:00 4/29/2023;14.9;9.949
04:00 4/29/2023;12;7.05
05:00 4/29/2023;16.8;9.932
06:00 4/29/2023;7.1;5.949
07:00 4/29/2023;17.9;3.05
08:00 4/29/2023;17.1;6
09:00 4/29/2023;24.1;6
10:00 4/29/2023;31.9;6.033
11:00 4/29/2023;31;7.932
12:00 4/29/2023;34.9;3.966
13:00 4/29/2023;30.9;2.016
14:00 4/29/2023;29.7;3.067
15:00 4/29/2023;16.9;6.932
16:00 4/29/2023;14;2.932
17:00 4/29/2023;18;-0.847
18:00 4/29/2023;18.2;8.169
19:00 4/29/2023;29.7;17.864
20:00 4/29/2023;15.9;9.932
21:00 4/29/2023;12.9;6.033
22:00 4/29/2023;10.1;7.932
23:00 4/29/2023;16;4.05
00:00 4/29/2023;19;7
01:00 4/30/2023;23.9;6.931
02:00 4/30/2023;21.8;3.016
03:00 4/30/2023;10.9;3.966
04:00 4/30/2023;9;1.983
05:00 4/30/2023;12.9;1.016
06:00 4/30/2023;11.9;2
07:00 4/30/2023;10;2.016
08:00 4/30/2023;14.1;2.966
09:00 4/30/2023;23;1.101
10:00 4/30/2023;27.2;7.05
11:00 4/30/2023;39.8;9.915
12:00 4/30/2023;29.8;5.033
13:00 4/30/2023;21.9;7
14:00 4/30/2023;20.8;6.966
15:00 4/30/2023;9;4.948
16:00 4/30/2023;14;2.016
17:00 4/30/2023;18.8;2.983
18:00 4/30/2023;12;1.949
19:00 4/30/2023;16.9;-0.931
20:00 4/30/2023;11;3.05
21:00 4/30/2023;11;6.016
22:00 4/30/2023;13.1;7
23:00 4/30/2023;19;6.982
00:00 4/30/2023;22;6.017
01:00 5/1/2023;26;7.017
02:00 5/1/2023;27.9;7.982
03:00 5/1/2023;21.9;6.965
04:00 5/1/2023;21.1;5.068
05:00 5/1/2023;26.7;9
06:00 5/1/2023;13.9;8.965
07:00 5/1/2023;13;6.965
08:00 5/1/2023;15.1;5.086
09:00 5/1/2023;21;9.948
10:00 5/1/2023;24.2;6.965
11:00 5/1/2023;36.8;5.034
12:00 5/1/2023;24.9;6.982
13:00 5/1/2023;22.8;5.982
14:00 5/1/2023;14;4.982
15:00 5/1/2023;16;3.982
16:00 5/1/2023;18.9;3.034
17:00 5/1/2023;12.9;5
18:00 5/1/2023;12.3;5
19:00 5/1/2023;31.9;5.017
20:00 5/1/2023;30.6;6
21:00 5/1/2023;10.9;6.086
22:00 5/1/2023;9;10.931
23:00 5/1/2023;9.9;7.206
00:00 5/1/2023;8;18.689
01:00 5/2/2023;11.9;1.068
02:00 5/2/2023;9;5.051
03:00 5/2/2023;10.1;7.982
04:00 5/2/2023;14.1;7
05:00 5/2/2023;17.1;7.017
06:00 5/2/2023;20;8
07:00 5/2/2023;19.8;7.982
08:00 5/2/2023;15.3;7
09:00 5/2/2023;24.1;7.086
10:00 5/2/2023;31.1;12.086
11:00 5/2/2023;36.6;16.724
12:00 5/2/2023;15.8;1
13:00 5/2/2023;9.3;1.103
14:00 5/2/2023;31.7;6.982
15:00 5/2/2023;;
16:00 5/2/2023;477.4;476.793
17:00 5/2/2023;40.6;9.034
18:00 5/2/2023;23.1;11.465
19:00 5/2/2023;30.2;37.568
20:00 5/2/2023;43.2;13.12
21:00 5/2/2023;58.6;19.948
22:00 5/2/2023;36.8;16.844
23:00 5/2/2023;28.1;8.017
00:00 5/2/2023;36.8;9.103
01:00 5/3/2023;27.8;14.896
02:00 5/3/2023;17;9
03:00 5/3/2023;21.8;8.931
04:00 5/3/2023;16;4.982
05:00 5/3/2023;17;4
06:00 5/3/2023;18;4
07:00 5/3/2023;18;4.034
08:00 5/3/2023;21.2;6.086
09:00 5/3/2023;38;10.965
10:00 5/3/2023;41.6;8.982
11:00 5/3/2023;32.4;7.965
12:00 5/3/2023;44.3;6.051
13:00 5/3/2023;24.4;8.948
14:00 5/3/2023;9.4;5.965
15:00 5/3/2023;22.8;3.965
16:00 5/3/2023;16.7;1.965
17:00 5/3/2023;10.4;0.017
18:00 5/3/2023;36.8;1.017
19:00 5/3/2023;27;2.137
20:00 5/3/2023;32.1;9.948
21:00 5/3/2023;37.8;6.982
22:00 5/3/2023;30.9;6.034
23:00 5/3/2023;28.9;7.982
00:00 5/3/2023;24.9;6.965
01:00 5/4/2023;23.9;5.101
02:00 5/4/2023;22.1;11.103
03:00 5/4/2023;30.8;16.931
04:00 5/4/2023;24.1;12.965
05:00 5/4/2023;32.7;11
06:00 5/4/2023;19;10.982
07:00 5/4/2023;22;9.948
08:00 5/4/2023;24.9;7.034
09:00 5/4/2023;24.1;9.103
10:00 5/4/2023;30;14.896
11:00 5/4/2023;31.3;9.017
12:00 5/4/2023;50.8;9.982
13:00 5/4/2023;39.4;8.982
14:00 5/4/2023;9.1;8
15:00 5/4/2023;18.1;8.086
16:00 5/4/2023;25;12.931
17:00 5/4/2023;28.7;8.982
18:00 5/4/2023;16.3;8.034
19:00 5/4/2023;38;10
20:00 5/4/2023;39.2;10.034
21:00 5/4/2023;53.7;11.931
22:00 5/4/2023;37.9;8.103
23:00 5/4/2023;33.8;13.948
00:00 5/4/2023;25.9;10.948
01:00 5/5/2023;19.9;8.033
02:00 5/5/2023;15;9.982
03:00 5/5/2023;19;9.034
04:00 5/5/2023;21.8;11.067
05:00 5/5/2023;12.1;14.913
06:00 5/5/2023;18;10.034
07:00 5/5/2023;18.9;12
08:00 5/5/2023;18.1;12.017
09:00 5/5/2023;21.1;12.931
10:00 5/5/2023;26.5;9.103
11:00 5/5/2023;40.7;14.948
12:00 5/5/2023;32.1;11.913
13:00 5/5/2023;7;6.965
14:00 5/5/2023;11.2;5.051
15:00 5/5/2023;23;8
16:00 5/5/2023;26.7;8
17:00 5/5/2023;11;8.017
18:00 5/5/2023;15.1;9.068
19:00 5/5/2023;24.8;13.034
20:00 5/5/2023;18.2;14.844
21:00 5/5/2023;30;6.051
22:00 5/5/2023;33.1;9.034
23:00 5/5/2023;39.4;11.31
00:00 5/5/2023;67.5;28.81
01:00 5/6/2023;43.1;18.033
02:00 5/6/2023;48.8;19.896
03:00 5/6/2023;41.7;14.034
04:00 5/6/2023;27.7;15.982
05:00 5/6/2023;14;14.896
06:00 5/6/2023;16.1;9.034
07:00 5/6/2023;23;10.965
08:00 5/6/2023;23;9.103
09:00 5/6/2023;26;14.931
10:00 5/6/2023;30.9;10.982
11:00 5/6/2023;30;9.948
12:00 5/6/2023;30.1;6.965
13:00 5/6/2023;39.7;5.034
14:00 5/6/2023;34.6;6.948
15:00 5/6/2023;485;4.017
16:00 5/6/2023;485;5.034
17:00 5/6/2023;485;6.982
18:00 5/6/2023;485;5.948
19:00 5/6/2023;485;2.982
20:00 5/6/2023;485;2.068
21:00 5/6/2023;485;6.155
22:00 5/6/2023;485;14.932
23:00 5/6/2023;485;10.913
00:00 5/6/2023;485;6.12
01:00 5/7/2023;485;12.916
02:00 5/7/2023;485;8.12
03:00 5/7/2023;485;14.827
04:00 5/7/2023;485;5.034
05:00 5/7/2023;485;7.086
06:00 5/7/2023;485;11.948
07:00 5/7/2023;485;8.965
08:00 5/7/2023;485;6.965
09:00 5/7/2023;485;4.948
10:00 5/7/2023;485;2.118
11:00 5/7/2023;485;8.966
12:00 5/7/2023;485;6.932
13:00 5/7/2023;485;2.983
14:00 5/7/2023;485;2.05
15:00 5/7/2023;485;5
16:00 5/7/2023;485;4.983
17:00 5/7/2023;485;4
18:00 5/7/2023;485;4
19:00 5/7/2023;485;4.084
20:00 5/7/2023;485;8.983
21:00 5/7/2023;485;7.983
22:00 5/7/2023;485;7.067
23:00 5/7/2023;485;10.932
00:00 5/7/2023;485;7
01:00 5/8/2023;485;7.118
02:00 5/8/2023;485;13.949
03:00 5/8/2023;485;10.898
04:00 5/8/2023;485;5.05
05:00 5/8/2023;485;7.983
06:00 5/8/2023;485;7.033
07:00 5/8/2023;485;9.033
08:00 5/8/2023;485;11.033
09:00 5/8/2023;485;12.932
10:00 5/8/2023;485;8.983
11:00 5/8/2023;53.5;8
12:00 5/8/2023;25.2;8
13:00 5/8/2023;24;7.949
14:00 5/8/2023;23;4.932
15:00 5/8/2023;6.8;1.033
16:00 5/8/2023;16.4;3.135
17:00 5/8/2023;23.6;10.949
18:00 5/8/2023;46.7;7.949
19:00 5/8/2023;477;5
20:00 5/8/2023;28.7;5.033
21:00 5/8/2023;15.1;6.949
22:00 5/8/2023;20.7;4.066
23:00 5/8/2023;;
00:00 5/8/2023;;
01:00 5/9/2023;;
02:00 5/9/2023;;
03:00 5/9/2023;;
04:00 5/9/2023;;
05:00 5/9/2023;;
06:00 5/9/2023;;
07:00 5/9/2023;;
08:00 5/9/2023;;
09:00 5/9/2023;;
10:00 5/9/2023;;
11:00 5/9/2023;;
12:00 5/9/2023;;
13:00 5/9/2023;;
14:00 5/9/2023;;
15:00 5/9/2023;;
16:00 5/9/2023;;
17:00 5/9/2023;;
18:00 5/9/2023;;
19:00 5/9/2023;;
20:00 5/9/2023;;
21:00 5/9/2023;;
22:00 5/9/2023;;
23:00 5/9/2023;;
00:00 5/9/2023;;
01:00 5/10/2023;;
02:00 5/10/2023;;
03:00 5/10/2023;;
04:00 5/10/2023;;
05:00 5/10/2023;;
06:00 5/10/2023;;
07:00 5/10/2023;;
08:00 5/10/2023;;
09:00 5/10/2023;;
10:00 5/10/2023;;
11:00 5/10/2023;30.2;9.103
12:00 5/10/2023;37.8;14.827
13:00 5/10/2023;35.4;5.017
14:00 5/10/2023;48.1;6.017
15:00 5/10/2023;25.1;7
16:00 5/10/2023;;
17:00 5/10/2023;;
18:00 5/10/2023;74.2;5
19:00 5/10/2023;53.5;5.034
20:00 5/10/2023;41.3;6.966
21:00 5/10/2023;49.8;5.206
22:00 5/10/2023;45.1;16.983
23:00 5/10/2023;49;16.084
00:00 5/10/2023;50.8;20.932
01:00 5/11/2023;47.2;17.068
02:00 5/11/2023;53.6;20.983
03:00 5/11/2023;42.8;20
04:00 5/11/2023;37.2;19.728
05:00 5/11/2023;15.7;4.016
06:00 5/11/2023;9.4;5.033
07:00 5/11/2023;23;7.067
08:00 5/11/2023;24.2;10.932
09:00 5/11/2023;31;7.084
10:00 5/11/2023;30.8;11.915
11:00 5/11/2023;27;7.016
12:00 5/11/2023;29;7.983
13:00 5/11/2023;30.6;7.016
14:00 5/11/2023;22;7.966
15:00 5/11/2023;22;6
16:00 5/11/2023;22.4;5.966
17:00 5/11/2023;33.6;3.983
18:00 5/11/2023;22.7;3.169
19:00 5/11/2023;17.1;12.966
20:00 5/11/2023;20.4;11.118
21:00 5/11/2023;32.9;17.966
22:00 5/11/2023;30.6;15.915
23:00 5/11/2023;22.3;11.084
00:00 5/11/2023;32.8;15.864
01:00 5/12/2023;29.9;16.762
02:00 5/12/2023;26.9;
03:00 5/12/2023;25.7;17.813
04:00 5/12/2023;17.8;7.016
05:00 5/12/2023;12.8;7.932
06:00 5/12/2023;10.1;4.016
07:00 5/12/2023;13.7;5
08:00 5/12/2023;7;5.033
09:00 5/12/2023;8.2;7.033
10:00 5/12/2023;14.5;8.983
11:00 5/12/2023;28.6;8.033
12:00 5/12/2023;18.1;9.932
13:00 5/12/2023;23.2;6.118
14:00 5/12/2023;29;12.931
15:00 5/12/2023;29.8;9
16:00 5/12/2023;26.1;8.932
17:00 5/12/2023;29.9;5.05
18:00 5/12/2023;28.8;8.05
19:00 5/12/2023;26.3;10.915
20:00 5/12/2023;35;6.237
21:00 5/12/2023;35.8;19.881
22:00 5/12/2023;31.9;13.05
23:00 5/12/2023;30.6;15.879
00:00 5/12/2023;22.3;9.034
01:00 5/13/2023;30.9;11
02:00 5/13/2023;30;10.982
03:00 5/13/2023;31.1;10.103
04:00 5/13/2023;33.8;15.81
05:00 5/13/2023;29.8;5.05
06:00 5/13/2023;25.1;7.983
07:00 5/13/2023;29.7;7.1
08:00 5/13/2023;23.4;12.933
09:00 5/13/2023;35;8.983
10:00 5/13/2023;34.8;8
11:00 5/13/2023;31.3;8.05
12:00 5/13/2023;40.8;10.915
13:00 5/13/2023;35.6;5.966
14:00 5/13/2023;26;3.983
15:00 5/13/2023;26.8;3.067
16:00 5/13/2023;23.7;6.965
17:00 5/13/2023;17.1;5.086
18:00 5/13/2023;21.1;9.983
19:00 5/13/2023;23.7;8.932
20:00 5/13/2023;16;5.033
21:00 5/13/2023;15.9;6.982
22:00 5/13/2023;15.4;5.982
23:00 5/13/2023;27;5.017
00:00 5/13/2023;27.3;6.017
01:00 5/14/2023;9;6.966
02:00 5/14/2023;9.5;4.948
03:00 5/14/2023;24.5;2.068
04:00 5/14/2023;40.1;5.982
05:00 5/14/2023;17;4.982
06:00 5/14/2023;18.4;4.034
07:00 5/14/2023;29.7;6
08:00 5/14/2023;17;6.101
09:00 5/14/2023;20.9;11.949
10:00 5/14/2023;18;8.932
11:00 5/14/2023;19.1;5
12:00 5/14/2023;27.9;5
13:00 5/14/2023;25;4.932
14:00 5/14/2023;28.9;1
15:00 5/14/2023;27.8;1.033
16:00 5/14/2023;16;2.949
17:00 5/14/2023;19.8;0.084
18:00 5/14/2023;10.9;4.982
19:00 5/14/2023;10.1;4.016
20:00 5/14/2023;17.9;4.983
21:00 5/14/2023;13.3;4.101
22:00 5/14/2023;36;10.033
23:00 5/14/2023;35.8;11.949
00:00 5/14/2023;27.9;8.966
01:00 5/15/2023;24.9;6.949
02:00 5/15/2023;21.9;3.966
03:00 5/15/2023;16.9;2
04:00 5/15/2023;14.9;2.066
05:00 5/15/2023;9;4.2
06:00 5/15/2023;;9.833
07:00 5/15/2023;9.2;5.066
08:00 5/15/2023;26;7.05
09:00 5/15/2023;;
10:00 5/15/2023;43.8;34.4
11:00 5/15/2023;;
12:00 5/15/2023;;
13:00 5/15/2023;;
14:00 5/15/2023;;
15:00 5/15/2023;;
16:00 5/15/2023;;
17:00 5/15/2023;;
18:00 5/15/2023;;
19:00 5/15/2023;;
20:00 5/15/2023;;
21:00 5/15/2023;;
22:00 5/15/2023;;
23:00 5/15/2023;;
00:00 5/15/2023;;
01:00 5/16/2023;;
02:00 5/16/2023;;
03:00 5/16/2023;;
04:00 5/16/2023;;
05:00 5/16/2023;;
06:00 5/16/2023;;
07:00 5/16/2023;;
08:00 5/16/2023;;
09:00 5/16/2023;;
10:00 5/16/2023;;
11:00 5/16/2023;;
12:00 5/16/2023;;
13:00 5/16/2023;26.8;985
14:00 5/16/2023;20.1;985
15:00 5/16/2023;31;985
16:00 5/16/2023;33.1;985
17:00 5/16/2023;42.9;985
18:00 5/16/2023;37.9;985
19:00 5/16/2023;35.1;985
20:00 5/16/2023;40.8;985
21:00 5/16/2023;33;985
22:00 5/16/2023;36.9;985
23:00 5/16/2023;31;985
00:00 5/16/2023;32;985
01:00 5/17/2023;33.8;985
02:00 5/17/2023;27.9;985
03:00 5/17/2023;22;985
04:00 5/17/2023;25.9;985
05:00 5/17/2023;23;985
06:00 5/17/2023;25.1;985
07:00 5/17/2023;31;985
08:00 5/17/2023;35;985
09:00 5/17/2023;38.1;985
10:00 5/17/2023;48.9;985
11:00 5/17/2023;48.2;
12:00 5/17/2023;63;985
13:00 5/17/2023;;
14:00 5/17/2023;;
15:00 5/17/2023;48.7;14.894
16:00 5/17/2023;36.8;10.25
17:00 5/17/2023;27.2;6.2
18:00 5/17/2023;40.8;25.672
19:00 5/17/2023;33.9;968.683
20:00 5/17/2023;30;5.966
21:00 5/17/2023;30;4.033
22:00 5/17/2023;31.8;6.016
23:00 5/17/2023;22.9;7.066
00:00 5/17/2023;21;10.95
01:00 5/18/2023;24.8;7.948
02:00 5/18/2023;18;4.983
03:00 5/18/2023;23.1;4.033
04:00 5/18/2023;33.9;5.966
05:00 5/18/2023;30.6;4
06:00 5/18/2023;11.2;3.966
07:00 5/18/2023;24.9;2.05
08:00 5/18/2023;23.2;5
09:00 5/18/2023;38;5.033
10:00 5/18/2023;39.6;7
11:00 5/18/2023;18.1;6.95
12:00 5/18/2023;27.1;3.966
13:00 5/18/2023;38;1.966
14:00 5/18/2023;41.9;0.066
15:00 5/18/2023;38;4
16:00 5/18/2023;39;4.033
17:00 5/18/2023;41;6.033
18:00 5/18/2023;44.9;7.949
19:00 5/18/2023;42.9;5.033
20:00 5/18/2023;42;7.016
21:00 5/18/2023;45;8.05
22:00 5/18/2023;44.6;10.949
23:00 5/18/2023;33.1;8.067
00:00 5/18/2023;37.8;11.949
01:00 5/19/2023;33.5;8.948
02:00 5/19/2023;21.6;5.966
03:00 5/19/2023;38.6;4
04:00 5/19/2023;18.1;4.067
05:00 5/19/2023;28.8;7.965
06:00 5/19/2023;19.9;6
07:00 5/19/2023;19.1;6.169
08:00 5/19/2023;25.1;15.915
09:00 5/19/2023;34.8;10.931
10:00 5/19/2023;26.7;6.932
11:00 5/19/2023;12.2;2.949
12:00 5/19/2023;27.9;0.103
13:00 5/19/2023;25.2;6
14:00 5/19/2023;42;6.051
15:00 5/19/2023;44.7;8.913
16:00 5/19/2023;28.2;3.948
17:00 5/19/2023;44.6;1.017
18:00 5/19/2023;24;2.172
19:00 5/19/2023;24;11.982
20:00 5/19/2023;28.2;10.982
21:00 5/19/2023;41.8;10
22:00 5/19/2023;31.1;9.965
23:00 5/19/2023;36.9;7.982
00:00 5/19/2023;30.9;6.948
01:00 5/20/2023;29.1;4.016
02:00 5/20/2023;37.8;5.068
03:00 5/20/2023;27.9;8.948
04:00 5/20/2023;22;5.948
05:00 5/20/2023;23.9;3.034
06:00 5/20/2023;22;5
07:00 5/20/2023;22;5.017
08:00 5/20/2023;26.9;5.982
09:00 5/20/2023;25.9;5.068
10:00 5/20/2023;21.9;8.931
11:00 5/20/2023;17;4.982
12:00 5/20/2023;22;4.017
13:00 5/20/2023;25.1;4.965
14:00 5/20/2023;34;2.982
15:00 5/20/2023;33.8;2.068
16:00 5/20/2023;24.9;6.068
17:00 5/20/2023;20;9.965
18:00 5/20/2023;22.8;7.948
19:00 5/20/2023;11.1;5
20:00 5/20/2023;18.9;5.034
21:00 5/20/2023;13.1;7.017
22:00 5/20/2023;19.2;8.103
23:00 5/20/2023;34.9;13.896
00:00 5/20/2023;31.9;8.051
01:00 5/21/2023;27.9;11.05
02:00 5/21/2023;22.9;13.913
03:00 5/21/2023;19.7;8.931
04:00 5/21/2023;6.1;4.982
05:00 5/21/2023;12.8;3.982
06:00 5/21/2023;6.1;3.034
07:00 5/21/2023;13;5.017
08:00 5/21/2023;12.9;6.068
09:00 5/21/2023;11.1;9.948
10:00 5/21/2023;21;6.965
11:00 5/21/2023;20.9;5.068
12:00 5/21/2023;17;8.965
13:00 5/21/2023;22;6.948
14:00 5/21/2023;21.8;3.965
15:00 5/21/2023;13.9;2.016
16:00 5/21/2023;13;3
17:00 5/21/2023;15.1;2.965
18:00 5/21/2023;21.8;1.103
19:00 5/21/2023;13;7.017
20:00 5/21/2023;14.1;8
21:00 5/21/2023;20.9;8
22:00 5/21/2023;18.2;8.034
23:00 5/21/2023;34.9;10.033
00:00 5/21/2023;29;12.084
01:00 5/22/2023;33;16.931
02:00 5/22/2023;33.9;12.966
03:00 5/22/2023;30.8;11.033
04:00 5/22/2023;22.2;12.949
05:00 5/22/2023;33.8;9.932
06:00 5/22/2023;21.6;5.983
07:00 5/22/2023;;5
08:00 5/22/2023;17;5.016
09:00 5/22/2023;18.6;6.016
10:00 5/22/2023;;6.966
11:00 5/22/2023;;5
12:00 5/22/2023;26;5.068
13:00 5/22/2023;29;8.983
14:00 5/22/2023;33.9;7.966
15:00 5/22/2023;28.9;6.016
16:00 5/22/2023;27;6.983
17:00 5/22/2023;31.5;6
18:00 5/22/2023;6.9;6
19:00 5/22/2023;;
20:00 5/22/2023;;
21:00 5/22/2023;;
22:00 5/22/2023;;
23:00 5/22/2023;;
00:00 5/22/2023;;
01:00 5/23/2023;;
02:00 5/23/2023;;
03:00 5/23/2023;;
04:00 5/23/2023;;
05:00 5/23/2023;;
06:00 5/23/2023;;
07:00 5/23/2023;;
08:00 5/23/2023;;
09:00 5/23/2023;;
10:00 5/23/2023;;
11:00 5/23/2023;;
12:00 5/23/2023;;
13:00 5/23/2023;6.1;5.9
14:00 5/23/2023;10.2;2.933
15:00 5/23/2023;16;1.133
16:00 5/23/2023;16.2;5.033
17:00 5/23/2023;22.7;5.866
18:00 5/23/2023;16.4;2.1
19:00 5/23/2023;28.8;5.033
20:00 5/23/2023;23.7;6.1
21:00 5/23/2023;16.9;8.9
22:00 5/23/2023;14.8;5.9
23:00 5/23/2023;11.1;3.266
00:00 5/23/2023;14.1;11.033
01:00 5/24/2023;18;12.8
02:00 5/24/2023;20.3;6.966
03:00 5/24/2023;28.1;5.966
04:00 5/24/2023;5;4.866
05:00 5/24/2023;6.5;1.1
06:00 5/24/2023;21;4.033
07:00 5/24/2023;20.6;5.033
08:00 5/24/2023;9.8;6.133
09:00 5/24/2023;;10.033
10:00 5/24/2023;;10.9
11:00 5/24/2023;12.4;8.166
12:00 5/24/2023;25;12.866
13:00 5/24/2023;26;9.033
14:00 5/24/2023;28.5;10.915
15:00 5/24/2023;43.7;6.016
16:00 5/24/2023;37.2;7.067
17:00 5/24/2023;43.6;10.932
18:00 5/24/2023;34.9;6.983
19:00 5/24/2023;34.5;6.152
20:00 5/24/2023;50.1;15.016
21:00 5/24/2023;53.3;16.169
22:00 5/24/2023;64.3;26.016
23:00 5/24/2023;74.5;26.915
00:00 5/24/2023;60.4;21.864
01:00 5/25/2023;46.3;14.135
02:00 5/25/2023;54.4;21.915
03:00 5/25/2023;37.6;16.881
04:00 5/25/2023;28.4;10.033
05:00 5/25/2023;40.2;11.949
06:00 5/25/2023;17.4;8.966
07:00 5/25/2023;;7
08:00 5/25/2023;44;7.118
09:00 5/25/2023;44.1;13.915
10:00 5/25/2023;20.3;8.898
11:00 5/25/2023;30;3.084
12:00 5/25/2023;29.8;7.983
13:00 5/25/2023;25.1;6.966
14:00 5/25/2023;29.4;5
15:00 5/25/2023;15.2;5.05
16:00 5/25/2023;22.9;7.966
17:00 5/25/2023;21.3;6.016
18:00 5/25/2023;30.7;6.983
19:00 5/25/2023;24.1;6.067
20:00 5/25/2023;28.2;10.033
21:00 5/25/2023;34.7;12.169
22:00 5/25/2023;57;21.813
23:00 5/25/2023;59;11.152
00:00 5/25/2023;59.9;19.949
01:00 5/26/2023;57.1;16.915
02:00 5/26/2023;31.5;11.915
03:00 5/26/2023;18.8;7.135
04:00 5/26/2023;43.4;15.033
05:00 5/26/2023;28.6;16.949
06:00 5/26/2023;19.6;13.898
07:00 5/26/2023;37.2;7.949
08:00 5/26/2023;17;5.016
09:00 5/26/2023;18.5;6.016
10:00 5/26/2023;33.4;7.016
11:00 5/26/2023;46.7;7.983
12:00 5/26/2023;38.6;7
13:00 5/26/2023;30.2;6.9
14:00 5/26/2023;38.1;4.066
15:00 5/26/2023;41.8;6.066
16:00 5/26/2023;36.9;7.933
17:00 5/26/2023;36.1;5.983
18:00 5/26/2023;39;5.016
19:00 5/26/2023;39.3;6
20:00 5/26/2023;49.9;6
21:00 5/26/2023;47.4;6.066
22:00 5/26/2023;32.6;10.2
23:00 5/26/2023;78.4;21.916
00:00 5/26/2023;63.2;16.916
01:00 5/27/2023;40.5;12.016
02:00 5/27/2023;28.2;12.966
03:00 5/27/2023;35.3;10.95
04:00 5/27/2023;43.5;7.983
05:00 5/27/2023;20.2;7
06:00 5/27/2023;31.9;6.965
07:00 5/27/2023;26.6;4.982
08:00 5/27/2023;7.5;4.051
09:00 5/27/2023;40.9;7.103
10:00 5/27/2023;39.8;12.965
11:00 5/27/2023;30.3;11
12:00 5/27/2023;48.6;10.931
13:00 5/27/2023;31;7.051
14:00 5/27/2023;31.9;9.948
15:00 5/27/2023;26.9;6.982
16:00 5/27/2023;23.9;6.017
17:00 5/27/2023;21.8;6.982
18:00 5/27/2023;12.9;6.017
19:00 5/27/2023;12.1;7.017
20:00 5/27/2023;23;8
21:00 5/27/2023;24.9;8.068
22:00 5/27/2023;20.1;11.965
23:00 5/27/2023;27.8;10
00:00 5/27/2023;21;10.137
01:00 5/28/2023;22.1;17.83
02:00 5/28/2023;28.8;8.034
03:00 5/28/2023;21.8;10.017
04:00 5/28/2023;12.9;10.948
05:00 5/28/2023;11.2;8.034
06:00 5/28/2023;23.6;9.982
07:00 5/28/2023;;9.068
08:00 5/28/2023;25.8;12.965
09:00 5/28/2023;17.7;11
10:00 5/28/2023;;10.948
11:00 5/28/2023;14;8
12:00 5/28/2023;18.1;7.982
13:00 5/28/2023;26.5;7.017
14:00 5/28/2023;55.9;8
15:00 5/28/2023;53.9;8.034
16:00 5/28/2023;49.7;9.931
17:00 5/28/2023;35.2;6.068
18:00 5/28/2023;46.7;9.982
19:00 5/28/2023;30.8;8.948
20:00 5/28/2023;24.9;6.068
21:00 5/28/2023;21.9;10
22:00 5/28/2023;19.9;9.965
23:00 5/28/2023;16;8.033
00:00 5/28/2023;20;10.017
01:00 5/29/2023;19.9;11.033
02:00 5/29/2023;18.8;12.915
03:00 5/29/2023;9.1;8.034
04:00 5/29/2023;16.8;10.017
05:00 5/29/2023;;10.931
06:00 5/29/2023;;7.084
07:00 5/29/2023;12.5;12.017
08:00 5/29/2023;42.6;13.034
09:00 5/29/2023;23.2;14.965
10:00 5/29/2023;39.8;12.949
11:00 5/29/2023;31.9;10
12:00 5/29/2023;27.1;10.152
13:00 5/29/2023;38.1;18.898
14:00 5/29/2023;43.8;13.016
15:00 5/29/2023;36.9;13.915
16:00 5/29/2023;33;9.033
17:00 5/29/2023;33.2;11.033
18:00 5/29/2023;49.8;12.949
19:00 5/29/2023;39.9;10.067
20:00 5/29/2023;35.7;13.881
21:00 5/29/2023;22.9;7.05
22:00 5/29/2023;21.9;9.966
23:00 5/29/2023;19.8;8.05
00:00 5/29/2023;12.3;10.949
01:00 5/30/2023;30.8;8
02:00 5/30/2023;20.5;7.966
03:00 5/30/2023;;5.966
04:00 5/30/2023;27.8;3.983
05:00 5/30/2023;17.9;3.016
06:00 5/30/2023;13.8;4
07:00 5/30/2023;7.1;3.949
08:00 5/30/2023;16.8;0.983
09:00 5/30/2023;10;
10:00 5/30/2023;12;
11:00 5/30/2023;14;1.067
12:00 5/30/2023;14;4.983
13:00 5/30/2023;17.1;4.033
14:00 5/30/2023;24;5.966
15:00 5/30/2023;26.1;4.033
16:00 5/30/2023;32;6.05
17:00 5/30/2023;32;8.966
18:00 5/30/2023;34.6;6.966
19:00 5/30/2023;17;5.016
20:00 5/30/2023;22;6.084
21:00 5/30/2023;26.5;11.133
22:00 5/30/2023;55.7;18.883
23:00 5/30/2023;43.6;12.033
00:00 5/30/2023;24.2;13.95
01:00 5/31/2023;37.2;11.033
02:00 5/31/2023;48.2;12.933
03:00 5/31/2023;;8.933
04:00 5/31/2023;34.5;4.983
05:00 5/31/2023;11;3.966
06:00 5/31/2023;13;1.983
07:00 5/31/2023;13.9;1.15
08:00 5/31/2023;13.1;9.966
09:00 5/31/2023;20.9;7.983
10:00 5/31/2023;16;7.033
11:00 5/31/2023;16.8;8.95
12:00 5/31/2023;9;6.066
13:00 5/31/2023;12.4;9.983
14:00 5/31/2023;37.1;8.966
15:00 5/31/2023;48;7.066
16:00 5/31/2023;47.9;10.95
17:00 5/31/2023;45.7;8.016
18:00 5/31/2023;31.1;9.033
19:00 5/31/2023;42;10.966
20:00 5/31/2023;42.3;9.118
21:00 5/31/2023;60.3;15.666
22:00 5/31/2023;25.1;6.033
23:00 5/31/2023;35;7.133
00:00 5/31/2023;34.8;10.833
01:00 6/1/2023;28.9;6
02:00 6/1/2023;25.8;6.033
03:00 6/1/2023;19.1;7.983
04:00 6/1/2023;26.6;6.983
05:00 6/1/2023;;6
06:00 6/1/2023;22.8;6.033
07:00 6/1/2023;14;8
08:00 6/1/2023;18;7.95
09:00 6/1/2023;19.7;5.016
10:00 6/1/2023;8.1;5.983
11:00 6/1/2023;15.2;4.983
12:00 6/1/2023;27;4.05
13:00 6/1/2023;29.1;6.966
14:00 6/1/2023;36.9;5.05
15:00 6/1/2023;34.8;8.033
16:00 6/1/2023;28.9;10
17:00 6/1/2023;27.8;9.95
18:00 6/1/2023;19.1;6.916
19:00 6/1/2023;28.1;2.133
20:00 6/1/2023;35.6;9.966
21:00 6/1/2023;16.1;7.966
22:00 6/1/2023;25;6.05
23:00 6/1/2023;29.9;8.933
00:00 6/1/2023;25.9;5.066
01:00 6/2/2023;22.7;8.949
02:00 6/2/2023;10.9;5.916
03:00 6/2/2023;8;1.033
04:00 6/2/2023;11;3.016
05:00 6/2/2023;12.9;4.016
06:00 6/2/2023;12;5
07:00 6/2/2023;12;4.983
08:00 6/2/2023;17.1;4.033
09:00 6/2/2023;27.1;6
10:00 6/2/2023;36.8;5.966
11:00 6/2/2023;28.9;4.033
12:00 6/2/2023;27;6.05
13:00 6/2/2023;32.1;9.016
14:00 6/2/2023;38.9;9.933
15:00 6/2/2023;37.8;5.983
16:00 6/2/2023;32;5.033
17:00 6/2/2023;37;6.966
18:00 6/2/2023;40.7;4.949
19:00 6/2/2023;25.9;2.05
20:00 6/2/2023;23;5.05
21:00 6/2/2023;23;8
22:00 6/2/2023;23.1;8.016
23:00 6/2/2023;28.9;8.966
00:00 6/2/2023;24;6.95
01:00 6/3/2023;27.8;3.982
02:00 6/3/2023;20.1;3
03:00 6/3/2023;25.9;3.05
04:00 6/3/2023;20.7;6
05:00 6/3/2023;7.9;5.95
06:00 6/3/2023;6.9;2.966
07:00 6/3/2023;6.1;1.083
08:00 6/3/2023;15;6.05
09:00 6/3/2023;15.1;8.95
10:00 6/3/2023;21.8;5.95
11:00 6/3/2023;16.2;3.033
12:00 6/3/2023;28.9;4.966
13:00 6/3/2023;27.9;3
14:00 6/3/2023;22.9;2.983
15:00 6/3/2023;19.9;2.083
16:00 6/3/2023;17;6.966
17:00 6/3/2023;20.9;4.966
18:00 6/3/2023;16.9;2.983
19:00 6/3/2023;13;2.116
20:00 6/3/2023;18.1;9.05
21:00 6/3/2023;26.1;12
22:00 6/3/2023;36.8;11.933
23:00 6/3/2023;28.1;7.966
00:00 6/3/2023;33.8;6
01:00 6/4/2023;24.1;6.086
02:00 6/4/2023;32.7;10.916
03:00 6/4/2023;20;5.95
04:00 6/4/2023;22;3.2
05:00 6/4/2023;23.8;14.915
06:00 6/4/2023;13.9;9.966
07:00 6/4/2023;13;8.016
08:00 6/4/2023;16;9.016
09:00 6/4/2023;18;10
10:00 6/4/2023;21.9;9.95
11:00 6/4/2023;21.1;7.016
12:00 6/4/2023;27;7.983
13:00 6/4/2023;31.9;6.95
14:00 6/4/2023;26.9;3.949
15:00 6/4/2023;23.8;1.016
16:00 6/4/2023;17.1;2.067
17:00 6/4/2023;24.9;6
18:00 6/4/2023;21.9;5.983
19:00 6/4/2023;18.9;5
20:00 6/4/2023;17.1;5.05
21:00 6/4/2023;24.8;7.949
22:00 6/4/2023;15.2;5.152
23:00 6/4/2023;27;13.965
00:00 6/4/2023;30.9;11.932
01:00 6/5/2023;29.7;7.965
02:00 6/5/2023;14.9;6
03:00 6/5/2023;12.9;6
04:00 6/5/2023;10.9;5.948
05:00 6/5/2023;9.9;3.086
06:00 6/5/2023;;8
07:00 6/5/2023;10;8.034
08:00 6/5/2023;12.2;9.913
09:00 6/5/2023;26.1;4.982
10:00 6/5/2023;34.1;4.068
11:00 6/5/2023;44.8;7.965
12:00 6/5/2023;37.9;6
13:00 6/5/2023;34.6;5.965
14:00 6/5/2023;17;4.034
15:00 6/5/2023;22.6;6.017
16:00 6/5/2023;58.6;6.982
17:00 6/5/2023;35.8;5.965
18:00 6/5/2023;25.6;4.017
19:00 6/5/2023;61.5;4.982
20:00 6/5/2023;38.1;4.086
21:00 6/5/2023;45.6;9
22:00 6/5/2023;25;9.034
23:00 6/5/2023;24.9;10.965
00:00 6/5/2023;20.1;9.034
01:00 6/6/2023;27.8;10.932
02:00 6/6/2023;18.9;7
03:00 6/6/2023;17.8;6.982
04:00 6/6/2023;12;6
05:00 6/6/2023;16.8;6.034
06:00 6/6/2023;11.1;8.068
07:00 6/6/2023;19.2;12.068
08:00 6/6/2023;33.9;15.844
09:00 6/6/2023;29.2;7.12
10:00 6/6/2023;41;13.879
11:00 6/6/2023;31;6.931
12:00 6/6/2023;36;3.068
13:00 6/6/2023;36;6.982
14:00 6/6/2023;24;10
15:00 6/6/2023;26;9
16:00 6/6/2023;28;7
17:00 6/6/2023;27;6
18:00 6/6/2023;22;9
19:00 6/6/2023;28;10
20:00 6/6/2023;41;14
21:00 6/6/2023;52;22
22:00 6/6/2023;54;18
23:00 6/6/2023;51;25
00:00 6/6/2023;28;13
01:00 6/7/2023;33;17
02:00 6/7/2023;29;12
03:00 6/7/2023;25;16
04:00 6/7/2023;25;12
05:00 6/7/2023;16;13
06:00 6/7/2023;12;12
07:00 6/7/2023;32;18
08:00 6/7/2023;41;18
09:00 6/7/2023;44;17
10:00 6/7/2023;62;17
11:00 6/7/2023;49;17
12:00 6/7/2023;45;10
13:00 6/7/2023;34;9
14:00 6/7/2023;22;9
15:00 6/7/2023;17;15
16:00 6/7/2023;28;11
17:00 6/7/2023;19;12
18:00 6/7/2023;28;12
19:00 6/7/2023;32;11
20:00 6/7/2023;33;8
21:00 6/7/2023;34;13
22:00 6/7/2023;31;18
23:00 6/7/2023;26;8
00:00 6/7/2023;22;11
01:00 6/8/2023;22;14
02:00 6/8/2023;27;11
03:00 6/8/2023;18;8
04:00 6/8/2023;25;10
05:00 6/8/2023;19;10
06:00 6/8/2023;12;9
07:00 6/8/2023;13;10
08:00 6/8/2023;12;9
09:00 6/8/2023;27;9
10:00 6/8/2023;17;5
11:00 6/8/2023;24;5
12:00 6/8/2023;22;6
13:00 6/8/2023;6;5
14:00 6/8/2023;31;9
15:00 6/8/2023;12;7
16:00 6/8/2023;12;9
17:00 6/8/2023;31;6
18:00 6/8/2023;34;8
19:00 6/8/2023;22;5
20:00 6/8/2023;44;12
21:00 6/8/2023;27;12
22:00 6/8/2023;27;7
23:00 6/8/2023;14;4
00:00 6/8/2023;17;9
01:00 6/9/2023;18;9
02:00 6/9/2023;13;7
03:00 6/9/2023;18;7
04:00 6/9/2023;;12
05:00 6/9/2023;17;11
06:00 6/9/2023;10;6
07:00 6/9/2023;17;7
08:00 6/9/2023;11;6
09:00 6/9/2023;26;5
10:00 6/9/2023;25;4
11:00 6/9/2023;37;3
12:00 6/9/2023;39;7
13:00 6/9/2023;26;9
14:00 6/9/2023;26;6
15:00 6/9/2023;45;7
16:00 6/9/2023;39;6
17:00 6/9/2023;12;9
18:00 6/9/2023;23;6
19:00 6/9/2023;50;10
20:00 6/9/2023;22;6
21:00 6/9/2023;37;6
22:00 6/9/2023;19;7
23:00 6/9/2023;14;3
00:00 6/9/2023;15;4
01:00 6/10/2023;9;8
02:00 6/10/2023;10;7
03:00 6/10/2023;12;5
04:00 6/10/2023;14;6
05:00 6/10/2023;9;9
06:00 6/10/2023;8;
07:00 6/10/2023;9;5
08:00 6/10/2023;16;7
09:00 6/10/2023;22;7
10:00 6/10/2023;18;5
11:00 6/10/2023;5;4
12:00 6/10/2023;11;2
13:00 6/10/2023;28;4
14:00 6/10/2023;73;8
15:00 6/10/2023;83;14
16:00 6/10/2023;62;10
17:00 6/10/2023;23;4
18:00 6/10/2023;15;8
19:00 6/10/2023;20;15
20:00 6/10/2023;33;10
21:00 6/10/2023;27;11
22:00 6/10/2023;40;15
23:00 6/10/2023;57;31
00:00 6/10/2023;19;5
01:00 6/11/2023;20;4
02:00 6/11/2023;11;3
03:00 6/11/2023;15;11
04:00 6/11/2023;20;13
05:00 6/11/2023;7;7
06:00 6/11/2023;14;10
07:00 6/11/2023;8;6
08:00 6/11/2023;9;9
09:00 6/11/2023;23;6
10:00 6/11/2023;;11
11:00 6/11/2023;;7
12:00 6/11/2023;20;8
13:00 6/11/2023;19;6
14:00 6/11/2023;21;5
15:00 6/11/2023;13;4
16:00 6/11/2023;44;8
17:00 6/11/2023;57;7
18:00 6/11/2023;22;8
19:00 6/11/2023;26;8
20:00 6/11/2023;25;12
21:00 6/11/2023;17;7
22:00 6/11/2023;13;9
23:00 6/11/2023;25;6
00:00 6/11/2023;21;6
01:00 6/12/2023;14;4
02:00 6/12/2023;19;4
03:00 6/12/2023;10;
04:00 6/12/2023;9;7
05:00 6/12/2023;8;6
06:00 6/12/2023;5;6
07:00 6/12/2023;14;7
08:00 6/12/2023;26;7
09:00 6/12/2023;30;13
10:00 6/12/2023;24;16
11:00 6/12/2023;37;7
12:00 6/12/2023;40;12
13:00 6/12/2023;33;8
14:00 6/12/2023;28;8
15:00 6/12/2023;39;12
16:00 6/12/2023;62;12
17:00 6/12/2023;41;13
18:00 6/12/2023;28;9
19:00 6/12/2023;25;7
20:00 6/12/2023;26;9
21:00 6/12/2023;41;6
22:00 6/12/2023;25;12
23:00 6/12/2023;29;7
00:00 6/12/2023;24;5
01:00 6/13/2023;12;4
02:00 6/13/2023;9;1
03:00 6/13/2023;9;5
04:00 6/13/2023;11;4
05:00 6/13/2023;7;4
06:00 6/13/2023;13;6
07:00 6/13/2023;16;8
08:00 6/13/2023;22;9
09:00 6/13/2023;33;6
10:00 6/13/2023;33;6
11:00 6/13/2023;20;4
12:00 6/13/2023;;
13:00 6/13/2023;69.1;7.965
14:00 6/13/2023;44.4;6.965
15:00 6/13/2023;23;5
16:00 6/13/2023;32;7
17:00 6/13/2023;23;4
18:00 6/13/2023;37;5
19:00 6/13/2023;22;6
20:00 6/13/2023;42;6
21:00 6/13/2023;32;17
22:00 6/13/2023;29;7
23:00 6/13/2023;19;7
00:00 6/13/2023;29;4
01:00 6/14/2023;32;4
02:00 6/14/2023;13;4
03:00 6/14/2023;9;6
04:00 6/14/2023;10;5
05:00 6/14/2023;6;5
06:00 6/14/2023;;9
07:00 6/14/2023;16;9
08:00 6/14/2023;13;9
09:00 6/14/2023;18;10
10:00 6/14/2023;31;8
11:00 6/14/2023;27;7
12:00 6/14/2023;34;6
13:00 6/14/2023;41;10
14:00 6/14/2023;35;9
15:00 6/14/2023;50;12
16:00 6/14/2023;36;8
17:00 6/14/2023;24;6
18:00 6/14/2023;55;6
19:00 6/14/2023;41;7
20:00 6/14/2023;27;6
21:00 6/14/2023;35;11
22:00 6/14/2023;23;8
23:00 6/14/2023;14;6
00:00 6/14/2023;13;5
01:00 6/15/2023;11;7
02:00 6/15/2023;13;7
03:00 6/15/2023;15;10
04:00 6/15/2023;11;7
05:00 6/15/2023;13;5
06:00 6/15/2023;;9
07:00 6/15/2023;16;7
08:00 6/15/2023;16;9
09:00 6/15/2023;21;12
10:00 6/15/2023;40;13
11:00 6/15/2023;35;9
12:00 6/15/2023;29;8
13:00 6/15/2023;35;6
14:00 6/15/2023;44;6
15:00 6/15/2023;43.8;6.018
16:00 6/15/2023;34.5;7.017
17:00 6/15/2023;8.3;8.051
18:00 6/15/2023;30.1;11
19:00 6/15/2023;35.8;11
20:00 6/15/2023;27;11.033
21:00 6/15/2023;32;13.033
22:00 6/15/2023;32.9;14.983
23:00 6/15/2023;31.9;13.966
00:00 6/15/2023;27;11.949
01:00 6/16/2023;44.2;8.965
02:00 6/16/2023;;7
03:00 6/16/2023;;7.016
04:00 6/16/2023;;8.067
05:00 6/16/2023;;11.966
06:00 6/16/2023;;10
07:00 6/16/2023;;10.118
08:00 6/16/2023;;16.864
09:00 6/16/2023;;9
10:00 6/16/2023;;9.067
11:00 6/16/2023;;12.932
12:00 6/16/2023;;8.915
13:00 6/16/2023;;4.033
14:00 6/16/2023;;6.033
15:00 6/16/2023;;7.983
16:00 6/16/2023;;7
17:00 6/16/2023;;7
18:00 6/16/2023;;7
19:00 6/16/2023;;7
20:00 6/16/2023;;7.016
21:00 6/16/2023;;7.983
22:00 6/16/2023;;7.033
23:00 6/16/2023;;9
00:00 6/16/2023;;8.949
01:00 6/17/2023;;5.965
02:00 6/17/2023;;3.966
03:00 6/17/2023;;1.983
04:00 6/17/2023;;1.016
05:00 6/17/2023;;1.983
06:00 6/17/2023;;1.05
07:00 6/17/2023;;4.033
08:00 6/17/2023;;6.016
09:00 6/17/2023;;6.949
10:00 6/17/2023;;4.016
11:00 6/17/2023;;5.22
12:00 6/17/2023;;17.949
13:00 6/17/2023;;15
14:00 6/17/2023;;14.982
15:00 6/17/2023;;14.05
16:00 6/17/2023;;16.898
17:00 6/17/2023;;11
18:00 6/17/2023;;10.983
19:00 6/17/2023;;9.966
20:00 6/17/2023;;8
21:00 6/17/2023;;8.05
22:00 6/17/2023;;10.966
23:00 6/17/2023;;9.05
00:00 6/17/2023;;12
01:00 6/18/2023;;11.931
02:00 6/18/2023;;8
03:00 6/18/2023;;7.948
04:00 6/18/2023;;4.965
05:00 6/18/2023;;3.034
06:00 6/18/2023;;5.189
07:00 6/18/2023;;15.879
08:00 6/18/2023;;8.965
09:00 6/18/2023;;6.982
10:00 6/18/2023;;6.051
11:00 6/18/2023;;9
12:00 6/18/2023;;9
13:00 6/18/2023;;8.982
14:00 6/18/2023;;8.051
15:00 6/18/2023;;10.913
16:00 6/18/2023;;6.034
17:00 6/18/2023;;8.12
18:00 6/18/2023;;14.913
19:00 6/18/2023;;10.017
20:00 6/18/2023;;11
21:00 6/18/2023;;10.965
22:00 6/18/2023;;9.051
23:00 6/18/2023;;11.965
00:00 6/18/2023;;10.034
01:00 6/19/2023;;11.948
02:00 6/19/2023;;9.068
03:00 6/19/2023;;12.931
04:00 6/19/2023;;8.948
05:00 6/19/2023;;6.017
06:00 6/19/2023;;7
07:00 6/19/2023;;7.017
08:00 6/19/2023;;8.103
09:00 6/19/2023;;13.948
10:00 6/19/2023;;10.982
11:00 6/19/2023;36;10
12:00 6/19/2023;29.8;10.034
13:00 6/19/2023;;
14:00 6/19/2023;32.6;11.016
15:00 6/19/2023;31.3;11.932
16:00 6/19/2023;27.1;7.949
17:00 6/19/2023;30.2;5.05
18:00 6/19/2023;32.6;8.05
19:00 6/19/2023;14.5;11.12
20:00 6/19/2023;43.7;17.898
21:00 6/19/2023;27.1;12.033
22:00 6/19/2023;34.7;13.932
23:00 6/19/2023;28;10
00:00 6/19/2023;27.8;9.966
01:00 6/20/2023;23.7;8
02:00 6/20/2023;15.3;8.067
03:00 6/20/2023;26;11.966
04:00 6/20/2023;26.9;10.067
05:00 6/20/2023;25;14.034
06:00 6/20/2023;25.9;15.862
07:00 6/20/2023;20;7.948
08:00 6/20/2023;21.2;4.982
09:00 6/20/2023;32.8;4.12
10:00 6/20/2023;22.1;11.034
11:00 6/20/2023;31;13
12:00 6/20/2023;30.9;12.982
13:00 6/20/2023;25;11.931
14:00 6/20/2023;27.8;7.948
15:00 6/20/2023;19.9;5
16:00 6/20/2023;18.9;5.068
17:00 6/20/2023;16.9;8.948
18:00 6/20/2023;14;5.931
19:00 6/20/2023;18.9;1.965
20:00 6/20/2023;18.2;0.189
21:00 6/20/2023;33;11.017
22:00 6/20/2023;37;12.051
23:00 6/20/2023;37.9;14.965
00:00 6/20/2023;34.9;12.948
01:00 6/21/2023;32.8;10.155
02:00 6/21/2023;26.9;18.793
03:00 6/21/2023;22;7
04:00 6/21/2023;23.9;7.12
05:00 6/21/2023;17.9;13.896
06:00 6/21/2023;12.9;7.948
07:00 6/21/2023;8.1;5.017
08:00 6/21/2023;14.2;6.189
09:00 6/21/2023;27.4;17
10:00 6/21/2023;52.5;16.931
11:00 6/21/2023;23;12.913
12:00 6/21/2023;23.9;7.913
13:00 6/21/2023;18.8;3.017
14:00 6/21/2023;12;4.017
15:00 6/21/2023;12;5.034
16:00 6/21/2023;15;7.034
17:00 6/21/2023;14.8;8.965
18:00 6/21/2023;;6.965
19:00 6/21/2023;14;5.034
20:00 6/21/2023;18.1;7.051
21:00 6/21/2023;25.1;10.172
22:00 6/21/2023;35.9;19.896
23:00 6/21/2023;30;14.017
00:00 6/21/2023;30;15.103
01:00 6/22/2023;30;21.016
02:00 6/22/2023;32.2;22.017
03:00 6/22/2023;43.4;22.827
04:00 6/22/2023;12.9;12.896
05:00 6/22/2023;8.1;7.137
06:00 6/22/2023;17.8;14.965
07:00 6/22/2023;11.1;13.034
08:00 6/22/2023;19.1;15.051
09:00 6/22/2023;24.9;17.844
10:00 6/22/2023;20.9;8.982
11:00 6/22/2023;15;7.931
12:00 6/22/2023;18;4.017
13:00 6/22/2023;20.1;5.034
14:00 6/22/2023;27.9;7
15:00 6/22/2023;25.9;6.965
16:00 6/22/2023;22;5.086
17:00 6/22/2023;26.8;9.982
18:00 6/22/2023;15.9;
19:00 6/22/2023;12.1;
20:00 6/22/2023;20.9;3.982
21:00 6/22/2023;17.2;3.051
22:00 6/22/2023;29;6
23:00 6/22/2023;28.7;5.948
00:00 6/22/2023;16;2.965
01:00 6/23/2023;18.9;1.05
02:00 6/23/2023;15.9;4
03:00 6/23/2023;13.9;4.034
04:00 6/23/2023;7.9;5.965
05:00 6/23/2023;3.9;4
06:00 6/23/2023;;4
07:00 6/23/2023;;4.051
08:00 6/23/2023;26.6;6.931
09:00 6/23/2023;7.1;3.169
10:00 6/23/2023;17.1;12.896
11:00 6/23/2023;24;7
12:00 6/23/2023;38;3.981
13:00 6/23/2023;39.8;2.948
14:00 6/23/2023;29.9;0
15:00 6/23/2023;26.1;0.087
16:00 6/23/2023;35.9;4.982
17:00 6/23/2023;32.9;3.982
18:00 6/23/2023;27.6;2.948
19:00 6/23/2023;9.2;0
20:00 6/23/2023;21.8;0
21:00 6/23/2023;15;0
22:00 6/23/2023;18.8;0.051
23:00 6/23/2023;10;3.034
00:00 6/23/2023;14.9;4.982
01:00 6/24/2023;12.9;3.966
02:00 6/24/2023;8;1.982
03:00 6/24/2023;10.9;1.034
04:00 6/24/2023;9.1;3
05:00 6/24/2023;17.8;2.982
06:00 6/24/2023;10.9;2.068
07:00 6/24/2023;8.9;5.982
08:00 6/24/2023;6.1;5
09:00 6/24/2023;13.8;4.982
10:00 6/24/2023;7.1;4.034
11:00 6/24/2023;14.1;6.017
12:00 6/24/2023;25.1;6.982
13:00 6/24/2023;35.7;5.965
14:00 6/24/2023;19.1;4
15:00 6/24/2023;28.6;3.965
16:00 6/24/2023;6;1.982
17:00 6/24/2023;7.9;0.965
18:00 6/24/2023;5;
19:00 6/24/2023;10.1;
20:00 6/24/2023;16.8;
21:00 6/24/2023;10;
22:00 6/24/2023;14.9;
23:00 6/24/2023;9.3;2.206
00:00 6/24/2023;26.8;13.931
01:00 6/25/2023;15.1;9.916
02:00 6/25/2023;21.8;4.965
03:00 6/25/2023;9.9;2.982
04:00 6/25/2023;7.9;1.982
05:00 6/25/2023;6;1
06:00 6/25/2023;5.9;1.034
07:00 6/25/2023;4.1;2.982
08:00 6/25/2023;12.9;1.982
09:00 6/25/2023;8;0.948
10:00 6/25/2023;8.2;
11:00 6/25/2023;24.9;
12:00 6/25/2023;23.2;5
13:00 6/25/2023;39;4.949
14:00 6/25/2023;41.7;2
15:00 6/25/2023;28.8;1.983
16:00 6/25/2023;21.5;1.016
17:00 6/25/2023;51.6;2
18:00 6/25/2023;28.1;2.118
19:00 6/25/2023;35.8;8.949
20:00 6/25/2023;28.1;5.949
21:00 6/25/2023;33.7;3.033
22:00 6/25/2023;19.7;4.966
23:00 6/25/2023;7.9;3.033
00:00 6/25/2023;;5.016
01:00 6/26/2023;5.9;5.932
02:00 6/26/2023;5;1.932
03:00 6/26/2023;6;
04:00 6/26/2023;8.9;
05:00 6/26/2023;6.9;2
06:00 6/26/2023;4;1.949
07:00 6/26/2023;8.1;
08:00 6/26/2023;15.1;5
09:00 6/26/2023;21.9;4.966
10:00 6/26/2023;20.9;2.932
11:00 6/26/2023;;
12:00 6/26/2023;21;
13:00 6/26/2023;23.9;
14:00 6/26/2023;19.8;9.966
15:00 6/26/2023;13.9;7.966
16:00 6/26/2023;12.4;6.288
17:00 6/26/2023;36.9;22.677
18:00 6/26/2023;35.7;4.05
19:00 6/26/2023;22.9;6.949
20:00 6/26/2023;18.8;3.932
21:00 6/26/2023;12.9;0.05
22:00 6/26/2023;9.9;3.016
23:00 6/26/2023;8;3.982
00:00 6/26/2023;;
01:00 6/27/2023;;
02:00 6/27/2023;9;1.016
03:00 6/27/2023;12.9;1.95
04:00 6/27/2023;11;
05:00 6/27/2023;10.9;
06:00 6/27/2023;6.1;
07:00 6/27/2023;11.9;
08:00 6/27/2023;7.2;
09:00 6/27/2023;19.1;
10:00 6/27/2023;26;
11:00 6/27/2023;26.1;1.033
12:00 6/27/2023;34.3;3.016
13:00 6/27/2023;56.9;3.966
14:00 6/27/2023;52;1.983
15:00 6/27/2023;53.8;1.05
16:00 6/27/2023;;4.05
17:00 6/27/2023;;6.983
18:00 6/27/2023;;6
19:00 6/27/2023;;5.949
20:00 6/27/2023;;3.05
21:00 6/27/2023;;5.983
22:00 6/27/2023;;5.203
23:00 6/27/2023;;16.633
00:00 6/27/2023;;5.933
01:00 6/28/2023;;3.933
02:00 6/28/2023;;2.133
03:00 6/28/2023;;5.933
04:00 6/28/2023;;3.966
05:00 6/28/2023;;2.016
06:00 6/28/2023;;2.966
07:00 6/28/2023;;0.949
08:00 6/28/2023;;
09:00 6/28/2023;;
10:00 6/28/2023;33.9;3
11:00 6/28/2023;29.2;2.966
12:00 6/28/2023;46;0.949
13:00 6/28/2023;51;
14:00 6/28/2023;50.9;5.033
15:00 6/28/2023;47.9;6.966
16:00 6/28/2023;43.1;4.966
17:00 6/28/2023;53.7;3.05
18:00 6/28/2023;39.7;5.983
19:00 6/28/2023;26;4.983
20:00 6/28/2023;30.9;4.05
21:00 6/28/2023;29.6;6.966
22:00 6/28/2023;12.1;5.05
23:00 6/28/2023;22.8;7.966
00:00 6/28/2023;11.9;5.949
01:00 6/29/2023;8.3;2.983
02:00 6/29/2023;25.7;2.016
03:00 6/29/2023;12;3.067
04:00 6/29/2023;17;6.949
05:00 6/29/2023;21.7;3.915
06:00 6/29/2023;7;
07:00 6/29/2023;9.1;6.983
08:00 6/29/2023;15;5.983
09:00 6/29/2023;17.3;5.016
10:00 6/29/2023;38.4;6.084
11:00 6/29/2023;;
12:00 6/29/2023;74.9;10.016
13:00 6/29/2023;70.5;10.983
14:00 6/29/2023;47.1;
15:00 6/29/2023;;
16:00 6/29/2023;;
17:00 6/29/2023;36.2;2
18:00 6/29/2023;48.5;2
19:00 6/29/2023;23.3;
20:00 6/29/2023;44.1;2.118
21:00 6/29/2023;51.7;8.457
22:00 6/29/2023;37.9;10
23:00 6/29/2023;37;12.3
00:00 6/29/2023;39;13
01:00 6/30/2023;40.8;13
02:00 6/30/2023;31.9;10.661
03:00 6/30/2023;26.9;8.466
04:00 6/30/2023;25.9;8.766
05:00 6/30/2023;23.9;8.233
06:00 6/30/2023;19.1;8
07:00 6/30/2023;24.8;7.233
08:00 6/30/2023;17.1;7
09:00 6/30/2023;27.2;11.6
10:00 6/30/2023;39;13
11:00 6/30/2023;44;10.7
12:00 6/30/2023;46.8;9.233
13:00 6/30/2023;36.8;6.7
14:00 6/30/2023;30.1;7.533
15:00 6/30/2023;40.8;7.233
16:00 6/30/2023;30;5.466
17:00 6/30/2023;33.9;7.3
18:00 6/30/2023;27.9;24.559
19:00 6/30/2023;25.3;968.457
20:00 6/30/2023;-14.9;8.949
21:00 6/30/2023;-9.7;5.966
22:00 6/30/2023;5;4
23:00 6/30/2023;8.9;3.966
00:00 6/30/2023;7;2.067
01:00 7/1/2023;10;5.983
02:00 7/1/2023;11.9;4.966
03:00 7/1/2023;8;3
04:00 7/1/2023;13.1;3
05:00 7/1/2023;20.9;3.067
06:00 7/1/2023;16.7;6.983
07:00 7/1/2023;3.1;5.932
08:00 7/1/2023;13.1;2
09:00 7/1/2023;19.8;2.033
10:00 7/1/2023;9.9;4
11:00 7/1/2023;7;4
12:00 7/1/2023;7.9;3.966
13:00 7/1/2023;5.9;1.966
14:00 7/1/2023;4.2;0.084
15:00 7/1/2023;16.9;4.966
16:00 7/1/2023;11;4.066
17:00 7/1/2023;12.9;6
18:00 7/1/2023;8.9;5.933
19:00 7/1/2023;6.9;3.933
20:00 7/1/2023;5.1;2.033
21:00 7/1/2023;10.9;3.033
22:00 7/1/2023;6.9;4.033
23:00 7/1/2023;5;4.933
00:00 7/1/2023;7;2.966
01:00 7/2/2023;8;2.135
02:00 7/2/2023;9;5.933
03:00 7/2/2023;10.2;3.933
04:00 7/2/2023;21.9;2
05:00 7/2/2023;16.6;2.066
06:00 7/2/2023;-1.8;3.966
07:00 7/2/2023;9.1;3.133
08:00 7/2/2023;15;6.933
09:00 7/2/2023;15.9;4.866
10:00 7/2/2023;11.9;1.133
11:00 7/2/2023;7.1;4.966
12:00 7/2/2023;12.9;3.966
13:00 7/2/2023;9.9;3.033
14:00 7/2/2023;6.9;3.9
15:00 7/2/2023;6;0.966
16:00 7/2/2023;11;-0.95
17:00 7/2/2023;11.9;2
18:00 7/2/2023;8;2.016
19:00 7/2/2023;8;3
20:00 7/2/2023;10;3.033
21:00 7/2/2023;11;4.983
22:00 7/2/2023;11.9;3.983
23:00 7/2/2023;7.9;3.016
00:00 7/2/2023;6;3.983
01:00 7/3/2023;5.9;3.033
02:00 7/3/2023;3.2;4.983
03:00 7/3/2023;18.9;3.983
04:00 7/3/2023;15.9;3.033
05:00 7/3/2023;11.8;4.983
06:00 7/3/2023;6;4.016
07:00 7/3/2023;10;4.983
