Data/Hora;MP10;MP2,5;Umidade;Temperatura
01:00 9/4/2023;;4;77,33;23,16
02:00 9/4/2023;7;1;77,87;23,07
03:00 9/4/2023;7;6;79,13;22,82
04:00 9/4/2023;7;5;80,33;22,71
05:00 9/4/2023;10;1;80,34;22,75
06:00 9/4/2023;11;4;78,95;23,04
07:00 9/4/2023;6;4;80,21;22,99
08:00 9/4/2023;20;1;78,72;23,58
09:00 9/4/2023;16;0;74,75;24,7
10:00 9/4/2023;12;8;71,23;25,68
11:00 9/4/2023;24;9;67,34;26,76
12:00 9/4/2023;17;8;68,05;26,82
13:00 9/4/2023;24;8;71,56;26,23
14:00 9/4/2023;22;6;69,68;26,8
15:00 9/4/2023;36;7;70,68;26,46
16:00 9/4/2023;17;;72,89;25,94
17:00 9/4/2023;;;77,58;24,78
18:00 9/4/2023;;;77,59;24,5
19:00 9/4/2023;;;77,07;24,46
20:00 9/4/2023;;;74,26;24,55
21:00 9/4/2023;;;75,29;24,07
22:00 9/4/2023;;;77,61;23,61
23:00 9/4/2023;;;80,07;23,47
00:00 9/5/2023;;;81,41;23,38
01:00 9/5/2023;;;80,86;23,4
02:00 9/5/2023;;;79,22;23,84
03:00 9/5/2023;;;80,47;23,72
04:00 9/5/2023;;;82,37;23,43
05:00 9/5/2023;;;82,48;23,22
06:00 9/5/2023;;;81,92;23,23
07:00 9/5/2023;;;79,87;23,54
08:00 9/5/2023;;;68,63;25,88
09:00 9/5/2023;;;59,08;28,27
10:00 9/5/2023;;;57,34;28,56
11:00 9/5/2023;;;57,68;28,69
12:00 9/5/2023;;;56,01;29,42
13:00 9/5/2023;;;52,82;30,28
14:00 9/5/2023;;;50,63;30,93
15:00 9/5/2023;;;51,42;30,89
16:00 9/5/2023;;;70,5;27,39
17:00 9/5/2023;;;74,3;26,25
18:00 9/5/2023;;;78,01;25,41
19:00 9/5/2023;;;78,22;25,04
20:00 9/5/2023;;;79,45;24,92
21:00 9/5/2023;;;78,15;25,23
22:00 9/5/2023;;;78,84;25,04
23:00 9/5/2023;;;79,02;25,1
00:00 9/6/2023;;;78,7;25,26
01:00 9/6/2023;;;78,66;25,11
02:00 9/6/2023;;;80,83;24,8
03:00 9/6/2023;;;88,62;22,48
04:00 9/6/2023;;;89,18;21,79
05:00 9/6/2023;;;89,75;21,75
06:00 9/6/2023;;;89,27;21,88
07:00 9/6/2023;;;89,91;21,68
08:00 9/6/2023;;;91,06;21,68
09:00 9/6/2023;;;89,27;21,97
10:00 9/6/2023;;;88,46;21,75
11:00 9/6/2023;;;84,17;22,52
12:00 9/6/2023;;;85,47;22,13
13:00 9/6/2023;;;83,36;22,39
14:00 9/6/2023;;;84,01;22,46
15:00 9/6/2023;;;81,8;22,87
16:00 9/6/2023;;;83,45;22,62
17:00 9/6/2023;;;82,26;22,52
18:00 9/6/2023;;;82,68;22,03
19:00 9/6/2023;;;82,06;21,9
20:00 9/6/2023;;;81;21,95
21:00 9/6/2023;;;80,73;21,89
22:00 9/6/2023;;;80,25;21,58
23:00 9/6/2023;;;81,11;21,46
00:00 9/7/2023;;;82,47;21,2
01:00 9/7/2023;;;81,9;21,21
02:00 9/7/2023;;;82,94;21,09
03:00 9/7/2023;;;83,88;21
04:00 9/7/2023;;;84,09;21,02
05:00 9/7/2023;;;84,99;20,86
06:00 9/7/2023;;;85,48;20,76
07:00 9/7/2023;;;84,96;21,03
08:00 9/7/2023;;;80,64;22,54
09:00 9/7/2023;;;77,53;24,19
10:00 9/7/2023;;;73,07;25,15
11:00 9/7/2023;;;68,27;26,03
12:00 9/7/2023;;;68,42;26,14
13:00 9/7/2023;;;67,88;26,44
14:00 9/7/2023;;;68,53;26,29
15:00 9/7/2023;;;70,42;25,96
16:00 9/7/2023;;;69,4;26,19
17:00 9/7/2023;;;74,44;24,45
18:00 9/7/2023;;;80,48;23,04
19:00 9/7/2023;;;82,38;22,72
20:00 9/7/2023;;;83,09;22,62
21:00 9/7/2023;;;85,03;22,39
22:00 9/7/2023;;;84,6;22,44
23:00 9/7/2023;;;84,56;22,48
00:00 9/8/2023;;;86,09;22,03
01:00 9/8/2023;;;86,36;21,94
02:00 9/8/2023;;;89,86;21,46
03:00 9/8/2023;;;87,41;21,48
04:00 9/8/2023;;;87,48;21,13
05:00 9/8/2023;;;87,33;20,89
06:00 9/8/2023;;;86,43;20,98
07:00 9/8/2023;;;82,55;21,28
08:00 9/8/2023;;;79,16;22,39
09:00 9/8/2023;;;74,83;23,02
10:00 9/8/2023;;;71,47;23,86
11:00 9/8/2023;;;66,38;25,57
12:00 9/8/2023;;;62,9;26,27
13:00 9/8/2023;;;64,22;25,85
14:00 9/8/2023;;;63,71;25,77
15:00 9/8/2023;;;64,82;25,83
16:00 9/8/2023;;;64,29;25,53
17:00 9/8/2023;;;70,75;24,16
18:00 9/8/2023;;;72,37;23,44
19:00 9/8/2023;;;74,36;23,18
20:00 9/8/2023;;;75,94;22,95
21:00 9/8/2023;;;78,2;22,58
22:00 9/8/2023;;;79,2;22,28
23:00 9/8/2023;;;78,47;22,25
00:00 9/9/2023;;;78,88;21,99
01:00 9/9/2023;;;78,97;21,91
02:00 9/9/2023;;;79,32;21,76
03:00 9/9/2023;;;80,46;21,32
04:00 9/9/2023;;;80,06;21,22
05:00 9/9/2023;;;78,98;20,97
06:00 9/9/2023;;;80,15;20,8
07:00 9/9/2023;;;78,32;21,03
08:00 9/9/2023;;;72,2;22,77
09:00 9/9/2023;;;66,71;25,33
10:00 9/9/2023;;;64,05;26,13
11:00 9/9/2023;;;59,72;27,24
12:00 9/9/2023;;;57,73;27,8
13:00 9/9/2023;;;66,93;26,44
14:00 9/9/2023;;;57,75;27,41
15:00 9/9/2023;;;66,03;26,27
16:00 9/9/2023;;;71,83;25,39
17:00 9/9/2023;;;74,86;24,72
18:00 9/9/2023;;;76,51;24,09
19:00 9/9/2023;;;77,12;23,85
20:00 9/9/2023;;;79,33;23,66
21:00 9/9/2023;;;79,53;23,63
22:00 9/9/2023;;;78,4;23,33
23:00 9/9/2023;;;77,91;23,19
00:00 9/10/2023;;;77,24;23,18
01:00 9/10/2023;;;78,13;23,06
02:00 9/10/2023;;;79,38;22,61
03:00 9/10/2023;;;79,31;22,65
04:00 9/10/2023;;;79,6;22,43
05:00 9/10/2023;;;81,04;22,2
06:00 9/10/2023;;;82,32;21,94
07:00 9/10/2023;;;81,52;22,16
08:00 9/10/2023;;;71,04;25,2
09:00 9/10/2023;;;61,47;27,2
10:00 9/10/2023;;;58,37;27,72
11:00 9/10/2023;;;57,56;28,3
12:00 9/10/2023;;;68,76;26,44
13:00 9/10/2023;;;71,09;25,87
14:00 9/10/2023;;;69,87;25,93
15:00 9/10/2023;;;71,42;25,94
16:00 9/10/2023;;;70,32;25,32
17:00 9/10/2023;;;70,69;24,92
18:00 9/10/2023;;;75,4;24,03
19:00 9/10/2023;;;80,79;23,42
20:00 9/10/2023;;;82,95;23,2
21:00 9/10/2023;;;82,24;23,29
22:00 9/10/2023;;;80,94;23,25
23:00 9/10/2023;;;79,34;23,22
00:00 9/11/2023;;;78,87;23,18
01:00 9/11/2023;;;78,92;23,1
02:00 9/11/2023;;;80,24;22,79
03:00 9/11/2023;;;80,45;22,62
04:00 9/11/2023;;;82,09;22,21
05:00 9/11/2023;;;82,93;21,93
06:00 9/11/2023;;;83,6;21,79
07:00 9/11/2023;;;82,04;22,27
08:00 9/11/2023;;;72,19;24,71
09:00 9/11/2023;;;59,3;26,75
10:00 9/11/2023;;;54,38;27,02
11:00 9/11/2023;;;47,51;28,89
12:00 9/11/2023;;;59,88;27,34
13:00 9/11/2023;;;61,61;27,34
14:00 9/11/2023;;;65,67;26,94
15:00 9/11/2023;;;68,41;26,51
16:00 9/11/2023;;;72,24;25,71
17:00 9/11/2023;;;79,11;24,52
18:00 9/11/2023;;;81,74;23,99
19:00 9/11/2023;;;81,4;23,93
20:00 9/11/2023;;;85,68;23,57
21:00 9/11/2023;;;86,53;23,15
22:00 9/11/2023;;;83,37;23,26
23:00 9/11/2023;;;82,85;23,2
00:00 9/12/2023;;;86,67;22,62
01:00 9/12/2023;;;88,8;22,1
02:00 9/12/2023;;;86,78;22,08
03:00 9/12/2023;;;85,32;22,27
04:00 9/12/2023;;;84,86;22,55
05:00 9/12/2023;;;84,39;22,54
06:00 9/12/2023;;;83,6;22,6
07:00 9/12/2023;;;84,52;22,58
08:00 9/12/2023;;;80,08;23,51
09:00 9/12/2023;;;69,32;24,96
10:00 9/12/2023;;;61,64;26,77
11:00 9/12/2023;;;59,17;27,22
12:00 9/12/2023;;;58,47;27,46
13:00 9/12/2023;;;59,86;27,58
14:00 9/12/2023;;;62,98;27,47
15:00 9/12/2023;;;65,67;27,03
16:00 9/12/2023;;;70,16;26
17:00 9/12/2023;-15000;6;72,41;25,31
18:00 9/12/2023;38000;44;73,98;24,62
19:00 9/12/2023;23000;12;75,01;24,18
20:00 9/12/2023;38000;11;76,33;24,09
21:00 9/12/2023;45000;11;77,01;23,82
22:00 9/12/2023;64000;31;76,52;23,46
23:00 9/12/2023;21000;9;76,81;23,21
00:00 9/13/2023;3000;10;77,14;23,2
01:00 9/13/2023;10000;8;76,08;23,18
02:00 9/13/2023;10000;4;75,68;23,18
03:00 9/13/2023;17000;7;78,19;22,66
04:00 9/13/2023;5000;8;78,74;22,6
05:00 9/13/2023;6000;6;78,88;22,52
06:00 9/13/2023;20000;7;79,06;22,58
07:00 9/13/2023;14000;2;76,63;23,41
08:00 9/13/2023;30000;4;68,06;25,91
09:00 9/13/2023;37000;12;63,24;26,43
10:00 9/13/2023;38000;33;53,97;28,52
11:00 9/13/2023;59000;27;50,57;29,35
12:00 9/13/2023;50000;23;46,2;30,48
13:00 9/13/2023;49000;32;64,41;27,91
14:00 9/13/2023;50000;21;64,19;27,96
15:00 9/13/2023;29;2;65,87;27,85
16:00 9/13/2023;21;2;68,65;27,24
17:00 9/13/2023;23;;73,23;25,98
18:00 9/13/2023;19;;75,83;25,08
19:00 9/13/2023;15;8;78,05;24,5
20:00 9/13/2023;;8;78,43;24,46
21:00 9/13/2023;;5;79,18;24,12
22:00 9/13/2023;10;3;78,79;24,13
23:00 9/13/2023;9;4;76,49;24,31
00:00 9/14/2023;19;2;76,88;24,31
01:00 9/14/2023;17;;76,1;24,3
02:00 9/14/2023;14;6;74,54;24,3
03:00 9/14/2023;11;4;72,51;24,09
04:00 9/14/2023;6;3;69,23;23,84
05:00 9/14/2023;6;3;68,19;23,77
06:00 9/14/2023;;5;70,21;23,59
07:00 9/14/2023;;;69,94;24,26
08:00 9/14/2023;6;;61,4;26,75
09:00 9/14/2023;15;;56,72;27,96
10:00 9/14/2023;25;;52,57;29,61
11:00 9/14/2023;14;8;48,91;30,94
12:00 9/14/2023;;8;46,26;32,14
13:00 9/14/2023;10;;45,54;32,5
14:00 9/14/2023;12;;50,76;31,33
15:00 9/14/2023;55;;65,26;28,11
16:00 9/14/2023;43;10;66,64;27,71
17:00 9/14/2023;40;10;70,27;26,85
18:00 9/14/2023;29;6;73,62;26,08
19:00 9/14/2023;32;6;76,91;25,43
20:00 9/14/2023;14;11;76,8;25,33
21:00 9/14/2023;29;7;77,43;25,12
22:00 9/14/2023;27;5;79,57;24,88
23:00 9/14/2023;;5;81,4;24,7
00:00 9/15/2023;;5;81,08;24,88
01:00 9/15/2023;27;4;81,78;24,53
02:00 9/15/2023;;4;88,24;22,22
03:00 9/15/2023;;7;87,8;21,77
04:00 9/15/2023;;8;85,5;21,5
05:00 9/15/2023;;;90,17;20,73
06:00 9/15/2023;18;;89,6;20,72
07:00 9/15/2023;0;;87,59;21,21
08:00 9/15/2023;;3;88,1;21,69
09:00 9/15/2023;;2;86,97;22,2
10:00 9/15/2023;;2;81,46;23,17
11:00 9/15/2023;;;81,02;23
12:00 9/15/2023;;;82,17;22,27
13:00 9/15/2023;;;81,99;21,77
14:00 9/15/2023;;;84,8;21,09
15:00 9/15/2023;;7;82,01;21,11
16:00 9/15/2023;;6;82,15;20,88
17:00 9/15/2023;;;84,61;20,46
18:00 9/15/2023;;6;85,78;20,18
19:00 9/15/2023;;6;87,26;19,9
20:00 9/15/2023;;6;86,17;19,82
21:00 9/15/2023;;;84,24;19,93
22:00 9/15/2023;;;86,98;19,42
23:00 9/15/2023;;;92,73;18,79
00:00 9/16/2023;;;91,94;18,81
01:00 9/16/2023;;;90,14;18,73
02:00 9/16/2023;;;86,91;19,25
03:00 9/16/2023;;5;82,03;19,67
04:00 9/16/2023;;5;78,99;19,93
05:00 9/16/2023;;4;75,07;20,44
06:00 9/16/2023;;4;75,77;20,45
07:00 9/16/2023;;4;75,87;20,91
08:00 9/16/2023;;1;71;22,37
09:00 9/16/2023;;1;68,13;23,68
10:00 9/16/2023;;5;67,17;24,63
11:00 9/16/2023;;5;65,88;25,46
12:00 9/16/2023;;3;67,01;25,63
13:00 9/16/2023;;3;66,44;26,14
14:00 9/16/2023;;1;68,15;25,68
15:00 9/16/2023;;5;74,47;24,61
16:00 9/16/2023;;5;76,18;24,28
17:00 9/16/2023;;4;77,21;23,54
18:00 9/16/2023;;4;80,58;22,92
19:00 9/16/2023;;6;83,19;22,71
20:00 9/16/2023;;6;83,44;22,79
21:00 9/16/2023;;7;82,85;22,88
22:00 9/16/2023;;7;82,63;22,96
23:00 9/16/2023;;7;83,79;22,73
00:00 9/17/2023;;9;85,68;22,39
01:00 9/17/2023;;9;85,99;22,35
02:00 9/17/2023;;6;88,27;22
03:00 9/17/2023;;4;87,04;22,42
04:00 9/17/2023;;3;85,07;23,07
05:00 9/17/2023;;3;88,02;22,81
06:00 9/17/2023;;;89,07;22,64
07:00 9/17/2023;;;86,39;23,43
08:00 9/17/2023;;;75,63;25,89
09:00 9/17/2023;;3;70,11;26,61
10:00 9/17/2023;;3;70,3;26,72
11:00 9/17/2023;;5;69,45;27,05
12:00 9/17/2023;;5;70,53;26,74
13:00 9/17/2023;;3;71,18;26,84
14:00 9/17/2023;;3;72,01;26,4
15:00 9/17/2023;;5;68,63;26,99
16:00 9/17/2023;;5;65,07;26,89
17:00 9/17/2023;;4;68,98;25,53
18:00 9/17/2023;;;73,62;24,54
19:00 9/17/2023;;0;78,12;24
20:00 9/17/2023;;4;79,26;23,67
21:00 9/17/2023;;5;82,18;23,39
22:00 9/17/2023;;4;81,97;23,39
23:00 9/17/2023;;3;83,68;22,97
00:00 9/18/2023;;3;83,75;22,89
01:00 9/18/2023;;3;84,64;22,76
02:00 9/18/2023;;;85,37;22,71
03:00 9/18/2023;;0;85,21;22,66
04:00 9/18/2023;;0;85,53;22,42
05:00 9/18/2023;;0;84,54;22,5
06:00 9/18/2023;;;83,64;22,75
07:00 9/18/2023;;;81,06;23,41
08:00 9/18/2023;;3;75,95;24,75
09:00 9/18/2023;;3;69,69;26,28
10:00 9/18/2023;;7;67,43;26,48
11:00 9/18/2023;30;8;61,52;27,39
12:00 9/18/2023;20;8;64,79;26,93
13:00 9/18/2023;21;7;66,49;26,44
14:00 9/18/2023;32;3;64,85;26,58
15:00 9/18/2023;39;2;62,54;26,52
16:00 9/18/2023;34;2;65,49;25,77
17:00 9/18/2023;26;6;69,75;25,03
18:00 9/18/2023;16;6;69,05;24,65
19:00 9/18/2023;15;6;70,18;24,19
20:00 9/18/2023;20;3;71,22;23,93
21:00 9/18/2023;24;4;71,49;23,73
22:00 9/18/2023;23;8;71,51;23,53
23:00 9/18/2023;13;7;71,56;23,49
00:00 9/19/2023;14;5;74,05;23,38
01:00 9/19/2023;12;4;74,3;23,66
02:00 9/19/2023;9;4;75,73;23,56
03:00 9/19/2023;7;5;76,47;23,63
04:00 9/19/2023;16;5;78,44;23,41
05:00 9/19/2023;11;2;79,77;23,15
06:00 9/19/2023;13;2;80,16;22,92
07:00 9/19/2023;15;1;76,49;23,96
08:00 9/19/2023;17;4;68,56;26,11
09:00 9/19/2023;18;11;66,43;26,44
10:00 9/19/2023;21;6;57,7;28,05
11:00 9/19/2023;27;0;55,9;28,96
12:00 9/19/2023;38;0;65,04;27,5
13:00 9/19/2023;30;2;65,82;27,51
14:00 9/19/2023;38;2;67,34;27,4
15:00 9/19/2023;43;4;67,44;27,09
16:00 9/19/2023;34;5;67,71;26,55
17:00 9/19/2023;38;5;71,28;25,44
18:00 9/19/2023;27;6;73,52;24,76
19:00 9/19/2023;30;6;75,81;24,43
20:00 9/19/2023;48;17;77,9;24,13
21:00 9/19/2023;27;8;75,73;24,4
22:00 9/19/2023;19;6;75,86;24,36
23:00 9/19/2023;20;4;76,03;24,27
00:00 9/20/2023;14;5;75,97;24,3
01:00 9/20/2023;16;6;76,47;24,26
02:00 9/20/2023;24;6;77,32;24,03
03:00 9/20/2023;16;10;77,55;23,86
04:00 9/20/2023;22;13;78,15;23,6
05:00 9/20/2023;23;8;79,44;23,5
06:00 9/20/2023;13;3;80,21;23,43
07:00 9/20/2023;16;3;77,9;24,25
08:00 9/20/2023;24;6;75,11;25,26
09:00 9/20/2023;28;16;73,6;25,87
10:00 9/20/2023;28;;69,96;26,66
11:00 9/20/2023;45;;68,8;26,66
12:00 9/20/2023;29;12;70,86;26,19
13:00 9/20/2023;25;12;70,72;26,51
14:00 9/20/2023;24;9;67,26;26,49
15:00 9/20/2023;35;6;69,39;26,32
16:00 9/20/2023;42;6;67,77;26,12
17:00 9/20/2023;42;4;72,68;25,26
18:00 9/20/2023;28;4;74,2;24,84
19:00 9/20/2023;36;4;75,46;24,59
20:00 9/20/2023;25;9;74,66;24,49
21:00 9/20/2023;18;9;77,74;24,41
22:00 9/20/2023;15;8;80,1;24,13
23:00 9/20/2023;27;8;77,51;24,29
00:00 9/21/2023;25;5;78;23,99
01:00 9/21/2023;16;;77,9;23,91
02:00 9/21/2023;13;9;77,64;23,81
03:00 9/21/2023;16;7;78,16;23,61
04:00 9/21/2023;12;;78,56;23,53
05:00 9/21/2023;13;;78,73;23,44
06:00 9/21/2023;13;6;79,09;23,44
07:00 9/21/2023;17;6;79,28;23,48
08:00 9/21/2023;14;6;77,28;24,09
09:00 9/21/2023;25;;74,34;24,89
10:00 9/21/2023;22;;67,91;26,53
11:00 9/21/2023;23;6;65,08;26,55
12:00 9/21/2023;16;6;64,41;27,16
13:00 9/21/2023;18;;65,61;26,93
14:00 9/21/2023;13;0;65,55;26,69
15:00 9/21/2023;18;1;67,96;26,33
16:00 9/21/2023;23;1;71,63;25,41
17:00 9/21/2023;27;4;74,72;24,83
18:00 9/21/2023;30;6;75,67;24,39
19:00 9/21/2023;22;6;76,78;24,11
20:00 9/21/2023;24;8;76,91;23,93
21:00 9/21/2023;22;;76,68;23,95
22:00 9/21/2023;20;7;76,64;23,68
23:00 9/21/2023;15;2;74,83;23,68
00:00 9/22/2023;58;0;75,09;23,5
01:00 9/22/2023;13;;76,61;23,19
02:00 9/22/2023;10;5;79,68;22,8
03:00 9/22/2023;8;5;81,6;22,24
04:00 9/22/2023;9;4;80,89;22,03
05:00 9/22/2023;17;4;80,88;21,8
06:00 9/22/2023;12;4;80,03;21,98
07:00 9/22/2023;21;5;80,14;22,28
08:00 9/22/2023;13;7;74,27;24,05
09:00 9/22/2023;18;6;62,43;26,71
10:00 9/22/2023;17;;55,63;27,54
11:00 9/22/2023;19;;48,31;29,19
12:00 9/22/2023;22;;46,03;29,73
13:00 9/22/2023;37;;62,49;27,42
14:00 9/22/2023;40;;66,79;26,56
15:00 9/22/2023;33;;65,95;26,75
16:00 9/22/2023;30;4;68,01;26,16
17:00 9/22/2023;21;5;71,92;25,25
18:00 9/22/2023;20;6;72,06;24,61
19:00 9/22/2023;15;3;75,76;24,17
20:00 9/22/2023;20;1;75,41;24,34
21:00 9/22/2023;16;3;76,24;24,06
22:00 9/22/2023;15;5;76,98;23,91
23:00 9/22/2023;14;4;77,76;23,76
00:00 9/23/2023;16;5;78,63;23,6
01:00 9/23/2023;14;6;77,15;23,69
02:00 9/23/2023;11;7;75,34;23,65
03:00 9/23/2023;11;7;75,17;23,65
04:00 9/23/2023;13;4;74;23,65
05:00 9/23/2023;8;4;72,19;23,65
06:00 9/23/2023;14;6;71,59;23,65
07:00 9/23/2023;11;7;66,76;24,96
08:00 9/23/2023;11;7;62,18;26,79
09:00 9/23/2023;15;4;57,93;28,08
10:00 9/23/2023;16;2;53,51;29,38
11:00 9/23/2023;16;5;52,1;30,04
12:00 9/23/2023;12;7;50,65;30,62
13:00 9/23/2023;38;4;53,93;30,44
14:00 9/23/2023;46;4;64,99;28,24
15:00 9/23/2023;54;15;66,28;27,93
16:00 9/23/2023;43;13;68,35;27,5
17:00 9/23/2023;29;10;74,66;26,08
18:00 9/23/2023;35;6;78,78;25,29
19:00 9/23/2023;25;6;80,08;24,89
20:00 9/23/2023;21;6;79,65;24,8
21:00 9/23/2023;24;10;79,95;24,85
22:00 9/23/2023;19;10;79,7;24,89
23:00 9/23/2023;19;;79,91;24,89
00:00 9/24/2023;16;;81,09;24,71
01:00 9/24/2023;15;;78,49;24,84
02:00 9/24/2023;13;6;75,07;24,94
03:00 9/24/2023;18;6;74,22;24,75
04:00 9/24/2023;5;4;73,49;24,62
05:00 9/24/2023;11;3;74,72;24,45
06:00 9/24/2023;10;3;75,65;24,35
07:00 9/24/2023;9;4;71,69;25,76
08:00 9/24/2023;7;2;64,73;27,47
09:00 9/24/2023;7;2;58,97;29,04
10:00 9/24/2023;11;3;52,23;31,02
11:00 9/24/2023;11;2;50,06;31,5
12:00 9/24/2023;15;2;48,03;32,35
13:00 9/24/2023;16;4;46,74;33,14
14:00 9/24/2023;87;3;60,42;30,22
15:00 9/24/2023;58;17;65,29;29
16:00 9/24/2023;35;10;67,17;28,72
17:00 9/24/2023;25;12;72,84;27,48
18:00 9/24/2023;26;8;75,84;26,63
19:00 9/24/2023;27;5;77,15;26,33
20:00 9/24/2023;27;6;78,15;26,22
21:00 9/24/2023;18;7;78,82;26,13
22:00 9/24/2023;21;3;80,57;25,77
23:00 9/24/2023;18;4;81,32;25,59
00:00 9/25/2023;21;7;82,07;25,35
01:00 9/25/2023;14;4;82,27;25,3
02:00 9/25/2023;14;4;82,7;24,99
03:00 9/25/2023;15;4;83,55;24,57
04:00 9/25/2023;17;;83,83;24,39
05:00 9/25/2023;17;;85,75;23,79
06:00 9/25/2023;18;;86,33;23,62
07:00 9/25/2023;22;;82,62;24,75
08:00 9/25/2023;26;7;74,8;27,04
09:00 9/25/2023;26;18;71,04;28,24
10:00 9/25/2023;34;8;67,21;29,44
11:00 9/25/2023;75;11;65,56;29,78
12:00 9/25/2023;69;13;63,06;30,48
13:00 9/25/2023;39;20;60,25;30,65
14:00 9/25/2023;36;20;60,6;30,19
15:00 9/25/2023;35;14;62,85;29,33
16:00 9/25/2023;36;14;64,9;28,31
17:00 9/25/2023;40;15;67,58;27,11
18:00 9/25/2023;38;22;70,37;26,16
19:00 9/25/2023;37;14;71,89;25,71
20:00 9/25/2023;46;20;73,43;25,39
21:00 9/25/2023;47;19;75,81;24,98
22:00 9/25/2023;39;23;78,68;24,44
23:00 9/25/2023;37;14;83,87;23,37
00:00 9/26/2023;32;24;87,15;22,73
01:00 9/26/2023;35;13;87,62;22,73
02:00 9/26/2023;39;13;88,03;22,6
03:00 9/26/2023;34;20;88,9;22,43
04:00 9/26/2023;37;16;87,88;22,54
05:00 9/26/2023;35;16;83,24;23,49
06:00 9/26/2023;32;15;81,84;23,7
07:00 9/26/2023;31;16;80,41;24,15
08:00 9/26/2023;40;19;80,13;24,39
09:00 9/26/2023;48;13;76,63;25,1
10:00 9/26/2023;41;22;75,54;25,66
11:00 9/26/2023;36;20;76,02;25,56
12:00 9/26/2023;46;17;72,35;26,42
13:00 9/26/2023;44;22;67,78;27,72
14:00 9/26/2023;52;17;68,96;26,92
15:00 9/26/2023;51;19;75,07;25,7
16:00 9/26/2023;53;15;77,25;25,61
17:00 9/26/2023;33;14;78,16;25,87
18:00 9/26/2023;27;14;79,82;25,78
19:00 9/26/2023;26;9;82,65;25,33
20:00 9/26/2023;35;9;81,93;25,4
21:00 9/26/2023;26;12;82;25,4
22:00 9/26/2023;26;11;83,81;25,11
23:00 9/26/2023;23;10;83,49;25,28
00:00 9/27/2023;25;9;82,87;25,37
01:00 9/27/2023;18;10;81,15;25,56
02:00 9/27/2023;17;11;82,96;25,08
03:00 9/27/2023;21;11;84,35;24,7
04:00 9/27/2023;19;11;85,36;24,24
05:00 9/27/2023;15;9;85,18;24,06
06:00 9/27/2023;15;9;84,73;24,08
07:00 9/27/2023;20;;79,12;25,63
08:00 9/27/2023;27;7;75,11;26,67
09:00 9/27/2023;36;7;69,39;28,43
10:00 9/27/2023;34;8;62,78;30,43
11:00 9/27/2023;71;10;65,28;29,33
12:00 9/27/2023;71;20;61,49;30,74
13:00 9/27/2023;61;20;63,71;29,89
14:00 9/27/2023;63;16;66,26;29,05
15:00 9/27/2023;68;16;65,46;29,42
16:00 9/27/2023;52;8;66,26;29,15
17:00 9/27/2023;47;16;70,98;28,34
18:00 9/27/2023;52;19;72,84;27,91
19:00 9/27/2023;43;11;74,64;27,63
20:00 9/27/2023;44;11;72,8;28,18
21:00 9/27/2023;35;21;70,55;28,52
22:00 9/27/2023;38;16;72,85;27,86
23:00 9/27/2023;41;18;76,3;27,13
00:00 9/28/2023;47;16;78,13;26,72
01:00 9/28/2023;48;16;79,97;26,37
02:00 9/28/2023;45;25;79,85;26,43
03:00 9/28/2023;39;25;78,8;26,7
04:00 9/28/2023;46;18;80,09;26,37
05:00 9/28/2023;66;18;84,89;24,86
06:00 9/28/2023;43;27;79,67;25,63
07:00 9/28/2023;41;17;77,34;26,01
08:00 9/28/2023;38;18;77,37;25,9
09:00 9/28/2023;38;19;77,68;25,75
10:00 9/28/2023;46;19;77,58;24,57
11:00 9/28/2023;37;8;73,62;24,91
12:00 9/28/2023;46;8;72,57;24,55
13:00 9/28/2023;43;9;67,79;25,17
14:00 9/28/2023;;;68,4;25,06
15:00 9/28/2023;;;68,44;24,76
16:00 9/28/2023;;;72,82;23,65
17:00 9/28/2023;42;;75;23,1
18:00 9/28/2023;39;;71,24;22,84
19:00 9/28/2023;38;;72,34;22,66
20:00 9/28/2023;33;;74,25;22,38
21:00 9/28/2023;32;;72,31;22,31
22:00 9/28/2023;27;;70,83;22,29
23:00 9/28/2023;20;;69,46;22,18
00:00 9/29/2023;26;;71,08;21,92
01:00 9/29/2023;22;;72,78;21,78
02:00 9/29/2023;21;;75;21,46
03:00 9/29/2023;23;;75,45;21,31
04:00 9/29/2023;22;;75,57;21,18
05:00 9/29/2023;19;;74,84;21,17
06:00 9/29/2023;19;;74,47;21,12
07:00 9/29/2023;24;;72,99;21,33
08:00 9/29/2023;23;;72,15;21,54
09:00 9/29/2023;27;;70,66;22,03
10:00 9/29/2023;21;;70,62;22,1
11:00 9/29/2023;20;6;68,65;22,53
12:00 9/29/2023;26;5;66,57;23,14
13:00 9/29/2023;22;9;61,79;24,07
14:00 9/29/2023;19;10;61,86;23,79
15:00 9/29/2023;19;7;68,44;23,11
16:00 9/29/2023;;3;67,03;23,2
17:00 9/29/2023;19;2;68,55;23,2
18:00 9/29/2023;22;4;71,61;22,65
19:00 9/29/2023;16;8;74,62;22,01
20:00 9/29/2023;19;9;75,71;21,78
21:00 9/29/2023;16;7;77;21,52
22:00 9/29/2023;14;7;84,54;20,53
23:00 9/29/2023;19;4;83,74;20,63
00:00 9/30/2023;18;6;82,98;20,84
01:00 9/30/2023;13;8;82,58;20,82
02:00 9/30/2023;9;6;88,74;19,84
03:00 9/30/2023;;6;92,87;19,48
04:00 9/30/2023;5;0;91,2;19,91
05:00 9/30/2023;;0;90,75;19,97
06:00 9/30/2023;12;6;92,04;19,72
07:00 9/30/2023;7;6;91,81;19,93
08:00 9/30/2023;6;4;88,78;20,7
09:00 9/30/2023;6;2;86,7;21,1
10:00 9/30/2023;12;3;85,21;21,63
11:00 9/30/2023;17;4;82,88;21,81
12:00 9/30/2023;22;6;79,12;22,38
13:00 9/30/2023;29;6;75,59;23,16
14:00 9/30/2023;35;6;74,15;23,22
15:00 9/30/2023;21;6;78,06;22,2
16:00 9/30/2023;27;1;75,58;22,4
17:00 9/30/2023;34;6;75,51;22,42
18:00 9/30/2023;29;11;73,37;22,51
19:00 9/30/2023;23;11;73,39;22,42
20:00 9/30/2023;20;9;73,09;22,62
21:00 9/30/2023;28;9;76,39;22,59
22:00 9/30/2023;28;8;76,03;22,74
23:00 9/30/2023;24;8;79,27;22,07
00:00 10/1/2023;25;12;76,06;22,63
01:00 10/1/2023;26;12;80,22;21,8
02:00 10/1/2023;29;12;86,58;20,8
03:00 10/1/2023;38;8;82,07;21,7
04:00 10/1/2023;22;6;80,17;21,6
05:00 10/1/2023;25;5;79,42;21,6
06:00 10/1/2023;15;7;80,28;21,55
07:00 10/1/2023;20;6;79,53;21,9
08:00 10/1/2023;38;4;77,13;22,6
09:00 10/1/2023;29;8;73,88;23,4
10:00 10/1/2023;21;9;70,24;24,51
11:00 10/1/2023;22;8;67,55;25,31
12:00 10/1/2023;34;8;67,8;25,47
13:00 10/1/2023;40;8;68,46;25,28
14:00 10/1/2023;40;7;70,25;24,51
15:00 10/1/2023;36;7;74,68;23,68
16:00 10/1/2023;19;4;73,6;24,27
17:00 10/1/2023;17;4;78,12;23,3
18:00 10/1/2023;11;4;83,12;22,25
19:00 10/1/2023;13;6;83,17;22,13
20:00 10/1/2023;20;5;82,63;22,39
21:00 10/1/2023;22;0;82,21;22,4
22:00 10/1/2023;9;3;82,1;22,33
23:00 10/1/2023;18;8;82,5;22,31
00:00 10/2/2023;14;7;83,31;22,28
01:00 10/2/2023;;3;79,79;22,83
02:00 10/2/2023;18;0;77,99;23,04
03:00 10/2/2023;15;3;79,5;22,67
04:00 10/2/2023;20;5;80,71;22,57
05:00 10/2/2023;17;3;81,25;22,53
06:00 10/2/2023;15;2;81,87;22,51
07:00 10/2/2023;20;4;81,58;22,68
08:00 10/2/2023;24;9;74,74;24,76
09:00 10/2/2023;32;10;71,71;25,73
10:00 10/2/2023;32;8;75,43;24,74
11:00 10/2/2023;;;73,77;25,59
12:00 10/2/2023;27;10;73,07;26,31
13:00 10/2/2023;19;10;72,45;26,62
14:00 10/2/2023;23;10;73,67;26,22
15:00 10/2/2023;23;5;71,3;26,98
16:00 10/2/2023;28;5;74,36;26,05
17:00 10/2/2023;22;4;75,28;25,69
18:00 10/2/2023;26;6;77,33;25,1
19:00 10/2/2023;23;4;78,13;24,95
20:00 10/2/2023;20;4;80,87;24,12
21:00 10/2/2023;26;4;81,06;24,08
22:00 10/2/2023;31;6;80,7;24,11
23:00 10/2/2023;39;10;80,04;24,26
00:00 10/3/2023;32;10;81,01;24,19
01:00 10/3/2023;44;10;83,87;23,75
02:00 10/3/2023;53;10;82,04;24,41
03:00 10/3/2023;64;18;84,2;23,92
04:00 10/3/2023;62;22;86,27;23,35
05:00 10/3/2023;55;23;86,35;23,62
06:00 10/3/2023;26;15;81,69;24,93
07:00 10/3/2023;17;15;77,28;26,11
08:00 10/3/2023;21;8;76,03;26,46
09:00 10/3/2023;21;3;71,94;27,53
10:00 10/3/2023;62;7;69,47;28,08
11:00 10/3/2023;58;16;72,99;27,16
12:00 10/3/2023;39;14;76,69;25,83
13:00 10/3/2023;21;13;74,97;25,86
14:00 10/3/2023;21;11;74,17;25,87
15:00 10/3/2023;21;9;78,41;24,77
16:00 10/3/2023;26;8;85,38;23,32
17:00 10/3/2023;20;9;85,18;23,27
18:00 10/3/2023;27;9;85,71;23,19
19:00 10/3/2023;24;11;84,45;23,37
20:00 10/3/2023;19;16;82,79;23,66
21:00 10/3/2023;20;11;83,46;23,41
22:00 10/3/2023;27;9;82,58;23,77
23:00 10/3/2023;16;7;84,31;23,3
00:00 10/4/2023;11;7;83,2;23,56
01:00 10/4/2023;12;6;84,94;23,22
02:00 10/4/2023;35;7;88,25;22,61
03:00 10/4/2023;25;8;89,45;22,35
04:00 10/4/2023;26;8;89,83;22,23
05:00 10/4/2023;29;10;89,5;22,32
06:00 10/4/2023;23;11;89,33;22,56
07:00 10/4/2023;53;9;86,76;23,3
08:00 10/4/2023;64;9;77,31;26,14
09:00 10/4/2023;25;11;73,68;27,05
10:00 10/4/2023;21;11;70,49;28,12
11:00 10/4/2023;39;9;70,24;28,45
12:00 10/4/2023;55;10;70,24;28,74
13:00 10/4/2023;58;15;70,27;28,73
14:00 10/4/2023;50;12;69,17;29,07
15:00 10/4/2023;43;16;68,62;29,43
16:00 10/4/2023;56;6;70,5;28,95
17:00 10/4/2023;35;10;74,99;27,56
18:00 10/4/2023;35;8;76,36;26,9
19:00 10/4/2023;34;2;77,39;26,37
20:00 10/4/2023;36;5;77,94;26,26
21:00 10/4/2023;27;10;78,13;26,29
22:00 10/4/2023;23;8;77,95;26,28
23:00 10/4/2023;20;7;77,89;26,28
00:00 10/5/2023;26;9;78,52;26,07
01:00 10/5/2023;25;10;79,36;25,72
02:00 10/5/2023;23;13;79,13;25,41
03:00 10/5/2023;19;8;78,49;25,31
04:00 10/5/2023;17;5;75,95;25,27
05:00 10/5/2023;21;7;75,11;25,01
06:00 10/5/2023;27;7;78,14;24,68
07:00 10/5/2023;24;9;75,67;25,61
08:00 10/5/2023;24;6;71,67;26,86
09:00 10/5/2023;30;3;69,33;27,35
10:00 10/5/2023;27;8;66,44;28,24
11:00 10/5/2023;25;7;57,33;31,23
12:00 10/5/2023;25;6;54,83;31,88
13:00 10/5/2023;;18;67,69;28,66
14:00 10/5/2023;81;19;74,61;27,38
15:00 10/5/2023;51;8;77,68;26,71
16:00 10/5/2023;38;9;76,91;26,65
17:00 10/5/2023;34;8;80,61;26,06
18:00 10/5/2023;42;9;83,21;25,52
19:00 10/5/2023;35;16;82,35;25,5
20:00 10/5/2023;36;7;80,44;25,78
21:00 10/5/2023;35;8;78,96;26,17
22:00 10/5/2023;35;9;77,26;26,63
23:00 10/5/2023;21;8;78,89;26,42
00:00 10/6/2023;28;7;79,44;26,3
01:00 10/6/2023;29;6;78,8;26,3
02:00 10/6/2023;23;7;78,18;26,32
03:00 10/6/2023;23;5;77,25;25,99
04:00 10/6/2023;20;6;75,86;26,12
05:00 10/6/2023;14;8;76,18;25,87
06:00 10/6/2023;19;4;76,01;25,84
07:00 10/6/2023;19;2;75,18;26,09
08:00 10/6/2023;21;5;72,53;27,13
09:00 10/6/2023;25;6;68,94;28,22
10:00 10/6/2023;26;5;65,37;29,12
11:00 10/6/2023;;5;62,79;30,07
12:00 10/6/2023;;6;61,29;30,57
13:00 10/6/2023;;6;59,59;31,07
14:00 10/6/2023;19;7;59,38;31,36
15:00 10/6/2023;27;9;71,98;28,35
16:00 10/6/2023;48;17;75,87;27,36
17:00 10/6/2023;38;2;77,3;26,79
18:00 10/6/2023;44;1;79,14;26,19
19:00 10/6/2023;38;4;79,86;25,79
20:00 10/6/2023;27;10;79,08;25,83
21:00 10/6/2023;31;7;77,54;25,96
22:00 10/6/2023;27;2;78,46;25,81
23:00 10/6/2023;27;4;78,85;25,69
00:00 10/7/2023;23;7;78,27;25,64
01:00 10/7/2023;22;;75,72;25,72
02:00 10/7/2023;24;7;75,7;25,4
03:00 10/7/2023;21;8;73,78;25,33
04:00 10/7/2023;20;7;74,4;25,05
05:00 10/7/2023;20;7;75,7;24,81
06:00 10/7/2023;20;7;75,34;24,65
07:00 10/7/2023;18;6;67,05;26,56
08:00 10/7/2023;17;4;61,16;28,09
09:00 10/7/2023;21;5;59,04;28,93
10:00 10/7/2023;22;5;54,26;30,36
11:00 10/7/2023;;5;50,66;31,34
12:00 10/7/2023;20;9;45,98;32,69
13:00 10/7/2023;27;;44;32,97
14:00 10/7/2023;39;;56,08;30,91
15:00 10/7/2023;42;;67,04;28,93
16:00 10/7/2023;38;;69,52;28,2
17:00 10/7/2023;35;;72,44;27,11
18:00 10/7/2023;42;;78,74;25,87
19:00 10/7/2023;33;;80,61;25,42
20:00 10/7/2023;30;9;77,31;25,81
21:00 10/7/2023;31;9;75,4;25,84
22:00 10/7/2023;22;6;75,8;25,79
23:00 10/7/2023;20;9;75,12;26,13
00:00 10/8/2023;18;10;74,67;26,05
01:00 10/8/2023;22;8;74,48;25,86
02:00 10/8/2023;25;10;75,46;25,69
03:00 10/8/2023;22;10;74,55;25,69
04:00 10/8/2023;19;8;74,87;25,53
05:00 10/8/2023;16;7;70,97;25,7
06:00 10/8/2023;13;3;70,9;25,52
07:00 10/8/2023;12;2;69,47;25,95
08:00 10/8/2023;16;5;66,93;26,74
09:00 10/8/2023;18;4;62,35;27,91
10:00 10/8/2023;10;;59,45;28,99
11:00 10/8/2023;19;;58,33;29,54
12:00 10/8/2023;17;;55,14;30,36
13:00 10/8/2023;43;9;73,27;27,25
14:00 10/8/2023;44;10;71,45;27,8
15:00 10/8/2023;34;19;73,14;27,09
16:00 10/8/2023;32;12;76,15;26,13
17:00 10/8/2023;25;7;77,06;25,77
18:00 10/8/2023;20;6;77,29;25,53
19:00 10/8/2023;23;7;79;25,14
20:00 10/8/2023;27;4;78,98;24,91
21:00 10/8/2023;;7;78,74;25,03
22:00 10/8/2023;26;7;77,58;25,26
23:00 10/8/2023;24;5;76,48;25,33
00:00 10/9/2023;22;7;78,39;25,3
01:00 10/9/2023;21;7;79,03;25,18
02:00 10/9/2023;20;6;79,46;25,01
03:00 10/9/2023;19;5;79,33;24,78
04:00 10/9/2023;;4;76,11;24,85
05:00 10/9/2023;13;2;75,49;24,96
06:00 10/9/2023;13;3;73,53;25,45
07:00 10/9/2023;21;2;69,82;26,8
08:00 10/9/2023;23;7;63,38;28,65
09:00 10/9/2023;24;9;64,09;28,3
10:00 10/9/2023;31;3;59,56;29,65
11:00 10/9/2023;28;4;57,25;30,22
12:00 10/9/2023;32;5;54,75;30,87
13:00 10/9/2023;29;15;51,07;31,92
14:00 10/9/2023;44;11;63,64;29,67
15:00 10/9/2023;47;11;69,46;28,41
16:00 10/9/2023;41;12;72,36;27,66
17:00 10/9/2023;42;21;74,83;26,91
18:00 10/9/2023;50;7;78,04;26,07
19:00 10/9/2023;27;7;78,89;25,72
20:00 10/9/2023;31;6;78,27;25,75
21:00 10/9/2023;32;6;78,08;25,75
22:00 10/9/2023;26;10;77,19;25,88
23:00 10/9/2023;23;10;78,18;25,7
00:00 10/10/2023;21;10;78,17;25,7
01:00 10/10/2023;23;11;77,68;25,79
02:00 10/10/2023;17;9;77,86;25,54
03:00 10/10/2023;18;8;76,44;25,82
04:00 10/10/2023;33;7;80,1;25,07
05:00 10/10/2023;12;7;87,06;23,42
06:00 10/10/2023;;5;90,55;22,83
07:00 10/10/2023;;2;89,59;23,09
08:00 10/10/2023;12;2;85,02;24,15
09:00 10/10/2023;15;4;83,45;24,84
10:00 10/10/2023;24;3;84,39;24,8
11:00 10/10/2023;29;5;84,92;24,26
12:00 10/10/2023;19;5;78,84;25,1
13:00 10/10/2023;24;6;75,25;25,86
14:00 10/10/2023;24;7;74,19;25,82
15:00 10/10/2023;26;9;78,21;24,53
16:00 10/10/2023;27;;79,1;24,23
17:00 10/10/2023;29;;80,09;23,72
18:00 10/10/2023;19;4;78,15;23,68
19:00 10/10/2023;21;5;79,93;23,48
20:00 10/10/2023;22;6;82,99;23,15
21:00 10/10/2023;11;;83,47;23,08
22:00 10/10/2023;11;;85,54;22,78
23:00 10/10/2023;;5;85,32;22,9
00:00 10/11/2023;11;5;83,99;22,97
01:00 10/11/2023;9;6;83,96;23,02
02:00 10/11/2023;8;6;88,92;22,33
03:00 10/11/2023;;4;90,84;22,15
04:00 10/11/2023;;1;90,2;22,31
05:00 10/11/2023;8;3;89,21;22,6
06:00 10/11/2023;;5;89,23;22,66
07:00 10/11/2023;10;3;87;23,35
08:00 10/11/2023;;6;87,97;23,49
09:00 10/11/2023;17;9;93,26;22,49
10:00 10/11/2023;12;10;87,83;24,22
11:00 10/11/2023;43;12;88,37;23,7
12:00 10/11/2023;;15;92,3;22,55
13:00 10/11/2023;25;10;90,43;23,3
14:00 10/11/2023;17;8;85,83;23,94
15:00 10/11/2023;31;6;86,2;23,93
16:00 10/11/2023;43;8;80,03;25,4
17:00 10/11/2023;32;11;76,75;25,85
18:00 10/11/2023;22;12;77,98;25,12
19:00 10/11/2023;19;6;79,8;24,61
20:00 10/11/2023;21;4;80,75;24,4
21:00 10/11/2023;23;4;81,34;24,17
22:00 10/11/2023;23;4;80,48;24,33
23:00 10/11/2023;13;8;80,9;24,13
00:00 10/12/2023;12;9;81,77;23,66
01:00 10/12/2023;15;6;80,69;23,86
02:00 10/12/2023;14;1;81,52;23,61
03:00 10/12/2023;14;1;81,93;23,57
04:00 10/12/2023;11;4;81,61;23,53
05:00 10/12/2023;14;6;80,81;23,37
06:00 10/12/2023;;6;79,67;23,66
07:00 10/12/2023;9;6;71,12;25,89
08:00 10/12/2023;10;6;62,35;28,08
09:00 10/12/2023;16;4;62,08;27,92
10:00 10/12/2023;22;3;55,15;29,64
11:00 10/12/2023;12;3;49,05;31,15
12:00 10/12/2023;47;5;46,86;31,81
13:00 10/12/2023;47;6;59,74;29,14
14:00 10/12/2023;42;6;61,96;28,47
15:00 10/12/2023;50;10;59,81;28,63
16:00 10/12/2023;67;13;61,87;27,85
17:00 10/12/2023;24;10;66,83;26,69
18:00 10/12/2023;18;4;73,64;25,59
19:00 10/12/2023;20;1;76,78;25,22
20:00 10/12/2023;28;0;74,72;25,34
21:00 10/12/2023;16;-1;73,04;25,31
22:00 10/12/2023;16;5;75,36;24,93
23:00 10/12/2023;17;9;75,88;24,84
00:00 10/13/2023;11;3;75,82;24,78
01:00 10/13/2023;14;2;74,81;24,73
02:00 10/13/2023;23;4;71,78;24,87
03:00 10/13/2023;23;17;68,37;24,89
04:00 10/13/2023;21;15;69,88;24,71
05:00 10/13/2023;18;16;74,06;24,09
06:00 10/13/2023;;8;74,5;24,12
07:00 10/13/2023;15;6;71,91;24,83
08:00 10/13/2023;19;4;71,23;25,28
09:00 10/13/2023;22;6;63,26;27,84
10:00 10/13/2023;120;6;55,5;29,88
11:00 10/13/2023;26;34;56,68;30,1
12:00 10/13/2023;25;9;53,88;31,44
13:00 10/13/2023;67;7;57,53;30,87
14:00 10/13/2023;55;17;61,72;29,98
15:00 10/13/2023;65;5;69,54;28,07
16:00 10/13/2023;38;6;70,92;27,32
17:00 10/13/2023;19;9;70,33;26,94
18:00 10/13/2023;22;9;69,23;27,07
19:00 10/13/2023;19;7;70,55;26,61
20:00 10/13/2023;22;5;71,88;26,24
21:00 10/13/2023;21;4;72,31;26,04
22:00 10/13/2023;17;5;73,65;25,76
23:00 10/13/2023;17;5;75,06;25,41
00:00 10/14/2023;;5;75,85;25,3
01:00 10/14/2023;9;7;76,3;25,15
02:00 10/14/2023;10;6;76,75;24,98
03:00 10/14/2023;;;76,71;25,17
04:00 10/14/2023;;;77,85;24,88
05:00 10/14/2023;10;;79,6;24,55
06:00 10/14/2023;20;;81,18;24,46
07:00 10/14/2023;22;;84,4;24,05
08:00 10/14/2023;20;;84,36;24,25
09:00 10/14/2023;12;;82,87;24,41
10:00 10/14/2023;15;;81,13;24,84
11:00 10/14/2023;12;;75,63;25,93
12:00 10/14/2023;15;;76,19;25,42
13:00 10/14/2023;12;;76,44;25,49
14:00 10/14/2023;16;;77,53;25,27
15:00 10/14/2023;16;;78,07;24,97
16:00 10/14/2023;17;;84,66;24,06
17:00 10/14/2023;17;;87,17;23,19
18:00 10/14/2023;15;;85,24;23,07
19:00 10/14/2023;11;;91,73;22,22
20:00 10/14/2023;;;92,41;22,26
21:00 10/14/2023;;;92,58;22,27
22:00 10/14/2023;11;;92,56;22,2
23:00 10/14/2023;10;;92,21;22,24
00:00 10/15/2023;10;;92,34;22,1
01:00 10/15/2023;;;92,08;22,13
02:00 10/15/2023;11;;91,53;22,21
03:00 10/15/2023;10;;92,19;22,04
04:00 10/15/2023;9;;93,91;21,81
05:00 10/15/2023;5;;94,27;21,77
06:00 10/15/2023;3;;94,27;21,83
07:00 10/15/2023;;;94,27;21,98
08:00 10/15/2023;;;93,37;22,8
09:00 10/15/2023;;;89,87;23,56
10:00 10/15/2023;6;;89,69;23,53
11:00 10/15/2023;9;;88,1;23,85
12:00 10/15/2023;;;87,77;23,87
13:00 10/15/2023;;;89,5;23,54
14:00 10/15/2023;;;88,09;23,62
15:00 10/15/2023;10;;89,12;23,56
16:00 10/15/2023;;;92,35;23,1
17:00 10/15/2023;;;93,75;22,77
18:00 10/15/2023;;;94,28;22,58
19:00 10/15/2023;;;94,28;22,61
20:00 10/15/2023;;;94,28;22,5
21:00 10/15/2023;;;94,27;22,42
22:00 10/15/2023;5;;94,27;22,53
23:00 10/15/2023;;;94,28;22,67
00:00 10/16/2023;;;94,24;22,91
01:00 10/16/2023;0;;94,29;23,02
02:00 10/16/2023;4;;93,97;23,36
03:00 10/16/2023;;;93,95;23,24
04:00 10/16/2023;;;94,29;22,92
05:00 10/16/2023;11;;94,14;22,91
06:00 10/16/2023;6;;93,13;23,29
07:00 10/16/2023;;;92,93;23,63
08:00 10/16/2023;10;;87,82;25,19
09:00 10/16/2023;21;;79,07;27,16
10:00 10/16/2023;44;;72,05;28,25
11:00 10/16/2023;40;;74,55;28,3
12:00 10/16/2023;33;;75,95;27,93
13:00 10/16/2023;17;;81,08;26,64
14:00 10/16/2023;16;;77,75;27,72
15:00 10/16/2023;18;;77,75;27,53
16:00 10/16/2023;28;;77,82;27,32
17:00 10/16/2023;23;;79,25;26,42
18:00 10/16/2023;36;5;82,16;25,69
19:00 10/16/2023;48;8;84,03;25,46
20:00 10/16/2023;18;15;83,58;25,48
21:00 10/16/2023;19;;83,85;25,43
22:00 10/16/2023;19;;83,51;25,32
23:00 10/16/2023;19;7;84,39;25,1
00:00 10/17/2023;21;6;85,01;24,84
01:00 10/17/2023;19;;86,61;24,38
02:00 10/17/2023;14;;83,72;24,58
03:00 10/17/2023;13;2;83,13;24,6
04:00 10/17/2023;15;3;86,14;23,96
05:00 10/17/2023;15;2;86,99;23,71
06:00 10/17/2023;12;3;84,75;24,1
07:00 10/17/2023;;5;77,66;25,76
08:00 10/17/2023;19;;67,18;27,81
09:00 10/17/2023;11;;61,49;28,85
10:00 10/17/2023;26;;55,77;30,41
11:00 10/17/2023;43;;59,28;29,95
12:00 10/17/2023;47;5;63,57;29,62
13:00 10/17/2023;53;7;66,41;29,18
14:00 10/17/2023;25;10;63,72;29,55
15:00 10/17/2023;25;10;64,06;28,93
16:00 10/17/2023;27;2;66,07;28,58
17:00 10/17/2023;26;3;69,58;27,42
18:00 10/17/2023;20;5;74,74;26,17
19:00 10/17/2023;28;4;78,03;25,48
20:00 10/17/2023;19;7;79,11;25,41
21:00 10/17/2023;17;8;76,84;25,63
22:00 10/17/2023;18;8;75,87;25,57
23:00 10/17/2023;19;6;76,09;25,42
00:00 10/18/2023;11;2;77,31;25,3
01:00 10/18/2023;10;0;78,7;25
02:00 10/18/2023;11;4;77,49;25,02
03:00 10/18/2023;10;7;76,08;25,35
04:00 10/18/2023;10;4;73,57;25,57
05:00 10/18/2023;20;1;77,23;24,62
06:00 10/18/2023;26;6;74,08;24,89
07:00 10/18/2023;16;6;77,49;24,54
08:00 10/18/2023;13;7;65,22;27,61
09:00 10/18/2023;38;8;63,65;28,54
10:00 10/18/2023;38;9;64,07;28,79
11:00 10/18/2023;38;5;60,52;29,41
12:00 10/18/2023;42;5;54,71;30,3
13:00 10/18/2023;25;5;58,51;29,19
14:00 10/18/2023;17;6;65,38;27,39
15:00 10/18/2023;20;6;69,84;26,73
16:00 10/18/2023;26;5;72,03;26,09
17:00 10/18/2023;26;5;73,82;25,55
18:00 10/18/2023;25;8;72,79;25,32
19:00 10/18/2023;23;9;76,71;24,6
20:00 10/18/2023;20;6;82,07;23,94
21:00 10/18/2023;18;5;83,13;23,64
22:00 10/18/2023;20;5;81,54;23,34
23:00 10/18/2023;18;2;83,42;23,06
00:00 10/19/2023;13;0;81,54;23,18
01:00 10/19/2023;11;4;80,95;23,23
02:00 10/19/2023;11;6;80,64;23,59
03:00 10/19/2023;19;-5;80,6;23,47
04:00 10/19/2023;21;-5;82,96;23,08
05:00 10/19/2023;21;6;81,87;22,91
06:00 10/19/2023;22;6;82,74;22,68
07:00 10/19/2023;20;6;75,85;24,02
08:00 10/19/2023;28;5;69,08;25,16
09:00 10/19/2023;34;8;66,66;26,09
10:00 10/19/2023;40;8;65,02;26,32
11:00 10/19/2023;45;19;67,06;25,93
12:00 10/19/2023;45;12;68,74;25,82
13:00 10/19/2023;39;18;63,96;25,75
14:00 10/19/2023;34;13;59,31;26,59
15:00 10/19/2023;37;16;61,38;25,29
16:00 10/19/2023;34;4;60,97;25,38
17:00 10/19/2023;31;5;61,4;24,91
18:00 10/19/2023;31;6;65,73;24,13
19:00 10/19/2023;35;8;66,07;23,86
20:00 10/19/2023;34;8;67,51;23,4
21:00 10/19/2023;26;7;69,96;23,08
22:00 10/19/2023;32;9;69,77;23,04
23:00 10/19/2023;29;7;69,29;23,08
00:00 10/20/2023;20;10;70,86;22,79
01:00 10/20/2023;26;;72,42;22,66
02:00 10/20/2023;;10;79,18;22,15
03:00 10/20/2023;26;7;81,66;21,67
04:00 10/20/2023;20;4;78,37;22,08
05:00 10/20/2023;27;;78,62;22,2
06:00 10/20/2023;24;6;78,83;22,35
07:00 10/20/2023;27;7;84,82;21,42
08:00 10/20/2023;27;9;84,93;21,25
09:00 10/20/2023;22;9;84,34;21,78
10:00 10/20/2023;;6;75,47;23,45
11:00 10/20/2023;;6;73,42;23,39
12:00 10/20/2023;;6;75,82;22,98
13:00 10/20/2023;;7;74,41;23,19
14:00 10/20/2023;;6;77,41;22,65
15:00 10/20/2023;;6;75,5;22,95
16:00 10/20/2023;;7;74,19;23,07
17:00 10/20/2023;;7;76,98;22,51
18:00 10/20/2023;;5;78,54;22,4
19:00 10/20/2023;;5;75,26;22,8
20:00 10/20/2023;;3;76,12;22,78
21:00 10/20/2023;;5;77,78;22,7
22:00 10/20/2023;;9;77,84;22,56
23:00 10/20/2023;;19;79,66;22,24
00:00 10/21/2023;;6;86,76;21,27
01:00 10/21/2023;;7;90,4;20,64
02:00 10/21/2023;;6;88,38;21,11
03:00 10/21/2023;;2;85,76;21,48
04:00 10/21/2023;;2;84,22;21,71
05:00 10/21/2023;;2;82,94;21,91
06:00 10/21/2023;;6;85,7;21,34
07:00 10/21/2023;;6;84,47;21,6
08:00 10/21/2023;;10;81,62;22,12
09:00 10/21/2023;;8;87,76;21,26
10:00 10/21/2023;;2;89,91;21,12
11:00 10/21/2023;;2;87,21;21,64
12:00 10/21/2023;;3;78,31;23,48
13:00 10/21/2023;;6;78,88;23,24
14:00 10/21/2023;;7;82,74;22,37
15:00 10/21/2023;;7;89,9;21,25
16:00 10/21/2023;;3;82,68;22,2
17:00 10/21/2023;;4;82,62;22,41
18:00 10/21/2023;;9;86,26;21,88
19:00 10/21/2023;;10;90,87;20,98
20:00 10/21/2023;;5;91,01;20,91
21:00 10/21/2023;;27;88,95;21,29
22:00 10/21/2023;;27;88,15;21,31
23:00 10/21/2023;;12;89,26;20,92
00:00 10/22/2023;;12;87,38;21,23
01:00 10/22/2023;;;86,64;21,3
02:00 10/22/2023;;10;85,03;21,51
03:00 10/22/2023;;10;82,36;21,89
04:00 10/22/2023;;8;83,53;21,51
05:00 10/22/2023;;8;84,46;21,28
06:00 10/22/2023;;8;84,97;21,21
07:00 10/22/2023;;9;89,51;20,62
08:00 10/22/2023;;9;90,78;21,09
09:00 10/22/2023;;;85,72;21,91
10:00 10/22/2023;;;87,59;21,99
11:00 10/22/2023;;;76,44;23,97
12:00 10/22/2023;;2;73,14;24,07
13:00 10/22/2023;;4;73,32;23,9
14:00 10/22/2023;;5;70,14;23,97
15:00 10/22/2023;;3;73,6;23,62
16:00 10/22/2023;;;72,39;23,47
17:00 10/22/2023;;6;71,18;23,31
18:00 10/22/2023;;6;71,72;23,17
19:00 10/22/2023;;5;70,79;23,27
20:00 10/22/2023;;3;73,83;22,92
21:00 10/22/2023;;3;78,19;22,36
22:00 10/22/2023;;6;77,8;22,39
23:00 10/22/2023;;6;85,53;21,23
00:00 10/23/2023;;6;88,44;20,97
01:00 10/23/2023;;3;91,16;20,71
02:00 10/23/2023;;3;90,22;20,93
03:00 10/23/2023;;5;88,01;21,2
04:00 10/23/2023;;;86,32;21,26
05:00 10/23/2023;;;85,9;21
06:00 10/23/2023;;3;83,41;21,69
07:00 10/23/2023;;3;81,51;22,22
08:00 10/23/2023;;3;77,94;23,18
09:00 10/23/2023;;5;67,88;25,62
10:00 10/23/2023;;5;68,61;26,03
11:00 10/23/2023;;7;65,15;26,35
12:00 10/23/2023;;6;66,84;26,24
13:00 10/23/2023;;4;67,39;26,37
14:00 10/23/2023;;;67,12;26,32
15:00 10/23/2023;;;65,65;26,32
16:00 10/23/2023;;3;66,69;26,01
17:00 10/23/2023;;;67,99;25,5
18:00 10/23/2023;;;68,39;24,92
19:00 10/23/2023;;18;69,71;24,5
20:00 10/23/2023;;3;70,65;24,51
21:00 10/23/2023;;4;70,69;24,47
22:00 10/23/2023;;;72,66;24,07
23:00 10/23/2023;;;70,98;24,15
00:00 10/24/2023;;5;71,41;24,04
01:00 10/24/2023;;;72,34;23,8
02:00 10/24/2023;;;73,19;23,62
03:00 10/24/2023;;3;73,25;23,6
04:00 10/24/2023;;3;73,88;23,4
05:00 10/24/2023;;2;74,64;23,18
06:00 10/24/2023;;3;70,09;23,57
07:00 10/24/2023;;4;59,01;25,71
08:00 10/24/2023;;;53,48;27,46
09:00 10/24/2023;;;52,1;28,58
10:00 10/24/2023;;;50,61;30,01
11:00 10/24/2023;;2;50,72;30,38
12:00 10/24/2023;;5;51,49;30,86
13:00 10/24/2023;;;67,56;27,86
14:00 10/24/2023;;10;68,19;27,86
15:00 10/24/2023;;;68,16;27,8
16:00 10/24/2023;;5;69,96;27,38
17:00 10/24/2023;;;72,27;26,74
18:00 10/24/2023;;4;75,98;25,62
19:00 10/24/2023;;2;77,43;25,32
20:00 10/24/2023;;3;76,12;25,38
21:00 10/24/2023;;;75,35;25,35
22:00 10/24/2023;;;76,85;25,11
23:00 10/24/2023;;7;76,71;25,23
00:00 10/25/2023;;8;76,66;25,26
01:00 10/25/2023;;5;76,16;25,33
02:00 10/25/2023;;5;77,17;25,01
03:00 10/25/2023;;1;79,07;24,55
04:00 10/25/2023;;5;79,68;24,44
05:00 10/25/2023;;8;81,06;24,15
06:00 10/25/2023;;8;80,57;24,28
07:00 10/25/2023;;8;76,41;25,77
08:00 10/25/2023;;10;74,11;26,86
09:00 10/25/2023;;10;69,04;28,41
10:00 10/25/2023;;17;69,89;28,52
11:00 10/25/2023;;13;67,02;29,48
12:00 10/25/2023;;13;67,19;29,4
13:00 10/25/2023;;13;72,11;27,72
14:00 10/25/2023;;12;73,05;26,97
15:00 10/25/2023;;12;87,32;24,38
16:00 10/25/2023;;8;90,51;23,51
17:00 10/25/2023;;9;90,19;23,57
18:00 10/25/2023;;12;88,33;23,87
19:00 10/25/2023;;16;86,9;23,98
20:00 10/25/2023;;12;88,83;23,81
21:00 10/25/2023;;10;89,98;23,61
22:00 10/25/2023;;10;91,89;23,06
23:00 10/25/2023;;14;91,76;23,04
00:00 10/26/2023;;11;89,77;23,23
01:00 10/26/2023;;11;88,01;23,36
02:00 10/26/2023;;17;85,51;23,72
03:00 10/26/2023;;;84,17;23,65
04:00 10/26/2023;;;84,06;23,74
05:00 10/26/2023;;11;85,88;23,64
06:00 10/26/2023;;8;87,08;23,54
07:00 10/26/2023;;10;80,24;25,22
08:00 10/26/2023;;14;72,57;27,31
09:00 10/26/2023;;13;72,2;27,55
10:00 10/26/2023;;21;76,24;26,57
11:00 10/26/2023;;;70,59;28,58
12:00 10/26/2023;;3;72,49;28,28
13:00 10/26/2023;;5;;
14:00 10/26/2023;;7;;
15:00 10/26/2023;;6;;
16:00 10/26/2023;;;82,46;26,73
17:00 10/26/2023;;;84,14;26,37
18:00 10/26/2023;;2;85,61;26,11
19:00 10/26/2023;;2;86,34;26,28
20:00 10/26/2023;;;87,42;26,3
21:00 10/26/2023;;3;84,57;26,99
22:00 10/26/2023;;3;84,89;26,68
23:00 10/26/2023;;4;88,45;25,53
00:00 10/27/2023;;;86,91;26,01
01:00 10/27/2023;;;88,7;25,6
02:00 10/27/2023;;;91,23;25,09
03:00 10/27/2023;;;89,98;25,34
04:00 10/27/2023;;2;91,7;24,53
05:00 10/27/2023;;4;92,54;23,99
06:00 10/27/2023;;2;89,44;24,02
07:00 10/27/2023;;;90,63;24,11
08:00 10/27/2023;;;92,64;23,54
09:00 10/27/2023;;;90,73;23,99
10:00 10/27/2023;;0;88,58;24,7
11:00 10/27/2023;;2;86,69;26,03
12:00 10/27/2023;;;;
13:00 10/27/2023;;;;
14:00 10/27/2023;;;;
15:00 10/27/2023;;;;
16:00 10/27/2023;;;;
17:00 10/27/2023;;;;
18:00 10/27/2023;;3;;
19:00 10/27/2023;;3;;
20:00 10/27/2023;;;;
21:00 10/27/2023;;;;
22:00 10/27/2023;;4;;
23:00 10/27/2023;;;;
00:00 10/28/2023;;;;
01:00 10/28/2023;;;;
02:00 10/28/2023;;;;
03:00 10/28/2023;;;;
04:00 10/28/2023;;;;
05:00 10/28/2023;;;;
06:00 10/28/2023;;;;
07:00 10/28/2023;;;;
08:00 10/28/2023;;;;
09:00 10/28/2023;;;;
10:00 10/28/2023;;;;
11:00 10/28/2023;;;;
12:00 10/28/2023;;;;
13:00 10/28/2023;;;;
14:00 10/28/2023;;;;
15:00 10/28/2023;;;;
16:00 10/28/2023;;;;
17:00 10/28/2023;;;;
18:00 10/28/2023;;;;
19:00 10/28/2023;;;;
20:00 10/28/2023;;;;
21:00 10/28/2023;;;;
22:00 10/28/2023;;;;
23:00 10/28/2023;;;;
00:00 10/29/2023;;;;
01:00 10/29/2023;;;;
02:00 10/29/2023;;;;
03:00 10/29/2023;;;;
04:00 10/29/2023;;;;
05:00 10/29/2023;;;;
06:00 10/29/2023;;;;
07:00 10/29/2023;;;;
08:00 10/29/2023;;;;
09:00 10/29/2023;;;;
10:00 10/29/2023;;;;
11:00 10/29/2023;;;;
12:00 10/29/2023;;;;
13:00 10/29/2023;;;;
14:00 10/29/2023;;1;;
15:00 10/29/2023;;;;
16:00 10/29/2023;;;;
17:00 10/29/2023;;;;
18:00 10/29/2023;;4;;
19:00 10/29/2023;;;;
20:00 10/29/2023;;0;;
21:00 10/29/2023;;0;;
22:00 10/29/2023;;2;;
23:00 10/29/2023;;0;;
00:00 10/30/2023;;1;;
01:00 10/30/2023;;1;;
02:00 10/30/2023;;;;
03:00 10/30/2023;;;;
04:00 10/30/2023;;;;
05:00 10/30/2023;;;;
06:00 10/30/2023;;;;
07:00 10/30/2023;;;;
08:00 10/30/2023;;;;
09:00 10/30/2023;;;;
10:00 10/30/2023;;;50,42;31,21
11:00 10/30/2023;;;49,25;31,97
12:00 10/30/2023;;13;47,22;33,27
13:00 10/30/2023;;11;45,26;33,86
14:00 10/30/2023;;11;54;31,87
15:00 10/30/2023;;27;63,43;29,57
16:00 10/30/2023;;17;68,76;28,25
17:00 10/30/2023;;12;71,04;27,59
18:00 10/30/2023;;12;72,48;26,51
19:00 10/30/2023;;7;74,58;25,95
20:00 10/30/2023;;7;75,8;25,77
21:00 10/30/2023;;9;73,22;26,2
22:00 10/30/2023;;6;72,98;26,28
23:00 10/30/2023;;;74,77;26,19
00:00 10/31/2023;;8;74,94;26,15
01:00 10/31/2023;;5;74,91;26,11
02:00 10/31/2023;;;73;26
03:00 10/31/2023;;;67,84;26,1
04:00 10/31/2023;;;65,13;26,01
05:00 10/31/2023;;0;67,87;25,65
06:00 10/31/2023;;0;69,44;25,46
07:00 10/31/2023;;36;69,31;25,76
08:00 10/31/2023;;;68,1;26,78
09:00 10/31/2023;;0;64,72;28,7
10:00 10/31/2023;;10;64,72;29,58
11:00 10/31/2023;;37;62,05;30,77
12:00 10/31/2023;82;;60,25;30,64
13:00 10/31/2023;99;;65,89;29,11
14:00 10/31/2023;74;18;66,16;29,13
15:00 10/31/2023;49;0;65,58;29,2
16:00 10/31/2023;40;2;66,3;28,7
17:00 10/31/2023;24;9;70,97;27,01
18:00 10/31/2023;20;10;74,4;26,49
19:00 10/31/2023;43;16;75,57;26,27
20:00 10/31/2023;80;28;73,88;26,36
21:00 10/31/2023;69;16;72,21;26,51
22:00 10/31/2023;20;16;70,02;26,74
23:00 10/31/2023;;;69,68;26,88
00:00 11/1/2023;11;6;70,72;26,63
01:00 11/1/2023;12;5;71,58;26,57
02:00 11/1/2023;10;4;71,73;26,66
03:00 11/1/2023;7;4;71,96;26,64
04:00 11/1/2023;9;3;75,96;25,75
05:00 11/1/2023;;6;75,68;25,83
06:00 11/1/2023;9;8;78,76;25,24
07:00 11/1/2023;;;82,58;25,13
08:00 11/1/2023;5;4;78,43;26,04
09:00 11/1/2023;;;77,36;26,42
10:00 11/1/2023;;;72,47;27,52
11:00 11/1/2023;84;32;60,77;29,24
12:00 11/1/2023;48;32;61,12;30,24
13:00 11/1/2023;186;12;59,62;30,43
14:00 11/1/2023;52;11;61,46;29,19
15:00 11/1/2023;48;10;71;26,75
16:00 11/1/2023;29;8;70,01;26,83
17:00 11/1/2023;24;8;72,45;26,97
18:00 11/1/2023;59;10;77,01;26,66
19:00 11/1/2023;71;13;81,05;25,66
20:00 11/1/2023;27;9;80,53;25,69
21:00 11/1/2023;27;9;76,52;25,99
22:00 11/1/2023;30;9;74,62;26,02
23:00 11/1/2023;30;18;76,35;25,65
00:00 11/2/2023;27;15;79,2;25,12
01:00 11/2/2023;16;6;79,4;25
02:00 11/2/2023;13;7;82,21;24,67
03:00 11/2/2023;9;4;85,94;24,17
04:00 11/2/2023;6;1;89,75;23,6
05:00 11/2/2023;11;3;88,3;23,63
06:00 11/2/2023;8;2;84,71;23,67
07:00 11/2/2023;6;3;82,23;24,26
08:00 11/2/2023;12;6;79,68;25,03
09:00 11/2/2023;11;6;75,9;26,11
10:00 11/2/2023;26;7;70,89;26,9
11:00 11/2/2023;26;8;65,13;27,04
12:00 11/2/2023;20;5;65,54;26,51
13:00 11/2/2023;6;4;63,6;26,66
14:00 11/2/2023;4;4;59,89;27,65
15:00 11/2/2023;3;3;67,55;25,76
16:00 11/2/2023;22;5;70,72;25,47
17:00 11/2/2023;10;5;73,35;24,85
18:00 11/2/2023;7;4;76,09;24,6
19:00 11/2/2023;6;2;77,25;24,77
20:00 11/2/2023;12;1;78,73;24,66
21:00 11/2/2023;14;3;80,01;24,46
22:00 11/2/2023;20;6;81,34;24,13
23:00 11/2/2023;12;5;80,15;24,33
00:00 11/3/2023;15;2;78,16;24,79
01:00 11/3/2023;16;2;76,81;25,06
02:00 11/3/2023;10;5;75,93;25
03:00 11/3/2023;13;3;74,87;25,06
04:00 11/3/2023;12;5;75,73;24,77
05:00 11/3/2023;15;6;77,44;24,42
06:00 11/3/2023;16;4;78,74;24,3
07:00 11/3/2023;15;2;75,29;25,25
08:00 11/3/2023;11;2;75,86;25,64
09:00 11/3/2023;22;6;65,29;28,79
10:00 11/3/2023;17;6;58,78;30,47
11:00 11/3/2023;42;6;55,99;31,53
12:00 11/3/2023;83;17;52,9;32,49
13:00 11/3/2023;74;23;66,43;29,77
14:00 11/3/2023;53;17;72,3;28,79
15:00 11/3/2023;49;9;71,13;29,05
16:00 11/3/2023;49;7;74,85;28,31
17:00 11/3/2023;34;5;76,4;27,92
18:00 11/3/2023;23;0;80,26;26,89
19:00 11/3/2023;18;1;82,21;26,34
20:00 11/3/2023;16;4;80,42;26,66
21:00 11/3/2023;20;3;78,11;26,79
22:00 11/3/2023;22;4;75,52;26,98
23:00 11/3/2023;11;3;75,9;26,96
00:00 11/4/2023;16;5;75,43;26,96
01:00 11/4/2023;11;6;76,59;26,68
02:00 11/4/2023;14;4;76,22;26,62
03:00 11/4/2023;17;3;77,45;26,35
04:00 11/4/2023;17;3;77,9;26,31
05:00 11/4/2023;17;4;79,67;25,9
06:00 11/4/2023;15;3;78,51;26,39
07:00 11/4/2023;17;3;75;27,48
08:00 11/4/2023;19;7;74,67;27,67
09:00 11/4/2023;25;8;73,89;28,29
10:00 11/4/2023;19;11;66,72;30,74
11:00 11/4/2023;96;25;58,61;33,23
12:00 11/4/2023;78;;61,96;32,52
13:00 11/4/2023;66;;60,36;33,07
14:00 11/4/2023;112;23;65,97;31,32
15:00 11/4/2023;86;;70,9;30
16:00 11/4/2023;;;;
17:00 11/4/2023;;;;
18:00 11/4/2023;;;;
19:00 11/4/2023;;;;
20:00 11/4/2023;;;;
21:00 11/4/2023;;;;
22:00 11/4/2023;;;;
23:00 11/4/2023;;;;
00:00 11/5/2023;;;;
01:00 11/5/2023;;;;
02:00 11/5/2023;;;;
03:00 11/5/2023;;;;
04:00 11/5/2023;;;;
05:00 11/5/2023;;;;
06:00 11/5/2023;;;;
07:00 11/5/2023;;;;
08:00 11/5/2023;;;;
09:00 11/5/2023;;;;
10:00 11/5/2023;;;;
11:00 11/5/2023;;;;
12:00 11/5/2023;;;;
13:00 11/5/2023;;;;
14:00 11/5/2023;;;;
15:00 11/5/2023;;;;
16:00 11/5/2023;;;;
17:00 11/5/2023;;;;
18:00 11/5/2023;;;;
19:00 11/5/2023;;;;
20:00 11/5/2023;;;;
21:00 11/5/2023;;;;
22:00 11/5/2023;;;;
23:00 11/5/2023;;;;
00:00 11/6/2023;;;;
01:00 11/6/2023;;;;
02:00 11/6/2023;;;;
03:00 11/6/2023;;;;
04:00 11/6/2023;;;;
05:00 11/6/2023;;;;
06:00 11/6/2023;;;;
07:00 11/6/2023;;;;
08:00 11/6/2023;27;6;64,77;23,83
09:00 11/6/2023;25;3;56,49;24,85
10:00 11/6/2023;27;1;;
11:00 11/6/2023;26;5;;
12:00 11/6/2023;;;;
13:00 11/6/2023;26;;;
14:00 11/6/2023;;;;
15:00 11/6/2023;24;5;;
16:00 11/6/2023;24;;;
17:00 11/6/2023;28;5;;
18:00 11/6/2023;;;;
19:00 11/6/2023;;;;
20:00 11/6/2023;39;7;;
21:00 11/6/2023;27;5;;
22:00 11/6/2023;25;4;;
23:00 11/6/2023;25;6;;
00:00 11/7/2023;26;4;;
01:00 11/7/2023;22;4;;
02:00 11/7/2023;16;8;;
03:00 11/7/2023;22;8;;
04:00 11/7/2023;26;6;;
05:00 11/7/2023;21;6;;
06:00 11/7/2023;22;4;;
07:00 11/7/2023;20;2;;
08:00 11/7/2023;23;5;;
09:00 11/7/2023;;;;
10:00 11/7/2023;26;8;;
11:00 11/7/2023;18;5;;
12:00 11/7/2023;23;6;;
13:00 11/7/2023;22;7;;
14:00 11/7/2023;17;4;;
15:00 11/7/2023;16;1;;
16:00 11/7/2023;15;3;;
17:00 11/7/2023;16;2;;
18:00 11/7/2023;17;3;;
19:00 11/7/2023;11;4;;
20:00 11/7/2023;14;3;;
21:00 11/7/2023;19;6;;
22:00 11/7/2023;24;8;;
23:00 11/7/2023;27;15;;
00:00 11/8/2023;17;2;;
01:00 11/8/2023;21;7;;
02:00 11/8/2023;14;9;;
03:00 11/8/2023;29;8;;
04:00 11/8/2023;25;11;;
05:00 11/8/2023;23;9;;
06:00 11/8/2023;22;6;;
07:00 11/8/2023;13;5;;
08:00 11/8/2023;15;3;;
09:00 11/8/2023;11;2;;
10:00 11/8/2023;9;2;;
11:00 11/8/2023;10;3;52,2;26,61
12:00 11/8/2023;13;2;54,2;26,73
13:00 11/8/2023;19;;52,39;27,36
14:00 11/8/2023;19;;55,4;27,17
15:00 11/8/2023;7;1;58,3;26,93
16:00 11/8/2023;10;0;59,38;26,69
17:00 11/8/2023;6;1;60,51;26,39
18:00 11/8/2023;11;2;63,39;25,23
19:00 11/8/2023;11;2;65,17;24,64
20:00 11/8/2023;9;5;66,27;24,59
21:00 11/8/2023;9;5;65,02;24,49
22:00 11/8/2023;19;2;65,51;24,49
23:00 11/8/2023;24;4;67,73;23,8
00:00 11/9/2023;15;5;68,74;23,28
01:00 11/9/2023;10;1;69,71;22,96
02:00 11/9/2023;11;;70,4;22,91
03:00 11/9/2023;7;;71,43;22,68
04:00 11/9/2023;6;5;72,29;22,46
05:00 11/9/2023;8;;73,28;22,19
06:00 11/9/2023;7;;72,67;22,52
07:00 11/9/2023;7;2;67,42;24,33
08:00 11/9/2023;11;6;60,97;26,29
09:00 11/9/2023;;;;
10:00 11/9/2023;15;;44,12;29,98
11:00 11/9/2023;;;;
12:00 11/9/2023;17;6;53,06;29,1
13:00 11/9/2023;48;;60,23;27,64
14:00 11/9/2023;31;5;61,08;27,86
15:00 11/9/2023;26;;59,75;28
16:00 11/9/2023;28;;61,52;27,56
17:00 11/9/2023;34;4;58,69;27,16
18:00 11/9/2023;24;3;60,51;26,28
19:00 11/9/2023;18;;64,25;25,72
20:00 11/9/2023;19;;66,85;25,52
21:00 11/9/2023;33;19;65,57;25,4
22:00 11/9/2023;;;65,17;25,34
23:00 11/9/2023;15;10;63,24;25,37
00:00 11/10/2023;23;12;66,52;24,79
;;;;
