Data/Hora;MP10 PMS7003;Temperatura;Umidade;MP10 TEOM;MP10 PMS7003 CAL
2021-11-11 13:00:00;1,1271186440677967;27,10084745762712;56,53050847457627;7,779220166666667;8,485811166666666
2021-11-11 14:00:00;1,3839285714285714;27,18035714285714;55,010714285714286;9,192402166666666;17,03118025
2021-11-11 15:00:00;1,3859649122807018;27,75263157894737;54,10964912280702;17,972015666666667;15,751562666666668
2021-11-11 16:00:00;1,4695652173913043;27,529565217391305;53,92521739130434;13,531109666666667;15,751562666666668
2021-11-11 17:00:00;3,2181818181818183;26,884545454545457;62,35636363636363;23,194871666666664;15,876469725225224
2021-11-11 18:00:00;5,5508474576271185;26,784745762711864;64,51525423728813;19,701000500000003;25,814758583333337
2021-11-11 19:00:00;4,82051282051282;26,55897435897436;64,85897435897436;22,365174333333336;21,033087416666667
2021-11-11 20:00:00;4,9576271186440675;26,42966101694915;66,94237288135594;43,250438333333335;26,117595113095238
2021-11-11 21:00:00;6,0423728813559325;26,28135593220339;64,66694915254237;31,928516666666667;25,814758583333337
2021-11-11 22:00:00;6,737288135593221;25,783898305084747;61,847457627118644;17,708793333333332;11,75477
2021-11-11 23:00:00;6,5;25,00593220338983;64,44152542372882;17,222082833333335;13,893456
2021-11-12 00:00:00;6,914529914529915;24,65811965811966;64,92564102564103;10,564829166666668;9,010465583333334
2021-11-12 01:00:00;7,186440677966102;24,54830508474576;63,97542372881356;8,134220000000001;6,812789271186441
2021-11-12 02:00:00;6,8558558558558556;24,068468468468467;64,7927927927928;7,456102;9,010465583333334
2021-11-12 03:00:00;6,008849557522124;23,565486725663717;64,19026548672566;6,035153083333333;5,683369266666666
2021-11-12 04:00:00;5,982905982905983;23,100854700854704;64,33589743589744;5,33158545;5,683369266666666
2021-11-12 05:00:00;6,0508474576271185;22,53220338983051;66,08220338983051;9,3241405;11,474394916666668
2021-11-12 06:00:00;5,694915254237288;22,327966101694912;66,16949152542372;13,624649333333334;11,474394916666668
2021-11-12 07:00:00;5,805084745762712;22,4364406779661;64,7322033898305;12,483731333333331;8,907658391666665
2021-11-12 08:00:00;4,415929203539823;22,881415929203538;64,10973451327433;16,153370833333334;16,002999583333334
2021-11-12 09:00:00;2,4661016949152543;23,508474576271187;61,94661016949152;13,715964333333334;13,9956945
2021-11-12 10:00:00;2,483050847457627;24,466101694915253;59,62118644067797;14,163199833333334;9,610176907407407
2021-11-12 11:00:00;2,536363636363636;25,294545454545457;57,81181818181818;14,384286666666666;19,72799
2021-11-12 12:00:00;2,8317757009345796;26,263551401869158;57,07943925233645;15,676303333333331;14,91101775
2021-11-12 13:00:00;2,3333333333333335;26,904273504273505;55,9982905982906;13,376436666666669;9,135904142424243
2021-11-12 14:00:00;3,1132075471698113;27,395283018867925;53,616037735849055;9,839974333333334;16,364494666666666
2021-11-12 15:00:00;2,5625;27,758035714285715;52,85267857142857;14,220418333333331;16,298796666666668
2021-11-12 16:00:00;2,4444444444444446;27,918803418803417;53,11709401709402;18,377175;16,298796666666668
2021-11-12 17:00:00;2,7966101694915255;28,12627118644068;51,97796610169491;15,296095;10,762468397435896
2021-11-12 18:00:00;2,788135593220339;28,09576271186441;51,38813559322034;20,215885;17,75599
2021-11-12 19:00:00;2,8813559322033897;27,80762711864407;53,23898305084746;22,889015;20,633095
2021-11-12 20:00:00;3,4915254237288136;27,322033898305083;55,26271186440678;24,49249166666667;23,007783333333336
2021-11-12 21:00:00;3,2051282051282053;27,017094017094017;55,05811965811966;21,523075;23,007783333333336
2021-11-12 22:00:00;2,2966101694915255;26,596610169491527;53,059322033898304;14,623843666666666;15,740232666666666
2021-11-12 23:00:00;2,3220338983050848;25,961016949152544;52,83050847457627;13,7870745;14,205459083333333
2021-11-13 00:00:00;2,23728813559322;25,416949152542372;53,48050847457627;12,263480666666668;16,349571166666667
2021-11-13 01:00:00;2,7033898305084745;25,033898305084747;53,500847457627124;11,650307;11,956893833333334
2021-11-13 02:00:00;2,593220338983051;24,394915254237286;55,44661016949152;15,528626666666666;21,156561666666665
2021-11-13 03:00:00;2,58974358974359;23,496581196581197;57,87008547008547;16,76228;24,401873333333334
2021-11-13 04:00:00;4,522123893805309;22,86991150442478;60,39823008849557;16,75237333333333;14,910142749999999
2021-11-13 05:00:00;5,478632478632479;22,208547008547008;62,823076923076925;17,00418;15,3676125
2021-11-13 06:00:00;4,889830508474576;21,68050847457627;64,42542372881356;15,852628333333334;14,791836666666667
2021-11-13 07:00:00;5,593220338983051;21,372881355932204;63,72966101694916;13,731045;14,791836666666667
2021-11-13 08:00:00;5,330508474576271;21,777118644067794;61,266949152542374;13,946685833333332;15,475432916666666
2021-11-13 09:00:00;4,9576271186440675;22,392372881355932;59,33898305084746;11,959035333333333;14,355704333333332
2021-11-13 10:00:00;5,076923076923077;23,234188034188033;55,85641025641026;12,125733333333333;7,801796764880953
2021-11-13 11:00:00;5,296610169491525;24,07033898305085;52,69152542372882;15,719001666666664;11,617867886904762
2021-11-13 12:00:00;5,567796610169491;25,087288135593223;50,14576271186441;15,665723666666668;10,44223466025641
2021-11-13 13:00:00;5,483050847457627;25,80762711864407;48,18559322033898;12,927424;17,552577
2021-11-13 14:00:00;5,1440677966101696;26,294067796610168;46,82203389830509;29,275345166666668;24,690392583333335
2021-11-13 15:00:00;5,085470085470085;26,534188034188034;46,41111111111111;13,702208333333337;21,488776750000003
2021-11-13 16:00:00;4,398305084745763;26,516949152542374;46,682203389830505;15,774465;18,498035
2021-11-13 17:00:00;3,8220338983050848;26,50762711864407;46,27881355932204;16,027211666666666;18,624408333333335
2021-11-13 18:00:00;5,043103448275862;26,321551724137933;46,9448275862069;20,10544;24,690392583333335
2021-11-13 19:00:00;4,3247863247863245;25,817948717948717;48,27350427350427;22,17773;17,552577
2021-11-13 20:00:00;4,512820512820513;25,24615384615385;49,702564102564104;25,802935;31,054034166666668
2021-11-13 21:00:00;4,262711864406779;24,60847457627119;51,62542372881356;29,013275;20,628331250000002
2021-11-13 22:00:00;4,735042735042735;24,429914529914527;50,06410256410256;19,00741333333333;27,65627333333333
2021-11-13 23:00:00;3,940677966101695;24,25423728813559;49,28305084745762;14,967816833333334;21,945295916666666
2021-11-14 00:00:00;4,762711864406779;23,66864406779661;49,77372881355932;14,568245;14,808544583333333
2021-11-14 01:00:00;4,237288135593221;23,31016949152542;50,06864406779661;12,320679;13,444462
2021-11-14 02:00:00;5,245762711864407;22,790677966101697;51,1406779661017;11,824664833333332;13,547460749999999
2021-11-14 03:00:00;4,145299145299146;22,362393162393165;52,335042735042734;13,329781666666666;13,00849475
2021-11-14 04:00:00;4,711864406779661;21,870338983050846;53,73389830508475;12,4430995;12,565153666666667
2021-11-14 05:00:00;4,627118644067797;21,264406779661016;55,80084745762712;11,485588666666668;11,801195583333335
2021-11-14 06:00:00;3,711864406779661;21,127966101694913;56,244915254237284;9,645527833333334;10,565558250000002
2021-11-14 07:00:00;4,161016949152542;21,46440677966102;55,409322033898306;12,1168025;11,801195583333335
2021-11-14 08:00:00;4,6752136752136755;22,188888888888886;53,18376068376068;12,687207833333334;12,565153666666667
2021-11-14 09:00:00;4,483050847457627;23,0135593220339;51,244915254237284;15,270256666666668;13,547460749999999
2021-11-14 10:00:00;4,703389830508475;23,867796610169492;49,52542372881356;15,048844166666669;14,808544583333333
2021-11-14 11:00:00;4,754237288135593;24,494915254237288;48,597457627118644;18,36142333333333;25,043152499999998
2021-11-14 12:00:00;3,948717948717949;25,523931623931624;47,312820512820515;18,152303333333336;19,686954166666666
2021-11-14 13:00:00;4,110169491525424;26,664406779661018;44,76949152542373;17,155796666666667;20,007620833333334
2021-11-14 14:00:00;4,0;27,241525423728813;42,39915254237288;12,794397833333331;18,220549038617886
2021-11-14 15:00:00;3,2844036697247705;27,553211009174312;40,674311926605505;10,848662333333332;15,140684
2021-11-14 16:00:00;0,7966101694915254;27,84830508474576;39,21440677966102;12,432502;14,556862666666666
2021-11-14 17:00:00;1,5338983050847457;27,91949152542373;39,25423728813559;16,68122333333333;17,769705833333333
2021-11-14 18:00:00;1,5363636363636364;27,848181818181814;39,70545454545455;18,85818833333333;17,769705833333333
2021-11-14 19:00:00;1,2881355932203389;27,43135593220339;42,93983050847457;32,32107;21,05770818
2021-11-14 20:00:00;1,4406779661016949;26,916949152542372;46,80423728813559;32,247476666666664;20,920072520833333
2021-11-14 21:00:00;0,9152542372881356;26,34406779661017;49,50932203389831;36,84912333333333;28,300739999999998
2021-11-14 22:00:00;1,11864406779661;26,114406779661017;48,71610169491525;34,38106333333334;27,06671
2021-11-14 23:00:00;0,905982905982906;26,08974358974359;47,514529914529916;19,22204;26,80155166666667
2021-11-15 00:00:00;1,0338983050847457;25,90762711864407;49,15677966101695;19,752356666666667;27,06671
2021-11-15 01:00:00;1,853211009174312;25,40550458715596;50,52844036697248;15,747976833333333;15,112123314102565
2021-11-15 02:00:00;3,6666666666666665;25,35726495726496;48,52307692307692;12,100536666666668;17,139133333333334
2021-11-15 03:00:00;2,288135593220339;25,144915254237286;49,816101694915254;16,129236666666667;15,558211750000002
2021-11-15 04:00:00;2,6576576576576576;24,81801801801802;50,741441441441445;17,501520000000003;15,768214416666668
2021-11-15 05:00:00;2,792452830188679;24,347169811320757;52,83679245283019;19,74310833333333;15,696707666666665
2021-11-15 06:00:00;1,9478260869565218;24,04;54,379999999999995;20,63726833333333;18,0829475
2021-11-15 07:00:00;2,4615384615384617;24,311965811965813;56,35470085470085;26,784496666666666;21,5648475
2021-11-15 08:00:00;2,9152542372881354;24,72457627118644;56,715254237288136;28,557461666666665;20,472345833333332
2021-11-15 09:00:00;2,1538461538461537;25,271794871794874;55,3017094017094;33,22513;32,424005
2021-11-15 10:00:00;2,7203389830508473;26,01016949152542;55,18474576271186;40,23908;35,93098
2021-11-15 11:00:00;1,4102564102564104;27,074358974358972;51,96837606837607;28,75568;29,646665833333333
2021-11-15 12:00:00;2,6440677966101696;27,983898305084747;50,246610169491525;29,760046666666664;16,322903194444443
2021-11-15 13:00:00;1,9067796610169492;28,652542372881356;48,344067796610176;29,432775;20,82780287735849
2021-11-15 14:00:00;1,5847457627118644;29,055084745762713;46,664406779661014;13,603319166666669;12,012848972222223
2021-11-15 23:00:00;1,9830508474576272;27,49237288135593;53,633050847457625;26,505389189189188;22,20217042792793
2021-11-16 00:00:00;2,6666666666666665;27,167521367521367;54,80427350427351;19,002871666666667;20,262973333333335
2021-11-16 01:00:00;1,9576271186440677;26,981355932203392;53,69152542372882;17,89895166666667;22,20217042792793
2021-11-16 02:00:00;1,9322033898305084;26,52457627118644;54,898305084745765;24,869958333333333;28,246419166666666
2021-11-16 03:00:00;1,9322033898305084;26,59830508474576;53,094067796610176;16,856621666666666;15,740232666666666
2021-11-16 04:00:00;2,1016949152542375;26,2364406779661;53,41949152542373;17,864469999999997;17,360545833333333
2021-11-16 05:00:00;2,41025641025641;25,847863247863245;53,67264957264957;20,435661666666665;22,74758166666666
2021-11-16 06:00:00;2,669491525423729;25,853389830508473;53,97627118644068;25,059501666666662;22,74758166666666
2021-11-16 07:00:00;2,1517857142857144;26,07857142857143;54,800000000000004;31,62288;28,246419166666666
2021-11-16 08:00:00;2,3389830508474576;26,497457627118642;54,27627118644068;29,937311666666663;27,403634999999998
2021-11-16 09:00:00;1,7521367521367521;27,100854700854704;52,5991452991453;30,537651666666665;29,646665833333333
2021-11-16 10:00:00;2,0847457627118646;27,94237288135593;50,19406779661016;30,003588333333333;16,44467402777778
2021-11-16 11:00:00;1,88135593220339;28,981355932203392;45,398305084745765;21,19167333333333;17,39749625
2021-11-17 00:00:00;5,188034188034188;28,058119658119658;60,306837606837604;23,30201428571429;32,93567839285714
2021-11-17 01:00:00;6,084745762711864;27,551694915254238;63,53983050847457;30,122316666666663;30,040570833333334
2021-11-17 02:00:00;6,508474576271187;27,452542372881357;63,932203389830505;29,958825;30,040570833333334
2021-11-17 03:00:00;6,127118644067797;27,42457627118644;62,005932203389825;27,659117339622643;28,89071700314465
2021-11-17 04:00:00;6,684210526315789;27,530701754385966;54,358771929824556;7,5189586764705885;26,04404267156863
2021-11-17 05:00:00;7,322033898305085;27,416949152542372;53,24576271186441;20,13089;24,051967500000003
2021-11-17 06:00:00;7,478632478632479;27,48034188034188;52,8025641025641;27,973045000000003;24,051967500000003
2021-11-17 07:00:00;6,805084745762712;27,65593220338983;53,917796610169496;44,56912666666667;26,04404267156863
2021-11-17 08:00:00;6,543103448275862;27,879310344827587;52,94051724137931;23,6012793220339;35,212466446731234
2021-11-17 09:00:00;8,161016949152541;28,36271186440678;49,52542372881356;27,74106833333333;29,51656225
2021-11-17 10:00:00;8,008849557522124;28,983185840707964;48,223893805309736;31,292056166666665;29,51656225
2021-11-17 17:00:00;7,7272727272727275;28,571153846153848;67,64326923076922;11,6057090625;16,80192228125
2021-11-18 00:00:00;6,012820512820513;26,55742574257426;73,42079207920793;11,3941265;16,525044916666666
2021-11-18 01:00:00;5,384615384615385;26,01025641025641;74,88461538461539;8,419537075;8,853841190042374
2021-11-18 02:00:00;5,211864406779661;25,221186440677965;77,42796610169492;16,021672666666667;20,656206050314466
2021-11-18 03:00:00;5,203389830508475;24,56016949152542;80,1;10,5555055;12,643021193396226
2021-11-18 04:00:00;6,026086956521739;24,08869565217391;82,45217391304348;14,805844333333331;19,040443
2021-11-18 05:00:00;4,5625;24,087500000000002;83,28229166666667;18,81082333333333;16,808333833333332
2021-11-18 06:00:00;5,858585858585859;24,80808080808081;81,57373737373737;23,275041666666667;19,040443
2021-11-18 07:00:00;11,711864406779661;25,509322033898304;79,18559322033899;21,405338333333336;20,599131333333332
2021-11-18 08:00:00;10,279661016949152;25,620338983050846;78,98728813559322;23,17504166666667;22,290190000000003
2021-11-18 09:00:00;11,833333333333334;25,963157894736845;78,11666666666666;19,79292433333333;20,599131333333332
2021-11-18 10:00:00;12,846153846153847;26,377777777777776;74,5863247863248;6,874352954545454;17,872247643939392
2021-11-18 11:00:00;11,760683760683762;26,9982905982906;73,93760683760685;28,87014233333333;17,872247643939392
2021-11-18 12:00:00;13,504273504273504;27,204273504273505;75,6897435897436;50,2732286904762;28,57379082251083
2021-11-18 19:00:00;12,982905982905983;26,20940170940171;68,17863247863248;6,5044451481481484;7,833457824074074
2021-11-18 20:00:00;13,694915254237289;25,95;69,85169491525424;9,1624705;7,8541159711538455
2021-11-18 21:00:00;13,598214285714286;25,564285714285713;70,45446428571428;6,545761442307692;7,8541159711538455
2021-11-18 22:00:00;8,970588235294118;24,59313725490196;71,32058823529411;6,305556;7,38299581372549
2021-11-18 23:00:00;3,7358490566037736;24,934905660377357;72,02358490566037;4,666696;11,463797
2021-11-19 00:00:00;2,9444444444444446;24,930555555555557;72,46203703703704;4,643302890909091;7,417057112121212
2021-11-19 01:00:00;3,2735042735042734;24,676068376068375;72,84017094017094;4,202604698113207;4,99453726572327
2021-11-19 02:00:00;4,237288135593221;24,540677966101697;72,8406779661017;4,087892903846154;3,2799405494840523
2021-11-19 03:00:00;3,7033898305084745;24,35423728813559;72,54322033898305;2,471988195121951;5,2887862047038325
2021-11-19 04:00:00;2,9491525423728815;24,13305084745763;72,82796610169493;5,786469833333333;7,988640583333333
2021-11-19 05:00:00;3,5128205128205128;23,9008547008547;73,5111111111111;8,854347333333333;10,478680916666667
2021-11-19 06:00:00;3,7542372881355934;23,98728813559322;73,18050847457627;12,1030145;10,478680916666667
2021-11-19 07:00:00;2,8813559322033897;24,403389830508473;72,42033898305085;10,190811333333333;10,747361148148148
2021-11-19 08:00:00;3,7796610169491527;24,740677966101696;72,23983050847457;18,260898;11,463797
2021-11-19 09:00:00;3,1271186440677967;25,48220338983051;70,82796610169493;15,028004666666668;13,183137666666667
2021-11-19 10:00:00;3,0695652173913044;25,923478260869565;69,35652173913043;11,338270666666666;12,281393529761903
2021-11-19 11:00:00;4,161904761904762;26,231428571428573;68,79238095238095;13,224516392857142;12,281393529761903
2021-11-19 12:00:00;6,034188034188034;26,61880341880342;66,9136752136752;8,984751892857142;26,117595113095238
2021-11-19 16:00:00;4,911504424778761;27,622123893805313;55,02920353982301;10,022911016949154;7,92907176680791
2021-11-19 17:00:00;4,927272727272728;27,646363636363635;54,11727272727273;5,835232516666666;7,92907176680791
2021-11-19 18:00:00;4,628318584070796;27,406194690265487;52,34778761061947;7,450679075471698;29,338757871069184
2021-11-19 19:00:00;4,466101694915254;26,764406779661016;54,205932203389835;16,773575;11,304403758333333
2021-11-19 20:00:00;5,364406779661017;26,082203389830507;56,09915254237288;15,572458333333334;37,18163666666667
2021-11-19 21:00:00;4,598290598290598;25,712820512820514;57,68290598290598;17,75865333333333;21,41820166666667
2021-11-19 22:00:00;3,9915254237288136;25,28813559322034;58,110169491525426;14,687551666666668;16,2231025
2021-11-19 23:00:00;4,333333333333333;24,659829059829057;59,557264957264955;17,53509;15,934495
2021-11-20 00:00:00;4,3559322033898304;24,111016949152543;60,264406779661016;11,8826125;13,10825625
2021-11-20 01:00:00;4,487179487179487;23,931623931623932;59,394017094017094;14,3339;18,776895833333334
2021-11-20 02:00:00;4,093220338983051;23,930508474576268;59,46610169491525;23,21989166666667;17,847077416666668
2021-11-20 03:00:00;4,0423728813559325;23,789830508474576;59,383050847457625;12,474263166666669;17,847077416666668
2021-11-20 04:00:00;4,52542372881356;23,607627118644068;58,80593220338984;7,264769677966102;10,79933483898305
2021-11-20 05:00:00;4,796610169491525;23,334745762711865;60,353389830508476;13,067912166666668;14,910142749999999
2021-11-20 06:00:00;5,17948717948718;23,484615384615385;63,34957264957264;24,725821666666665;15,380487375
2021-11-20 07:00:00;4,5423728813559325;23,945762711864408;67,26949152542373;32,916288333333334;38,08336333333334
2021-11-20 08:00:00;4,533898305084746;24,26779661016949;70,28389830508475;33,941118333333335;30,473945416666666
2021-11-20 09:00:00;4,338983050847458;24,843220338983052;70,4;27,0067725;30,473945416666666
2021-11-20 10:00:00;7,415929203539823;25,38230088495575;69,06725663716814;22,03684;22,01748775
2021-11-20 11:00:00;7,288135593220339;25,922881355932205;68,00338983050847;21,9981355;22,01748775
2021-11-20 12:00:00;7,830508474576271;26,611016949152543;64,72796610169492;16,342551052631578;24,135533859649122
2021-11-20 16:00:00;1,9134615384615385;28,851923076923075;48,103846153846156;12,22283075471698;20,82780287735849
2021-11-20 17:00:00;2,1333333333333333;28,961904761904762;47,64666666666666;10,422378777777778;11,32260476624738
2021-11-20 18:00:00;1,9576271186440677;28,91779661016949;48,76271186440678;15,995754833333333;22,714264916666664
2021-11-20 19:00:00;2,4152542372881354;28,438135593220338;51,59322033898305;20,22728;13,228060897435897
2021-11-20 20:00:00;2,675213675213675;27,905982905982906;56,513675213675214;38,803610000000006;25,408891844444447
2021-11-20 21:00:00;2,4745762711864407;27,526271186440677;59,835593220338986;33,47425666666667;31,32048916666667
2021-11-20 22:00:00;1,6016949152542372;27,31271186440678;60,22118644067797;29,166721666666668;26,03360072916667
2021-11-20 23:00:00;1,9152542372881356;27,05;57,93050847457627;8,146187918918919;9,955923299082102
2021-11-21 00:00:00;2,0677966101694913;26,828813559322036;55,53305084745762;4,895371618181818;9,135904142424243
2021-11-21 01:00:00;2,4957264957264957;26,467521367521368;56,729914529914524;14,145732166666669;14,91101775
2021-11-21 02:00:00;2,0854700854700856;26,231623931623933;57,19145299145299;7,501174733333333;11,588739033333333
2021-11-21 03:00:00;1,829059829059829;25,965811965811966;57,58376068376069;11,372534666666668;9,436854700000001
2021-11-21 04:00:00;2,440677966101695;25,45762711864407;59,18305084745763;12,184972833333337;8,621063407407409
2021-11-21 05:00:00;2,4915254237288136;24,897457627118644;60,81949152542373;13,664353166666666;11,477659083333332
2021-11-21 06:00:00;2,6864406779661016;24,596610169491527;62,04491525423729;14,275424666666668;15,132166500000002
2021-11-21 07:00:00;2,4188034188034186;24,586324786324784;63,009401709401715;19,091891666666665;16,683658166666667
2021-11-21 08:00:00;2,711864406779661;24,920338983050847;63,7677966101695;22,265385;20,678638333333332
2021-11-21 09:00:00;2,0;25,552542372881355;63,15084745762712;21,416093333333333;20,2539925
2021-11-21 10:00:00;2,128440366972477;26,257798165137615;60,47889908256881;16,679103433333335;19,789791612500004
2021-11-21 11:00:00;2,6435643564356437;26,88118811881188;57,497029702970295;11,765658679245284;13,720981006289307
2021-11-21 12:00:00;2,4732142857142856;27,791071428571428;54,95357142857143;8,835879346153847;13,919375506410258
2021-11-21 13:00:00;3,2542372881355934;28,551694915254238;52,144067796610166;14,960047;10,594444397435897
2021-11-21 14:00:00;1,8898305084745763;28,888983050847457;49,8271186440678;8,243078772727273;12,119416803030303
2021-11-21 15:00:00;2,847457627118644;29,354237288135593;48,81101694915254;18,06145203448276;17,028603433908046
2021-11-21 22:00:00;2,864406779661017;28,283050847457627;51,860169491525426;6,228841794871794;10,762468397435896
2021-11-21 23:00:00;2,0789473684210527;27,957894736842103;50,217543859649126;2,885759722222222;16,44467402777778
2021-11-22 02:00:00;3,4322033898305087;27,326271186440678;49,36864406779661;15,43891;22,59947833333333
2021-11-22 03:00:00;2,641025641025641;26,834188034188035;51,54529914529915;14,773768833333332;17,494826916666668
2021-11-22 04:00:00;2,8983050847457625;25,70423728813559;54,255932203389825;17,757593999999997;21,40854783333333
2021-11-22 05:00:00;3,135593220338983;25,396610169491527;57,04491525423729;25,07169333333333;20,37399833333333
2021-11-22 06:00:00;4,324561403508772;25,786842105263155;57,234210526315785;25,07775;21,41820166666667
2021-11-22 07:00:00;5,230769230769231;25,40854700854701;57,728205128205126;15,461801610169491;16,61022747175141
2021-11-22 08:00:00;5,396551724137931;25,88189655172414;53,540517241379305;15,172602071428573;14,96275011904762
2021-11-22 09:00:00;5,983050847457627;26,77542372881356;50,45762711864407;20,30823067307692;19,315887753205125
2021-11-22 10:00:00;4,863247863247863;27,597435897435897;44,452991452991455;11,327262529411763;12,159083493872547
2021-11-22 11:00:00;5,067796610169491;28,501694915254237;43,11864406779661;19,145043892857142;14,43686074054622
2021-11-22 12:00:00;6,076271186440678;29,133050847457625;42,12881355932203;12,2308285;15,280070649999999
2021-11-23 00:00:00;6,661016949152542;28,685593220338983;37,71694915254238;51,31181176470588;48,41783179901961
2021-11-23 01:00:00;6,508474576271187;28,374576271186438;37,24152542372882;45,52385183333333;48,41783179901961
2021-11-23 02:00:00;7,1440677966101696;28,10847457627119;35,70169491525424;8,92487875;9,928619532407406
2021-11-23 03:00:00;8,324786324786325;27,95641025641026;35,14957264957265;10,932360314814812;9,928619532407406
2021-11-23 04:00:00;7,262711864406779;27,843220338983052;37,366949152542375;15,749642333333332;17,04244033333333
2021-11-23 05:00:00;7,356521739130435;27,615652173913045;38,26869565217391;18,335238333333333;17,04244033333333
2021-11-23 06:00:00;6,615384615384615;27,646153846153844;41,92115384615385;34,040925;26,1851189
2021-11-23 07:00:00;6,779661016949152;28,14915254237288;43,21101694915254;43,39657;28,898609013513514
2021-11-23 08:00:00;5,8474576271186445;28,966101694915253;46,21779661016949;69,73688166666668;40,21528251041667
2021-11-24 01:00:00;6,110169491525424;28,8635593220339;50,32627118644068;21,47111219512195;40,41038609756097
2021-11-24 02:00:00;4,838983050847458;28,722881355932206;48,766949152542374;14,240818833333332;23,384328583333335
2021-11-24 03:00:00;5,717948717948718;28,48119658119658;48,534188034188034;32,527838333333335;45,93874916666667
2021-11-24 04:00:00;6,1525423728813555;28,12372881355932;48,85;59,34966;41,39354383333333
2021-11-24 05:00:00;6,211864406779661;27,95593220338983;49,06949152542373;23,437427666666668;41,39354383333333
2021-11-24 06:00:00;6,282051282051282;28,311111111111114;44,01794871794872;19,45606533333333;16,22348489583333
2021-11-24 07:00:00;4,423728813559322;28,816101694915258;44,338135593220336;33,774305;36,57424333333333
2021-11-25 07:00:00;6,405172413793103;27,8801724137931;52,49224137931035;46,82365357142857;35,212466446731234
2021-11-25 08:00:00;6,087719298245614;28,243859649122808;54,01754385964912;66,227865;38,09109304545454
2021-11-25 09:00:00;6,661016949152542;28,981355932203392;53,40847457627118;51,942771666666665;37,77202549435028
2021-11-25 19:00:00;5,737288135593221;28,884745762711866;65,10847457627119;70,07957499999999;44,89028775
2021-11-26 00:00:00;0,5677966101694916;25,552542372881355;73,5635593220339;19,008899574468085;38,974546370567374
2021-11-26 01:00:00;0,8899082568807339;24,585321100917433;78,39357798165138;17,62776731707317;14,388291316869918
2021-11-26 02:00:00;2,8333333333333335;24,58235294117647;80,08627450980393;11,148815316666663;10,852160408333333
2021-11-26 03:00:00;5,8559322033898304;24,892372881355932;79,72033898305085;14,730536886792452;12,643021193396226
2021-11-26 04:00:00;5,889830508474576;25,895762711864407;75,3;9,288145305084749;15,47205431920904
2021-11-26 05:00:00;6,145299145299146;26,005982905982904;75,33504273504275;21,65596333333333;15,47205431920904
2021-11-26 06:00:00;5,838983050847458;26,064406779661017;75,92711864406779;18,01608879310345;21,653414113532857
2021-11-26 07:00:00;5,915254237288136;26,210169491525424;76,31610169491525;25,290739433962266;21,653414113532857
2021-11-26 16:00:00;6,008474576271187;28,593220338983052;54,65847457627118;24,09875071875;17,026535904829544
2021-11-26 17:00:00;6,0423728813559325;28,433898305084742;54,58305084745763;9,95432109090909;17,026535904829544
2021-11-26 18:00:00;7,338983050847458;27,927118644067797;56,228813559322035;12,091640666666668;10,58015675
2021-11-26 19:00:00;7,094017094017094;27,382905982905985;56,360683760683756;9,068672833333332;10,58015675
2021-11-26 20:00:00;6,38135593220339;26,610169491525422;59,57118644067796;17,74308581395349;20,542317406976743
2021-11-26 23:00:00;6,880341880341881;24,807692307692307;61,12820512820513;5,800746666666667;11,75477
2021-11-27 00:00:00;6,669491525423729;24,39152542372881;62,65677966101695;7,891912;8,013066
2021-11-27 01:00:00;6,983050847457627;23,95762711864407;63,99152542372882;5,491358542372882;6,812789271186441
2021-11-27 02:00:00;9,5;23,64830508474576;64,69152542372882;5,972735666666667;13,569950043859649
2021-11-27 03:00:00;8,717948717948717;23,294017094017097;65,36153846153846;7,798283363636364;14,482723892344499
2021-11-27 04:00:00;8,898305084745763;22,765254237288136;66,77203389830508;3,805106851851852;5,801695107744108
2021-11-27 05:00:00;10,694915254237289;22,585593220338982;66,44915254237289;3,7477510545454544;3,7764289531986535
2021-11-27 06:00:00;9,830508474576272;22,93050847457627;65,07627118644068;19,6411165;20,404140460526314
2021-11-27 07:00:00;9,635593220338983;23,4;65,29406779661016;21,167164421052632;20,404140460526314
2021-11-27 08:00:00;10,264957264957266;24,205128205128204;64,04358974358975;20,741789296296297;13,35726248148148
2021-11-27 09:00:00;9,991525423728813;24,94406779661017;62,766949152542374;11,303405301886793;16,022597299091544
2021-11-27 10:00:00;10,440677966101696;25,57542372881356;60,23728813559322;6,5864194523809525;25,741987226190474
2021-11-27 11:00:00;10,601694915254237;26,283050847457627;57,39745762711864;4,446190727272728;24,671872863636363
2021-11-27 12:00:00;8,068376068376068;26,851282051282052;56,11709401709402;6,738481894736841;7,903577364035087
2021-11-27 13:00:00;2,8285714285714287;27,366666666666667;55,635238095238094;11,138323711864407;17,815407689265538
2021-11-27 14:00:00;0,8141592920353983;27,881415929203538;55,07964601769911;13,942912976190476;11,56765757142857
2021-11-27 15:00:00;0,8728813559322034;28,162711864406777;54,000847457627124;10,641829170731707;11,836309418699187
2021-11-27 16:00:00;0,4322033898305085;28,42542372881356;52,87457627118644;17,519484794871794;15,27513723076923
2021-11-27 17:00:00;0,8290598290598291;28,546153846153846;53,74444444444445;13,030789666666667;11,836309418699187
2021-11-27 18:00:00;1,79;28,3;56,972;35,42678;23,720476844444445
2021-11-27 19:00:00;2,110169491525424;27,607627118644068;61,44915254237288;22,019070666666668;15,288569225225226
2021-11-27 20:00:00;2,873873873873874;27,143243243243244;61,024324324324326;8,558067783783784;15,288569225225226
2021-11-27 23:00:00;2,4661016949152543;26,184745762711866;63,69152542372882;18,856283333333334;20,560834166666666
2021-11-28 02:00:00;1,8305084745762712;25,27796610169492;60,56864406779661;13,739448203703704;12,324505898462021
2021-11-28 03:00:00;2,457627118644068;25,10593220338983;60,46440677966102;10,90956359322034;12,286958379943503
2021-11-28 04:00:00;2,194915254237288;24,960169491525424;59,86271186440678;5,057153981481481;7,983358787350911
2021-11-28 05:00:00;2,4871794871794872;24,64017094017094;60,838461538461544;9,290965;11,477659083333332
2021-11-28 06:00:00;2,23728813559322;24,855084745762714;61,5228813559322;15,988908333333336;14,826630750000001
2021-11-28 07:00:00;2,4454545454545453;25,65090909090909;61,53454545454546;23,45023666666667;19,7195725
2021-11-28 08:00:00;2,2905982905982905;26,24871794871795;61,84188034188034;23,213924055555555;23,33208036111111
2021-11-28 09:00:00;1,9830508474576272;26,777118644067794;60,24576271186441;22,90047979166667;19,789791612500004
2021-11-28 10:00:00;2,4661016949152543;27,508474576271187;57,063559322033896;12,01417368888889;25,408891844444447
2021-11-28 11:00:00;1,9743589743589745;28,363247863247864;53,31709401709402;18,0122775;18,194726250000002
2021-11-28 23:00:00;0,6216216216216216;26,076576576576578;62,87477477477478;41,00238181818182;31,209237575757577
2021-11-29 00:00:00;1,1196581196581197;25,058119658119658;72,87521367521367;58,94019316666667;38,974546370567374
2021-11-29 01:00:00;5,468468468468468;25,206306306306306;72,65135135135135;13,024774233333334;9,658273954901961
2021-11-29 02:00:00;6,752380952380952;24,82857142857143;72,33714285714285;6,291773676470589;7,376104651960785
2021-11-29 03:00:00;7,099009900990099;24,424752475247526;72,22178217821782;8,46043562745098;7,376104651960785
2021-11-29 04:00:00;7,113043478260869;24,668695652173913;73,21130434782609;10,427985666666666;9,444210647058824
2021-11-29 05:00:00;2,73;24,468000000000004;72,497;11,303910962962965;10,747361148148148
2021-11-29 06:00:00;3,5677966101694913;24,503389830508475;72,32542372881356;8,105584214285713;5,2887862047038325
2021-11-29 07:00:00;3,3813559322033897;24,377966101694913;71,56694915254236;7,912675137931035;8,009129676108374
2021-11-29 08:00:00;2,4615384615384617;24,666666666666668;68,7;10,942381727272728;11,140326196969697
2021-11-29 09:00:00;3,0427350427350426;25,003418803418803;66,08034188034188;16,7499;14,47919987804878
2021-11-29 10:00:00;3,2393162393162394;25,147008547008546;65,08034188034188;12,20849975609756;14,47919987804878
2021-11-29 15:00:00;2,8983050847457625;27,023728813559323;45,182203389830505;15,7661;13,34733675
2021-11-29 18:00:00;2,4074074074074074;26,09444444444444;47,545370370370364;12,793910666666669;16,007975333333334
2021-11-29 19:00:00;2,898989898989899;25,43131313131313;49,33939393939394;14,987186833333334;15,558211750000002
2021-11-29 20:00:00;3,205357142857143;25,057142857142857;50,77946428571429;14,034908833333333;15,768214416666668
2021-11-29 21:00:00;2,9491525423728815;24,847457627118644;51,43983050847457;12,2433875;14,872453750000002
2021-11-29 22:00:00;3,347457627118644;24,602542372881356;53,853389830508476;21,197845;15,17526611
2021-11-29 23:00:00;3,0;24,255454545454544;56,02363636363636;16,345198333333332;21,5648475
2021-11-30 00:00:00;3,0841121495327104;23,928971962616824;57,20747663551402;12,484218333333333;12,435724166666667
2021-11-30 01:00:00;4,813559322033898;23,665254237288135;57,51949152542373;8,494669666666667;8,501697666666667
2021-11-30 02:00:00;4,045454545454546;23,344545454545454;57,25454545454546;8,508725666666667;8,501697666666667
2021-11-30 03:00:00;4,232323232323233;22,882828282828285;56,397979797979794;3,477860196428572;8,347509098214285
2021-11-30 04:00:00;3,2222222222222223;22,609401709401713;55,11880341880342;4,069862672727273;6,731800336363637
2021-11-30 05:00:00;3,247863247863248;22,412820512820513;55,582905982905984;9,393738;6,731800336363637
2021-11-30 06:00:00;3,4152542372881354;22,511016949152545;56,44915254237288;13,217158;11,305448
2021-11-30 07:00:00;2,9322033898305087;22,977118644067797;57,2093220338983;18,40079366666667;15,442506000000002
2021-11-30 08:00:00;3,0847457627118646;23,777118644067794;58,500847457627124;32,041466666666665;24,401873333333334
2021-11-30 09:00:00;3,213675213675214;24,37264957264957;56,860683760683756;12,38723;20,472345833333332
2021-11-30 10:00:00;3,5254237288135593;24,95423728813559;53,2;9,15268722;15,17526611
2021-11-30 11:00:00;3,110169491525424;25,41864406779661;52,44237288135593;12,244525267857142;10,698606243928571
2021-11-30 12:00:00;2,5714285714285716;25,930973451327432;50,491150442477874;14,476269794871795;15,112123314102565
2021-11-30 15:00:00;1,0427350427350428;26,905982905982906;46,74102564102564;9,592668375;20,920072520833333
2021-11-30 16:00:00;0,45045045045045046;27,009909909909908;48,07657657657658;13,586326;13,505203583333333
2021-11-30 17:00:00;0,5;27,01517857142857;47,096428571428575;10,171380333333332;11,79773075
2021-11-30 18:00:00;0,36752136752136755;26,819658119658122;47,703418803418806;13,424081166666667;13,505203583333333
2021-11-30 19:00:00;0,3389830508474576;26,303389830508475;48,93050847457627;20,765465;27,573264166666668
2021-11-30 20:00:00;0,576271186440678;25,75593220338983;51,171186440677964;23,996098333333336;17,4281305
2021-11-30 21:00:00;0,3853211009174312;25,377981651376146;52,400000000000006;17,75963833333333;14,3099005
2021-11-30 22:00:00;0,4322033898305085;25,03813559322034;51,75;10,860162666666668;14,3099005
2021-11-30 23:00:00;0,8803418803418803;24,62136752136752;52,11538461538461;9,222262166666669;10,041212416666667
2021-12-01 00:00:00;0,5;24,292241379310347;53,22155172413793;11,638147166666666;10,430204666666668
2021-12-01 01:00:00;0,3305084745762712;23,95762711864407;54,87033898305084;11,306312;12,79949
2021-12-01 02:00:00;0,4406779661016949;23,750847457627117;56,63728813559322;20,077548333333333;36,0647525
2021-12-01 03:00:00;0,2288135593220339;23,565254237288137;57,250847457627124;37,41032499999999;28,743936666666663
2021-12-01 04:00:00;0,03418803418803419;23,365811965811968;55,94871794871795;7,766982;29,909469333333334
2021-12-01 05:00:00;0,5847457627118644;23,496610169491525;54,567796610169495;14,292668;12,79949
2021-12-01 06:00:00;0,7452830188679245;23,56320754716981;56,13962264150943;52,05195666666667;36,0647525
2021-12-01 07:00:00;11,785714285714286;24,049107142857142;58,49821428571429;43,93143666666666;40,577358333333336
2021-12-01 08:00:00;13,177966101694915;24,44237288135593;57,63898305084746;37,22328;40,577358333333336
2021-12-01 09:00:00;11,88888888888889;25,31880341880342;56,53589743589743;38,24788216666666;21,347036446969696
2021-12-01 10:00:00;10,728813559322035;26,259322033898304;51,675423728813556;18,59783468085106;18,080039673758865
2021-12-01 11:00:00;9,432203389830509;26,96440677966102;49,93135593220339;13,397719441860463;12,252328804263566
2021-12-01 15:00:00;10,14406779661017;29,11864406779661;36,10508474576271;23,631225;17,281792657407408
2021-12-01 18:00:00;11,76271186440678;29,10169491525424;40,82118644067796;15,51532894736842;19,57327697368421
2021-12-01 19:00:00;11,254237288135593;28,377966101694913;46,10508474576271;46,98889677419355;28,37210722043011
2021-12-01 20:00:00;11,820512820512821;27,72991452991453;51,424786324786325;33,89552;25,72888233333333
2021-12-01 21:00:00;11,11864406779661;27,26271186440678;51,661864406779664;17,56224466666667;25,72888233333333
2021-12-01 22:00:00;11,101694915254237;26,977118644067797;48,81694915254237;6,491408512195122;8,123363089430896
2021-12-01 23:00:00;10,322033898305085;26,751694915254237;49,01101694915254;11,106938166666668;8,799173339430894
2021-12-02 00:00:00;11,068376068376068;26,623076923076923;48,38119658119658;9,755317666666668;8,123363089430896
2021-12-02 01:00:00;13,974576271186441;26,20423728813559;49,76525423728814;12,199924603773583;20,43329230188679
2021-12-02 02:00:00;13,016949152542374;26,06271186440678;49,46949152542373;23,911476666666665;26,289068333333333
2021-12-02 03:00:00;13,279661016949152;25,822881355932203;49,671186440677964;28,66666;26,289068333333333
2021-12-02 04:00:00;8,669902912621358;25,585436893203884;50,210679611650484;24,92530333333333;22,788401916666665
2021-12-02 05:00:00;4,940677966101695;25,558474576271188;50,659322033898306;24,13352833333333;26,568602499999997
2021-12-02 06:00:00;4,703389830508475;25,622881355932204;50,06101694915254;29,003676666666667;26,568602499999997
2021-12-02 07:00:00;5,177966101694915;25,962711864406778;52,2228813559322;51,22683666666667;33,19971936904762
2021-12-02 08:00:00;4,601694915254237;26,533050847457627;56,90762711864407;58,790815;40,95653540697675
2021-12-02 09:00:00;5,743589743589744;27,218803418803418;56,69230769230769;47,4243093220339;35,2732825679937
2021-12-02 22:00:00;3,1403508771929824;28,106140350877194;45,93771929824561;7,821558846153847;14,982933589743588
2021-12-02 23:00:00;3,8135593220338984;27,68728813559322;46,24745762711864;22,14430833333333;14,786694472789115
2021-12-03 00:00:00;4,136752136752137;27,221367521367522;45,88717948717949;7,429080612244897;15,144262806122448
2021-12-03 01:00:00;3,906779661016949;26,917796610169493;45,30847457627118;10,9285735;16,89400925
2021-12-03 02:00:00;4,0423728813559325;26,75762711864407;45,45169491525424;22,859445;16,89400925
2021-12-03 03:00:00;3,4444444444444446;26,60683760683761;45,85726495726496;25,18402;20,60561583333333
2021-12-03 04:00:00;3,864406779661017;26,38135593220339;46,73389830508475;21,221605;18,624408333333335
2021-12-03 05:00:00;3,6271186440677967;25,634745762711866;50,53135593220339;29,855935;21,945421916666668
2021-12-03 06:00:00;4,398305084745763;25,478813559322035;54,74067796610169;43,41906166666667;30,096318333333336
2021-12-03 07:00:00;5,162393162393163;25,838461538461537;58,333333333333336;53,31047;34,38613580508475
2021-12-03 08:00:00;4,8474576271186445;26,096610169491527;60,48898305084746;50,380765;38,727084166666664
2021-12-03 09:00:00;4,093220338983051;26,54237288135593;60,96949152542373;42,88458166666667;42,72696208333333
2021-12-03 10:00:00;4,101694915254237;27,20762711864407;60,16101694915254;42,5693425;42,72696208333333
2021-12-03 11:00:00;4,923728813559322;27,99406779661017;57,11440677966102;26,826643441860465;27,077235585337014
2021-12-04 02:00:00;5,093220338983051;27,052542372881355;57,06949152542373;23,12225581395349;25,225041771383523
2021-12-04 03:00:00;6,316239316239316;26,79230769230769;58,41623931623931;25,585256666666663;21,664171240310075
2021-12-04 04:00:00;5,0256410256410255;26,347008547008546;59,13504273504274;18,942371666666663;16,105484166666663
2021-12-04 05:00:00;4,966101694915254;25,98050847457627;59,325423728813554;13,268596666666667;16,105484166666663
2021-12-04 06:00:00;5,339130434782609;25,795652173913044;59,84173913043478;21,23647;23,730046666666667
2021-12-04 07:00:00;5,6440677966101696;25,847457627118644;60,40847457627118;26,22362333333333;26,64851333333333
2021-12-04 08:00:00;5,203389830508475;25,893220338983053;60,623728813559325;27,07340333333333;38,727084166666664
2021-12-04 09:00:00;5,389830508474576;26,52542372881356;59,39491525423729;23,341549;21,14196033333333
2021-12-04 10:00:00;4,672413793103448;27,218103448275862;58,225;31,676195;27,399225406976747
2021-12-04 11:00:00;5,196581196581197;27,96153846153846;57,0034188034188;27,32782772881356;27,077235585337014
2021-12-04 12:00:00;3,803738317757009;28,961682242990655;53,46635514018691;23,51886364583333;19,239455322916665
2021-12-05 04:00:00;8,889830508474576;28,05593220338983;53,360169491525426;14,366325;16,925938741666666
2021-12-05 05:00:00;9,307692307692308;27,54358974358974;54,680341880341885;14,946285;20,46780533333333
2021-12-05 06:00:00;8,140350877192983;27,723684210526315;54,604385964912275;25,989325666666662;20,46780533333333
2021-12-05 07:00:00;8,457943925233645;27,985046728971962;53,58878504672897;19,485552483333333;16,925938741666666
2021-12-05 08:00:00;8,486725663716815;28,325663716814155;52,924778761061944;58,03586212765958;38,76070730549645
2021-12-05 09:00:00;7,6902654867256635;28,438053097345133;51,96548672566372;31,8328480952381;44,93435511144884
2021-12-06 03:00:00;9,025423728813559;28,21440677966102;56,820338983050846;7,267895357142857;19,55646401190476
2021-12-06 04:00:00;8,847457627118644;27,7364406779661;57,472033898305085;31,84503266666667;19,55646401190476
2021-12-06 05:00:00;10,398305084745763;27,69237288135593;58,84322033898305;44,897555;40,68662152439025
2021-12-06 06:00:00;8,188034188034187;27,75128205128205;60,7008547008547;28,8656975;28,26240741981132
2021-12-06 07:00:00;9,931623931623932;28,064102564102566;58,667521367521374;36,47568804878049;40,68662152439025
2021-12-06 08:00:00;9,487179487179487;28,806837606837608;57,634188034188035;56,96969973469388;32,11879754591837
2021-12-07 00:00:00;3,330508474576271;28,420338983050847;41,76186440677966;6,470081021276596;8,659371677304964
2021-12-07 01:00:00;3,4642857142857144;27,707142857142856;43,75803571428571;34,798475;23,062868764705883
2021-12-07 02:00:00;6,805084745762712;26,616949152542375;51,10508474576271;36,78621166666667;27,612854666666667
2021-12-07 03:00:00;6,321739130434783;25,946956521739132;53,666086956521745;14,752898166666666;14,96275011904762
2021-12-07 04:00:00;5,829059829059829;25,475213675213674;54,05982905982906;6,626701;10,689799583333333
2021-12-07 05:00:00;6,5423728813559325;24,938135593220338;54,916101694915255;7,966734166666667;6,448182166666667
2021-12-07 06:00:00;7,084745762711864;24,71779661016949;54,54491525423729;4,929630166666667;6,448182166666667
2021-12-07 07:00:00;7,754237288135593;25,027118644067794;53,15423728813559;10,923673;19,750425666666665
2021-12-07 08:00:00;6,237288135593221;25,453389830508474;51,833898305084745;12,525957833333331;9,661229116666666
2021-12-07 09:00:00;6,948717948717949;26,016239316239318;51,15299145299145;18,439497666666668;27,612854666666667
2021-12-07 10:00:00;6,322033898305085;26,514406779661016;50,64576271186441;18,323544833333333;19,315887753205125
2021-12-07 11:00:00;7,533898305084746;27,27542372881356;48,57118644067796;15,5850675;19,511247583333333
2021-12-07 12:00:00;6,811965811965812;28,112820512820512;46,417094017094016;10,693683354166666;9,269534269675926
2021-12-07 13:00:00;7,02542372881356;28,8635593220339;43,489830508474576;14,400648027027028;28,898609013513514
2021-12-07 22:00:00;6,306306306306307;27,526126126126126;45,54774774774775;7,845385185185186;9,269534269675926
2021-12-07 23:00:00;6,516949152542373;26,86271186440678;47,351694915254235;16,013984;16,43399537755102
2021-12-08 00:00:00;6,6525423728813555;26,053389830508475;49,391525423728815;16,64556066666667;18,648530583333333
2021-12-08 01:00:00;6,262711864406779;25,264406779661016;50,28983050847457;6,7965004;11,231112033333334
2021-12-08 02:00:00;5,735042735042735;24,632478632478634;49,81623931623932;5,218745653846154;10,44223466025641
2021-12-08 03:00:00;5,406779661016949;23,985593220338984;51,648305084745765;7,516734107142858;11,617867886904762
2021-12-08 04:00:00;6,330508474576271;23,31949152542373;50,48898305084746;4,376891318181818;5,547890659090909
2021-12-08 05:00:00;6,084745762711864;22,864406779661017;51,45338983050848;6,71889;9,271777416666666
2021-12-08 06:00:00;5,752136752136752;22,53162393162393;48,16068376068376;3,4349064166666667;17,579894041666666
2021-12-08 07:00:00;3,584070796460177;22,646017699115045;46,45575221238938;15,2723;25,949473333333337
2021-12-08 08:00:00;0,4358974358974359;23,046153846153846;47,9059829059829;19,642245;20,8919575
2021-12-08 09:00:00;0,5641025641025641;23,659829059829057;48,46153846153846;22,14167;22,5521975
2021-12-08 10:00:00;0,423728813559322;24,248305084745763;48,87118644067797;22,962725;22,5521975
2021-12-08 11:00:00;0,3305084745762712;25,164406779661018;46,98898305084746;18,628450018867927;18,925245009433965
2021-12-08 12:00:00;0,6538461538461539;26,04326923076923;45,2173076923077;13,522039;16,3720395
2021-12-08 13:00:00;0,423728813559322;27,202542372881357;42,15;9,79434636;21,05770818
2021-12-08 14:00:00;0,3644067796610169;27,922033898305088;40,63898305084746;16,844933653846155;18,36762932692308
2021-12-08 17:00:00;0,452991452991453;28,725641025641025;38,57435897435897;15,563248333333332;16,320735833333334
2021-12-08 18:00:00;0,3050847457627119;28,577966101694912;39,567796610169495;17,078223333333334;16,320735833333334
2021-12-08 19:00:00;0,8347826086956521;28,106956521739132;40,43739130434783;19,890325;18,36762932692308
2021-12-08 20:00:00;0,44;27,489;39,645;21,4081294;16,9203157
2021-12-08 21:00:00;0,5344827586206896;27,062068965517245;38,4;22,943886666666668;26,018321666666665
2021-12-08 22:00:00;0,5128205128205128;26,871794871794872;37,9965811965812;29,092756666666663;34,882985
2021-12-08 23:00:00;0,5132743362831859;26,581415929203537;38,19469026548673;40,67321333333334;34,882985
2021-12-09 00:00:00;4,378947368421053;26,44;37,42842105263158;30,740123333333333;24,71052315740741
2021-12-09 01:00:00;19,418803418803417;25,91196581196581;39,55982905982906;32,11217;28,31639
2021-12-09 02:00:00;22,305084745762713;25,284745762711864;42,78220338983051;24,52061;22,664001666666667
2021-12-09 03:00:00;22,703389830508474;24,908474576271185;45,36355932203389;20,807393333333334;22,664001666666667
2021-12-09 04:00:00;25,034188034188034;24,57521367521368;47,14957264957265;19,512731666666664;20,584227499999997
2021-12-09 05:00:00;24,347457627118644;23,9135593220339;48,90847457627118;21,65572333333333;20,584227499999997
2021-12-09 06:00:00;23,153846153846153;23,662393162393162;51,17777777777778;28,25292;24,954321666666665
2021-12-09 07:00:00;16,771186440677965;23,768644067796608;53,13644067796611;30,49717;33,90901083333333
2021-12-09 08:00:00;13,847457627118644;23,984745762711864;54,078813559322036;37,32085166666666;36,86037999999999
2021-12-09 09:00:00;12,584745762711865;24,59915254237288;53,44915254237288;36,39990833333333;36,86037999999999
2021-12-09 10:00:00;8,598290598290598;25,053846153846155;52,55555555555556;28,57717833333333;19,750425666666665
2021-12-09 11:00:00;7,728813559322034;25,976271186440677;50,20169491525424;20,6515005;22,788401916666665
2021-12-09 12:00:00;7,601694915254237;27,0135593220339;46,264406779661016;16,85400675510204;13,773845054634354
2021-12-09 13:00:00;5,711864406779661;27,678813559322034;43,82118644067796;12,990904458333333;11,359791023284313
2021-12-09 14:00:00;6,5423728813559325;28,42542372881356;41,43898305084746;18,3293128;26,1851189
2021-12-09 15:00:00;4,897435897435898;28,88205128205128;40,58376068376069;20,06896383333333;20,756726916666665
2021-12-09 16:00:00;4,728813559322034;29,12372881355932;39,67881355932204;21,44449;21,253848916666666
2021-12-09 17:00:00;5,461538461538462;29,211965811965815;39,141880341880345;16,683366833333334;18,873287333333334
2021-12-09 18:00:00;4,661016949152542;29,142372881355932;39,45762711864407;21,063207833333333;21,253848916666666
2021-12-09 19:00:00;5,169491525423729;28,703389830508474;41,582203389830504;25,185981666666667;22,62747275
2021-12-09 20:00:00;4,205128205128205;28,532478632478632;43,08034188034188;39,374181666666665;29,259612779761902
2021-12-09 21:00:00;4,627118644067797;28,021186440677965;45,833898305084745;41,42544333333333;24,42726197278911
2021-12-09 22:00:00;5,084745762711864;27,766101694915253;43,17033898305085;9,728677588235294;14,43686074054622
2021-12-09 23:00:00;4,94017094017094;27,513675213675214;40,71965811965812;19,432705666666667;19,75083475
2021-12-10 00:00:00;4,6525423728813555;26,835593220338982;41,50423728813559;23,64670024390244;21,163811612691962
2021-12-10 01:00:00;4,406779661016949;26,538983050847456;40,82627118644068;18,680922981481483;21,163811612691962
2021-12-10 02:00:00;4,871794871794871;25,752136752136753;41,458119658119664;18,993147;21,31992362195122
2021-12-10 03:00:00;5,483050847457627;25,40508474576271;42,13728813559322;18,69612;18,8446335
2021-12-10 04:00:00;5,110169491525424;24,63135593220339;45,48474576271186;30,301475;33,464060833333335
2021-12-10 05:00:00;5,093220338983051;24,240677966101696;46,95169491525424;36,62664666666667;34,17576416666667
2021-12-10 06:00:00;4,9914529914529915;24,085470085470085;48,26752136752137;31,724881666666665;25,043152499999998
2021-12-10 07:00:00;4,567796610169491;24,48983050847458;49,67796610169491;36,30513333333333;32,613954166666666
2021-12-10 08:00:00;4,313559322033898;24,55;49,51186440677966;28,922775;32,613954166666666
