Data/Hora;MP10 PDR
2021-09-23 11:00:00;6.2665
2021-09-23 12:00:00;6.0
2021-09-23 13:00:00;6.053
2021-09-23 14:00:00;7.327333333333333
2021-09-23 15:00:00;7.6885
2021-09-23 16:00:00;8.748333333333333
2021-09-23 17:00:00;9.580166666666669
2021-09-23 18:00:00;10.671333333333331
2021-09-23 19:00:00;12.143333333333334
2021-09-23 20:00:00;9.892666666666669
2021-09-23 21:00:00;11.443
2021-09-23 22:00:00;8.471666666666668
2021-09-23 23:00:00;8.681333333333333
2021-09-24 00:00:00;11.619333333333334
2021-09-24 01:00:00;12.614333333333333
2021-09-24 02:00:00;15.028333333333334
2021-09-24 03:00:00;12.768
2021-09-24 04:00:00;12.588666666666668
2021-09-24 05:00:00;11.736833333333331
2021-09-24 06:00:00;13.029333333333334
2021-09-24 07:00:00;17.193166666666666
2021-09-24 08:00:00;15.609666666666667
2021-09-24 09:00:00;15.439166666666669
2021-09-24 10:00:00;14.419833333333337
2021-09-24 11:00:00;11.202833333333333
2021-09-24 12:00:00;10.794333333333332
2021-09-24 13:00:00;11.896
2021-09-24 14:00:00;12.147166666666667
2021-09-24 15:00:00;10.007833333333334
2021-09-24 16:00:00;9.121166666666666
2021-09-24 17:00:00;8.103166666666667
2021-09-24 18:00:00;9.943333333333332
2021-09-24 19:00:00;9.341333333333331
2021-09-24 20:00:00;7.608333333333333
2021-09-24 21:00:00;6.9845
2021-09-24 22:00:00;7.0675
2021-09-24 23:00:00;7.340666666666666
2021-09-25 00:00:00;6.975
2021-09-25 01:00:00;11.861166666666666
2021-09-25 02:00:00;14.8935
2021-09-25 03:00:00;11.128666666666668
2021-09-25 04:00:00;9.5045
2021-09-25 05:00:00;14.622833333333334
2021-09-25 06:00:00;28.667666666666666
2021-09-25 07:00:00;17.524166666666666
2021-09-25 08:00:00;13.0385
2021-09-25 09:00:00;6.883
2021-09-25 10:00:00;5.402333333333333
2021-09-25 11:00:00;4.1963333333333335
2021-09-25 12:00:00;3.723
2021-09-25 13:00:00;3.8501666666666665
2021-09-25 14:00:00;4.6575
2021-09-25 15:00:00;4.439166666666667
2021-09-25 16:00:00;4.059833333333334
2021-09-25 17:00:00;3.8643333333333336
2021-09-25 18:00:00;4.073833333333334
2021-09-25 19:00:00;3.2015
2021-09-25 20:00:00;5.472
2021-09-25 21:00:00;6.6675
2021-09-25 22:00:00;8.186166666666667
2021-09-25 23:00:00;7.498500000000001
2021-09-26 00:00:00;6.66
2021-09-26 01:00:00;4.919333333333333
2021-09-26 02:00:00;4.554333333333333
2021-09-26 03:00:00;4.187
2021-09-26 04:00:00;4.210333333333334
2021-09-26 05:00:00;5.6445
2021-09-26 06:00:00;4.4590000000000005
2021-09-26 07:00:00;5.284833333333333
2021-09-26 08:00:00;6.515666666666666
2021-09-26 09:00:00;8.209666666666667
2021-09-26 10:00:00;10.611833333333331
2021-09-26 11:00:00;12.2805
2021-09-26 12:00:00;13.098166666666666
2021-09-26 13:00:00;15.316333333333334
2021-09-26 14:00:00;15.399333333333336
2021-09-26 15:00:00;15.495333333333331
2021-09-26 16:00:00;15.295833333333333
2021-09-26 17:00:00;15.449833333333334
2021-09-26 18:00:00;15.244166666666668
2021-09-26 19:00:00;15.1465
2021-09-26 20:00:00;14.696666666666664
2021-09-26 21:00:00;12.823333333333332
2021-09-26 22:00:00;11.997833333333334
2021-09-26 23:00:00;15.047833333333331
2021-09-27 00:00:00;19.474666666666668
2021-09-27 01:00:00;20.00283333333333
2021-09-27 02:00:00;17.82016666666667
2021-09-27 03:00:00;17.141666666666666
2021-09-27 04:00:00;18.081
2021-09-27 05:00:00;18.043666666666663
2021-09-27 06:00:00;18.95583333333333
2021-09-27 07:00:00;18.3905
2021-09-27 08:00:00;17.53033333333333
2021-09-27 09:00:00;14.820333333333334
2021-09-27 10:00:00;14.256
2021-09-27 11:00:00;13.192166666666669
2021-09-27 12:00:00;11.3925
2021-09-27 13:00:00;11.346833333333334
2021-09-27 14:00:00;13.011166666666666
2021-09-27 15:00:00;13.801333333333334
2021-09-27 16:00:00;13.409166666666666
2021-09-27 17:00:00;14.053833333333332
2021-09-27 18:00:00;19.117666666666665
2021-09-27 19:00:00;17.06683333333333
2021-09-27 20:00:00;15.748166666666666
2021-09-27 21:00:00;16.526166666666665
2021-09-27 22:00:00;14.7225
2021-09-27 23:00:00;17.5975
2021-09-28 00:00:00;20.36916666666667
2021-09-28 01:00:00;14.681833333333334
2021-09-28 02:00:00;14.2575
2021-09-28 03:00:00;14.825
2021-09-28 04:00:00;13.446166666666668
2021-09-28 05:00:00;13.815833333333334
2021-09-28 06:00:00;17.462
2021-09-28 07:00:00;16.752
2021-09-28 08:00:00;17.615166666666667
2021-09-28 09:00:00;18.598666666666663
2021-09-28 10:00:00;18.700666666666667
2021-09-28 11:00:00;19.430166666666665
2021-09-28 12:00:00;16.151666666666667
2021-09-28 13:00:00;14.291333333333334
2021-09-28 14:00:00;15.595
2021-09-28 15:00:00;15.963666666666663
2021-09-28 16:00:00;16.715
2021-09-28 17:00:00;19.417
2021-09-28 18:00:00;20.312833333333334
2021-09-28 19:00:00;31.80333333333333
2021-09-28 20:00:00;39.54866666666667
2021-09-28 21:00:00;47.9465
2021-09-28 22:00:00;52.74483333333333
2021-09-28 23:00:00;44.810500000000005
2021-09-29 00:00:00;35.176833333333335
2021-09-29 01:00:00;33.48716666666667
2021-09-29 02:00:00;29.785833333333336
2021-09-29 03:00:00;27.306500000000003
2021-09-29 04:00:00;23.309166666666663
2021-09-29 05:00:00;22.477
2021-09-29 06:00:00;23.26333333333333
2021-09-29 07:00:00;25.01383333333333
2021-09-29 08:00:00;28.371
2021-09-29 09:00:00;25.8825
2021-09-29 10:00:00;25.7295
2021-09-29 11:00:00;26.596
2021-09-29 12:00:00;22.514166666666664
2021-09-29 13:00:00;15.195
2021-09-29 14:00:00;11.269666666666666
2021-09-29 15:00:00;17.154666666666667
2021-09-29 16:00:00;16.58833333333333
2021-09-29 17:00:00;15.593166666666669
2021-09-29 18:00:00;15.545833333333333
2021-09-29 19:00:00;17.017333333333333
2021-09-29 20:00:00;18.5275
2021-09-29 21:00:00;22.14733333333333
2021-09-29 22:00:00;20.703333333333333
2021-09-29 23:00:00;18.5
2021-09-30 00:00:00;17.092
2021-09-30 01:00:00;15.3655
2021-09-30 02:00:00;14.418166666666668
2021-09-30 03:00:00;16.454
2021-09-30 04:00:00;18.075333333333333
2021-09-30 05:00:00;19.676666666666662
2021-09-30 06:00:00;21.544833333333333
2021-09-30 07:00:00;23.84766666666667
2021-09-30 08:00:00;24.123833333333334
2021-09-30 09:00:00;22.622333333333334
2021-09-30 10:00:00;21.106
2021-09-30 11:00:00;19.64733333333333
2021-09-30 12:00:00;19.26033333333333
2021-09-30 13:00:00;21.323500000000003
2021-09-30 14:00:00;20.303
2021-09-30 15:00:00;19.024
2021-09-30 16:00:00;14.7495
2021-09-30 17:00:00;15.3855
2021-09-30 18:00:00;16.782500000000002
2021-09-30 19:00:00;17.578833333333332
2021-09-30 20:00:00;16.606333333333332
2021-09-30 21:00:00;15.850833333333332
2021-09-30 22:00:00;15.645666666666669
2021-09-30 23:00:00;14.774833333333332
2021-10-01 00:00:00;14.89
2021-10-01 01:00:00;14.5155
2021-10-01 02:00:00;14.266666666666667
2021-10-01 03:00:00;13.315166666666666
2021-10-01 04:00:00;13.267666666666663
2021-10-01 05:00:00;13.829666666666666
2021-10-01 06:00:00;14.2035
2021-10-01 07:00:00;19.171166666666668
2021-10-01 08:00:00;9.339166666666667
2021-10-01 09:00:00;6.133833333333333
2021-10-01 10:00:00;6.933125
2021-10-04 09:00:00;5.166666666666667
2021-10-04 10:00:00;6.4030000000000005
2021-10-04 11:00:00;7.138833333333333
2021-10-04 12:00:00;8.008166666666666
2021-10-04 13:00:00;7.650666666666667
2021-10-04 14:00:00;7.5275
2021-10-04 15:00:00;7.7615
2021-10-04 16:00:00;7.286333333333333
2021-10-04 17:00:00;6.5845
2021-10-04 18:00:00;6.418333333333334
2021-10-04 19:00:00;6.551
2021-10-04 20:00:00;6.431666666666667
2021-10-04 21:00:00;6.510166666666667
2021-10-04 22:00:00;6.767166666666667
2021-10-04 23:00:00;7.116833333333333
2021-10-05 00:00:00;8.533166666666666
2021-10-05 01:00:00;9.954166666666667
2021-10-05 02:00:00;12.559166666666666
2021-10-05 03:00:00;8.964166666666667
2021-10-05 04:00:00;8.132833333333332
2021-10-05 05:00:00;7.1135
2021-10-05 06:00:00;6.972833333333333
2021-10-05 07:00:00;7.577833333333333
2021-10-05 08:00:00;7.104333333333333
2021-10-05 09:00:00;6.9945
2021-10-05 10:00:00;7.742833333333333
2021-10-05 11:00:00;10.971
2021-10-05 12:00:00;10.5565
2021-10-05 13:00:00;9.7845
2021-10-05 14:00:00;9.7155
2021-10-05 15:00:00;10.199833333333334
2021-10-05 16:00:00;11.177166666666666
2021-10-05 17:00:00;11.886333333333331
2021-10-05 18:00:00;12.022666666666668
2021-10-05 19:00:00;14.180833333333334
2021-10-05 20:00:00;12.595666666666666
2021-10-05 21:00:00;11.782666666666668
2021-10-05 22:00:00;11.574833333333334
2021-10-05 23:00:00;12.563
2021-10-06 00:00:00;13.045
2021-10-06 01:00:00;12.357666666666669
2021-10-06 02:00:00;12.317333333333332
2021-10-06 03:00:00;14.121666666666666
2021-10-06 04:00:00;14.232666666666669
2021-10-06 05:00:00;12.401833333333334
2021-10-06 06:00:00;12.0
2021-10-06 07:00:00;12.326
2021-10-06 08:00:00;12.417333333333334
2021-10-06 09:00:00;13.4905
2021-10-06 10:00:00;14.772333333333334
2021-10-06 11:00:00;16.415833333333335
2021-10-06 12:00:00;17.505666666666666
2021-10-06 13:00:00;17.580499999999997
2021-10-06 14:00:00;19.702166666666667
2021-10-06 15:00:00;25.802000000000003
2021-10-06 16:00:00;31.0395
2021-10-06 17:00:00;27.775
2021-10-06 18:00:00;20.38733333333333
2021-10-06 19:00:00;22.732166666666668
2021-10-06 20:00:00;13.383166666666666
2021-10-06 21:00:00;7.237166666666667
2021-10-06 22:00:00;7.1475
2021-10-06 23:00:00;8.743
2021-10-07 00:00:00;7.583666666666667
2021-10-07 01:00:00;8.389666666666667
2021-10-07 02:00:00;7.781666666666666
2021-10-07 03:00:00;7.235833333333333
2021-10-07 04:00:00;7.329333333333333
2021-10-07 05:00:00;7.5115
2021-10-07 06:00:00;6.555000000000001
2021-10-07 07:00:00;5.202666666666667
2021-10-07 08:00:00;5.372333333333333
2021-10-07 09:00:00;5.467333333333333
2021-10-07 10:00:00;4.690333333333333
2021-10-07 11:00:00;6.992999999999999
2021-10-07 12:00:00;6.775666666666667
2021-10-07 13:00:00;6.58
2021-10-07 14:00:00;6.052333333333333
2021-10-07 15:00:00;5.7781666666666665
2021-10-07 16:00:00;6.704166666666667
2021-10-07 17:00:00;7.246166666666666
2021-10-07 18:00:00;9.3495
2021-10-07 19:00:00;9.4535
2021-10-07 20:00:00;9.412333333333333
2021-10-07 21:00:00;9.560666666666666
2021-10-07 22:00:00;10.373333333333331
2021-10-07 23:00:00;10.024
2021-10-08 00:00:00;8.748166666666666
2021-10-08 01:00:00;8.842666666666666
2021-10-08 02:00:00;8.9745
2021-10-08 03:00:00;9.3795
2021-10-08 04:00:00;10.069
2021-10-08 05:00:00;9.181166666666666
2021-10-08 06:00:00;9.932
2021-10-08 07:00:00;9.7365
2021-10-08 08:00:00;7.488333333333333
2021-10-08 09:00:00;9.121166666666666
2021-10-08 10:00:00;12.181333333333331
2021-10-08 11:00:00;12.525666666666666
2021-10-08 12:00:00;11.096333333333332
2021-10-08 13:00:00;10.196666666666664
2021-10-08 14:00:00;9.592833333333337
2021-10-08 15:00:00;11.886
2021-10-08 16:00:00;8.586166666666665
2021-10-08 17:00:00;8.433833333333332
2021-10-08 18:00:00;8.874166666666667
2021-10-08 19:00:00;9.183833333333332
2021-10-08 20:00:00;9.011333333333331
2021-10-08 21:00:00;9.727333333333332
2021-10-08 22:00:00;10.161833333333334
2021-10-08 23:00:00;10.225333333333332
2021-10-09 00:00:00;10.631666666666666
2021-10-09 01:00:00;10.411333333333332
2021-10-09 02:00:00;9.229666666666668
2021-10-09 03:00:00;7.550833333333333
2021-10-09 04:00:00;7.502499999999999
2021-10-09 05:00:00;7.741666666666666
2021-10-09 06:00:00;7.616666666666666
2021-10-09 07:00:00;7.544666666666667
2021-10-09 08:00:00;7.454833333333334
2021-10-09 09:00:00;7.916833333333333
2021-10-09 10:00:00;8.523166666666667
2021-10-09 11:00:00;7.9825
2021-10-09 12:00:00;6.2445
2021-10-09 13:00:00;6.333666666666667
2021-10-09 14:00:00;4.203166666666666
2021-10-09 15:00:00;4.2605
2021-10-09 16:00:00;4.169333333333333
2021-10-09 17:00:00;4.25
2021-10-09 18:00:00;4.651333333333333
2021-10-09 19:00:00;4.565333333333333
2021-10-09 20:00:00;4.667666666666666
2021-10-09 21:00:00;4.615166666666667
2021-10-09 22:00:00;4.481833333333333
2021-10-09 23:00:00;4.587999999999999
2021-10-10 00:00:00;4.748666666666667
2021-10-10 01:00:00;4.8065
2021-10-10 02:00:00;4.726833333333333
2021-10-10 03:00:00;5.474666666666667
2021-10-10 04:00:00;5.143
2021-10-10 05:00:00;6.179666666666666
2021-10-10 06:00:00;5.348
2021-10-10 07:00:00;5.5345
2021-10-10 08:00:00;5.875666666666667
2021-10-10 09:00:00;5.6851666666666665
2021-10-10 10:00:00;5.682
2021-10-10 11:00:00;6.11
2021-10-10 12:00:00;5.748333333333333
2021-10-10 13:00:00;5.523166666666667
2021-10-10 14:00:00;5.2843333333333335
2021-10-10 15:00:00;5.008333333333334
2021-10-10 16:00:00;4.8345
2021-10-10 17:00:00;4.5715
2021-10-10 18:00:00;4.425666666666667
2021-10-10 19:00:00;4.4775
2021-10-10 20:00:00;4.667
2021-10-10 21:00:00;5.118833333333333
2021-10-10 22:00:00;4.6695
2021-10-10 23:00:00;4.021333333333334
2021-10-11 00:00:00;3.979333333333333
2021-10-11 01:00:00;4.1265
2021-10-11 02:00:00;3.993833333333333
2021-10-11 03:00:00;3.893333333333333
2021-10-11 04:00:00;4.0975
2021-10-11 05:00:00;3.9998333333333336
2021-10-11 06:00:00;4.198666666666666
2021-10-11 07:00:00;4.326833333333334
2021-10-11 08:00:00;4.055000000000001
2021-10-11 09:00:00;3.9595
2021-10-11 10:00:00;4.195333333333333
2021-10-11 11:00:00;4.226666666666667
2021-10-11 12:00:00;3.93
2021-10-11 13:00:00;4.025862068965517
2021-10-13 10:00:00;5.927272727272728
2021-10-13 11:00:00;5.328333333333333
2021-10-13 12:00:00;5.3715
2021-10-13 13:00:00;5.099166666666666
2021-10-13 14:00:00;5.302333333333333
2021-10-13 15:00:00;5.5408333333333335
2021-10-13 16:00:00;5.5488333333333335
2021-10-13 17:00:00;5.857166666666667
2021-10-13 18:00:00;5.998833333333334
2021-10-13 19:00:00;7.202833333333333
2021-10-13 20:00:00;7.100499999999999
2021-10-13 21:00:00;6.491
2021-10-13 22:00:00;6.775666666666667
2021-10-13 23:00:00;6.417
2021-10-14 00:00:00;9.725714285714286
2021-10-20 09:00:00;5.105348837209302
2021-10-20 10:00:00;5.1855
2021-10-20 11:00:00;4.9046666666666665
2021-10-20 12:00:00;4.515
2021-10-20 13:00:00;4.944
2021-10-20 14:00:00;4.6498333333333335
2021-10-20 15:00:00;4.420833333333333
2021-10-20 16:00:00;4.745500000000001
2021-10-20 17:00:00;4.463666666666667
2021-10-20 18:00:00;5.197333333333333
2021-10-20 19:00:00;6.4703333333333335
2021-10-20 20:00:00;5.8515
2021-10-20 21:00:00;7.924833333333334
2021-10-20 22:00:00;6.525833333333334
2021-10-20 23:00:00;6.0915
2021-10-21 00:00:00;6.008666666666667
2021-10-21 01:00:00;5.602666666666667
2021-10-21 02:00:00;5.743833333333333
2021-10-21 03:00:00;5.904833333333333
2021-10-21 04:00:00;5.865833333333333
2021-10-21 05:00:00;6.1315
2021-10-21 06:00:00;5.959666666666666
2021-10-21 07:00:00;5.9303333333333335
2021-10-21 08:00:00;5.200333333333333
2021-10-21 09:00:00;5.034666666666666
2021-10-21 10:00:00;5.192833333333334
2021-10-21 11:00:00;5.021333333333333
2021-10-21 12:00:00;4.762833333333333
2021-10-21 13:00:00;4.1803333333333335
2021-10-21 14:00:00;4.242
2021-10-21 15:00:00;4.837666666666666
2021-10-21 16:00:00;4.518166666666667
2021-10-21 17:00:00;5.161333333333333
2021-10-21 18:00:00;4.3625
2021-10-21 19:00:00;8.4615
2021-10-21 20:00:00;8.586666666666668
2021-10-21 21:00:00;11.9675
2021-10-21 22:00:00;16.791166666666665
2021-10-21 23:00:00;11.889
2021-10-22 00:00:00;6.3555
2021-10-22 01:00:00;4.975666666666667
2021-10-22 02:00:00;4.703666666666667
2021-10-22 03:00:00;4.579166666666667
2021-10-22 04:00:00;4.767166666666666
2021-10-22 05:00:00;4.765333333333333
2021-10-22 06:00:00;5.572500000000001
2021-10-22 07:00:00;6.423500000000001
2021-10-22 08:00:00;7.077333333333333
2021-10-22 09:00:00;5.949666666666667
2021-10-22 10:00:00;5.499
2021-10-22 11:00:00;5.0841666666666665
2021-10-22 12:00:00;4.964666666666667
2021-10-22 13:00:00;4.884166666666667
2021-10-22 14:00:00;5.1946666666666665
2021-10-22 15:00:00;5.228166666666667
2021-10-22 16:00:00;5.9
2021-10-22 17:00:00;5.6655
2021-10-22 18:00:00;6.645833333333333
2021-10-22 19:00:00;8.562999999999999
2021-10-22 20:00:00;8.2215
2021-10-22 21:00:00;9.1615
2021-10-22 22:00:00;8.949833333333334
2021-10-22 23:00:00;7.2365
2021-10-23 00:00:00;7.128333333333333
2021-10-23 01:00:00;7.195833333333334
2021-10-23 02:00:00;7.340999999999999
2021-10-23 03:00:00;6.7475000000000005
2021-10-23 04:00:00;6.809166666666667
2021-10-23 05:00:00;6.796
2021-10-23 06:00:00;6.8335
2021-10-23 07:00:00;7.226833333333333
2021-10-23 08:00:00;7.526833333333333
2021-10-23 09:00:00;8.437333333333333
2021-10-23 10:00:00;10.534166666666666
2021-10-23 11:00:00;14.756666666666666
2021-10-23 12:00:00;15.910166666666669
2021-10-23 13:00:00;18.188166666666667
2021-10-23 14:00:00;13.108166666666667
2021-10-23 15:00:00;9.319666666666668
2021-10-23 16:00:00;7.167
2021-10-23 17:00:00;6.960333333333334
2021-10-23 18:00:00;6.792833333333333
2021-10-23 19:00:00;4.6385
2021-10-23 20:00:00;6.783333333333333
2021-10-23 21:00:00;5.985333333333333
2021-10-23 22:00:00;5.701
2021-10-23 23:00:00;5.523
2021-10-24 00:00:00;5.897
2021-10-24 01:00:00;6.282666666666667
2021-10-24 02:00:00;6.964333333333333
2021-10-24 03:00:00;6.164833333333333
2021-10-24 04:00:00;5.726
2021-10-24 05:00:00;4.8205
2021-10-24 06:00:00;4.253833333333334
2021-10-24 07:00:00;4.2115
2021-10-24 08:00:00;4.219166666666667
2021-10-24 09:00:00;4.192666666666667
2021-10-24 10:00:00;4.366666666666666
2021-10-24 11:00:00;4.425666666666667
2021-10-24 12:00:00;4.4093333333333335
2021-10-24 13:00:00;4.389166666666667
2021-10-24 14:00:00;4.419333333333333
2021-10-24 15:00:00;4.3053333333333335
2021-10-24 16:00:00;4.448666666666667
2021-10-24 17:00:00;4.5875
2021-10-24 18:00:00;5.371666666666667
2021-10-24 19:00:00;4.680166666666667
2021-10-24 20:00:00;4.855333333333333
2021-10-24 21:00:00;5.0568333333333335
2021-10-24 22:00:00;5.153333333333333
2021-10-24 23:00:00;5.0840000000000005
2021-10-25 00:00:00;5.551833333333334
2021-10-25 01:00:00;7.610833333333333
2021-10-25 02:00:00;11.514166666666666
2021-10-25 03:00:00;9.638166666666669
2021-10-25 04:00:00;12.314666666666666
2021-10-25 05:00:00;8.6865
2021-10-25 06:00:00;5.871
2021-10-25 07:00:00;5.996666666666667
2021-10-25 08:00:00;6.396
2021-10-25 09:00:00;6.005166666666667
2021-10-25 10:00:00;6.062166666666667
2021-10-25 11:00:00;8.829166666666667
2021-10-25 12:00:00;7.283333333333333
2021-10-25 13:00:00;7.089333333333333
2021-10-25 14:00:00;6.620666666666667
2021-10-25 15:00:00;6.113833333333333
2021-10-25 16:00:00;5.9415
2021-10-25 17:00:00;6.031333333333333
2021-10-25 18:00:00;6.604666666666668
2021-10-25 19:00:00;8.488
2021-10-25 20:00:00;7.0565
2021-10-25 21:00:00;6.769666666666667
2021-10-25 22:00:00;7.8945
2021-10-25 23:00:00;8.770999999999999
2021-10-26 00:00:00;8.680333333333333
2021-10-26 01:00:00;7.795166666666666
2021-10-26 02:00:00;7.506833333333334
2021-10-26 03:00:00;6.901333333333333
2021-10-26 04:00:00;9.803
2021-10-26 05:00:00;9.805333333333332
2021-10-26 06:00:00;11.736833333333331
2021-10-26 07:00:00;8.0785
2021-10-26 08:00:00;8.421166666666666
2021-10-26 09:00:00;6.809333333333333
2021-10-26 10:00:00;6.351333333333333
2021-10-26 11:00:00;5.8373333333333335
2021-10-26 12:00:00;5.9303333333333335
2021-10-26 13:00:00;5.735166666666667
2021-10-26 14:00:00;5.721166666666666
2021-10-26 15:00:00;7.591166666666666
2021-10-26 16:00:00;5.6625
2021-10-26 17:00:00;6.426
2021-10-26 18:00:00;7.329499999999999
2021-10-26 19:00:00;7.873166666666666
2021-10-26 20:00:00;8.444833333333333
2021-10-26 21:00:00;12.389
2021-10-26 22:00:00;11.644
2021-10-26 23:00:00;11.137833333333331
2021-10-27 00:00:00;9.179666666666666
2021-10-27 01:00:00;6.944999999999999
2021-10-27 02:00:00;7.406166666666667
2021-10-27 03:00:00;7.506666666666666
2021-10-27 04:00:00;8.004166666666666
2021-10-27 05:00:00;8.9605
2021-10-27 06:00:00;9.664333333333332
2021-10-27 07:00:00;9.961333333333332
2021-10-27 08:00:00;9.662333333333333
2021-10-27 09:00:00;8.430833333333334
2021-10-27 10:00:00;8.166
2021-10-27 11:00:00;7.823666666666667
2021-10-27 12:00:00;7.074
2021-10-27 13:00:00;6.737833333333333
2021-10-27 14:00:00;7.126333333333333
2021-10-27 15:00:00;7.485333333333333
2021-10-27 16:00:00;7.360333333333333
2021-10-27 17:00:00;7.109666666666667
2021-10-27 18:00:00;7.544833333333333
2021-10-27 19:00:00;6.618666666666667
2021-10-27 20:00:00;8.220166666666666
2021-10-27 21:00:00;9.376666666666669
2021-10-27 22:00:00;12.185
2021-10-27 23:00:00;12.746166666666666
2021-10-28 00:00:00;10.3465
2021-10-28 01:00:00;9.831833333333332
2021-10-28 02:00:00;9.849833333333333
2021-10-28 03:00:00;9.654
2021-10-28 04:00:00;9.610333333333331
2021-10-28 05:00:00;8.819333333333333
2021-10-28 06:00:00;8.163
2021-10-28 07:00:00;7.403
2021-10-28 08:00:00;5.822
2021-10-28 09:00:00;6.182
2021-10-28 10:00:00;6.261333333333334
2021-10-28 11:00:00;6.580333333333333
2021-10-28 12:00:00;6.567666666666667
2021-10-28 13:00:00;6.590333333333334
2021-10-28 14:00:00;6.636166666666667
2021-10-28 15:00:00;6.433000000000001
2021-10-28 16:00:00;6.595166666666667
2021-10-28 17:00:00;8.147833333333333
2021-10-28 18:00:00;10.819
2021-10-28 19:00:00;9.075333333333331
2021-10-28 20:00:00;8.047500000000001
2021-10-28 21:00:00;7.821666666666667
2021-10-28 22:00:00;7.995833333333334
2021-10-28 23:00:00;8.708833333333333
2021-10-29 00:00:00;9.517
2021-10-29 01:00:00;9.399666666666668
2021-10-29 02:00:00;9.277666666666669
2021-10-29 03:00:00;8.620833333333334
2021-10-29 04:00:00;8.245
2021-10-29 05:00:00;7.653
2021-10-29 06:00:00;7.138000000000001
2021-10-29 07:00:00;7.102666666666667
2021-10-29 08:00:00;6.533
2021-10-29 09:00:00;6.6795
2021-10-29 10:00:00;7.521333333333334
2021-10-29 11:00:00;7.636166666666667
2021-10-29 12:00:00;7.2005
2021-10-29 13:00:00;6.816666666666666
2021-10-29 14:00:00;6.7595
2021-10-29 15:00:00;7.755333333333334
2021-10-29 16:00:00;7.730666666666667
2021-10-29 17:00:00;5.84
2021-10-29 18:00:00;5.8625
2021-10-29 19:00:00;7.191166666666667
2021-10-29 20:00:00;8.0
2021-10-29 21:00:00;7.8305
2021-10-29 22:00:00;7.984833333333333
2021-10-29 23:00:00;7.0835
2021-10-30 00:00:00;7.795166666666666
2021-10-30 01:00:00;7.779833333333333
2021-10-30 02:00:00;7.559833333333333
2021-10-30 03:00:00;7.455833333333333
2021-10-30 04:00:00;7.120666666666667
2021-10-30 05:00:00;6.866
2021-10-30 06:00:00;7.0
2021-10-30 07:00:00;6.683833333333333
2021-10-30 08:00:00;6.525
2021-10-30 09:00:00;6.503833333333334
2021-10-30 10:00:00;6.7605
2021-10-30 11:00:00;7.070166666666666
2021-10-30 12:00:00;7.157
2021-10-30 13:00:00;7.389166666666667
2021-10-30 14:00:00;7.6465
2021-10-30 15:00:00;8.400666666666668
2021-10-30 16:00:00;7.587166666666667
2021-10-30 17:00:00;6.703166666666666
2021-10-30 18:00:00;9.962666666666667
2021-10-30 19:00:00;7.150333333333333
2021-10-30 20:00:00;5.944333333333334
2021-10-30 21:00:00;6.2055
2021-10-30 22:00:00;6.501
2021-10-30 23:00:00;5.707333333333334
2021-10-31 00:00:00;4.2955000000000005
2021-10-31 01:00:00;4.217333333333333
2021-10-31 02:00:00;4.488833333333333
2021-10-31 03:00:00;4.635666666666666
2021-10-31 04:00:00;4.716666666666667
2021-10-31 05:00:00;4.9505
2021-10-31 06:00:00;5.2655
2021-10-31 07:00:00;5.583833333333334
2021-10-31 08:00:00;5.953
2021-10-31 09:00:00;6.129499999999999
2021-10-31 10:00:00;6.214
2021-10-31 11:00:00;6.815
2021-10-31 12:00:00;6.837833333333333
2021-10-31 13:00:00;5.708666666666667
2021-10-31 14:00:00;5.8775
2021-10-31 15:00:00;5.872333333333333
2021-10-31 16:00:00;5.486833333333333
2021-10-31 17:00:00;5.165
2021-10-31 18:00:00;5.002166666666667
2021-10-31 19:00:00;5.221
2021-10-31 20:00:00;5.5681666666666665
2021-10-31 21:00:00;5.139333333333334
2021-10-31 22:00:00;5.452333333333333
2021-10-31 23:00:00;5.273666666666667
2021-11-01 00:00:00;5.2781666666666665
2021-11-01 01:00:00;5.345666666666667
2021-11-01 02:00:00;5.621166666666666
2021-11-01 03:00:00;5.730666666666666
2021-11-01 04:00:00;5.601166666666667
2021-11-01 05:00:00;5.400333333333333
2021-11-01 06:00:00;5.276333333333333
2021-11-01 07:00:00;5.1515
2021-11-01 08:00:00;5.191833333333333
2021-11-01 09:00:00;5.332166666666667
2021-11-01 10:00:00;6.150499999999999
2021-11-01 11:00:00;5.723333333333333
2021-11-01 12:00:00;5.450833333333334
2021-11-01 13:00:00;5.682
2021-11-01 14:00:00;5.461833333333333
2021-11-01 15:00:00;5.6345
2021-11-01 16:00:00;5.574666666666667
2021-11-01 17:00:00;5.656000000000001
2021-11-01 18:00:00;6.416333333333333
2021-11-01 19:00:00;9.193333333333332
2021-11-01 20:00:00;12.806166666666666
2021-11-01 21:00:00;13.997666666666667
2021-11-01 22:00:00;9.7025
2021-11-01 23:00:00;7.900499999999999
2021-11-02 00:00:00;6.274666666666667
2021-11-02 01:00:00;6.445166666666666
2021-11-02 02:00:00;6.459833333333333
2021-11-02 03:00:00;6.466333333333334
2021-11-02 04:00:00;6.218500000000001
2021-11-02 05:00:00;5.8175
2021-11-02 06:00:00;5.847666666666667
2021-11-02 07:00:00;5.609666666666667
2021-11-02 08:00:00;5.471166666666666
2021-11-02 09:00:00;5.253333333333333
2021-11-02 10:00:00;5.0305
2021-11-02 11:00:00;4.879666666666666
2021-11-02 12:00:00;4.7585
2021-11-02 13:00:00;4.921
2021-11-02 14:00:00;5.344333333333333
2021-11-02 15:00:00;4.632666666666666
2021-11-02 16:00:00;4.511
2021-11-02 17:00:00;4.629499999999999
2021-11-02 18:00:00;5.289166666666668
2021-11-02 19:00:00;5.3525
2021-11-02 20:00:00;5.3755
2021-11-02 21:00:00;6.003333333333333
2021-11-02 22:00:00;6.724166666666666
2021-11-02 23:00:00;8.387166666666667
2021-11-03 00:00:00;5.926666666666667
2021-11-03 01:00:00;5.170166666666666
2021-11-03 02:00:00;5.5905000000000005
2021-11-03 03:00:00;5.737166666666667
2021-11-03 04:00:00;5.924
2021-11-03 05:00:00;6.686166666666667
2021-11-03 06:00:00;8.218833333333333
2021-11-03 07:00:00;9.106666666666666
2021-11-03 08:00:00;7.295666666666666
2021-11-03 09:00:00;7.157666666666667
2021-11-03 10:00:00;7.251166666666666
2021-11-03 11:00:00;6.0615
2021-11-03 12:00:00;5.670166666666666
2021-11-03 13:00:00;5.647666666666667
2021-11-03 14:00:00;5.474
2021-11-03 15:00:00;5.296
2021-11-03 16:00:00;5.134166666666667
2021-11-03 17:00:00;5.2905
2021-11-03 18:00:00;5.561166666666667
2021-11-03 19:00:00;6.180666666666666
2021-11-03 20:00:00;7.323833333333334
2021-11-03 21:00:00;7.924166666666666
2021-11-03 22:00:00;6.767
2021-11-03 23:00:00;6.588666666666667
2021-11-04 00:00:00;6.276
2021-11-04 01:00:00;6.3148333333333335
2021-11-04 02:00:00;6.389333333333334
2021-11-04 03:00:00;6.420833333333333
2021-11-04 04:00:00;6.4635
2021-11-04 05:00:00;8.920666666666667
2021-11-04 06:00:00;8.688333333333333
2021-11-04 07:00:00;6.980166666666666
2021-11-04 08:00:00;8.935666666666666
2021-11-04 09:00:00;8.047
2021-11-04 10:00:00;8.715499999999999
2021-11-04 11:00:00;6.700833333333334
2021-11-04 12:00:00;6.072666666666667
2021-11-04 13:00:00;6.504666666666666
2021-11-04 14:00:00;6.510000000000001
2021-11-04 15:00:00;6.697166666666666
2021-11-04 16:00:00;7.593500000000001
2021-11-04 17:00:00;10.099666666666668
2021-11-04 18:00:00;7.470333333333333
2021-11-04 19:00:00;7.939833333333333
2021-11-04 20:00:00;9.778
2021-11-04 21:00:00;11.125333333333334
2021-11-04 22:00:00;12.733833333333331
2021-11-04 23:00:00;9.2925
2021-11-05 00:00:00;8.729333333333333
2021-11-05 01:00:00;8.324833333333334
2021-11-05 02:00:00;8.395333333333333
2021-11-05 03:00:00;8.287166666666668
2021-11-05 04:00:00;8.2335
2021-11-05 05:00:00;8.173333333333334
2021-11-05 06:00:00;8.798666666666666
2021-11-05 07:00:00;8.787166666666668
2021-11-05 08:00:00;9.010166666666668
2021-11-05 09:00:00;10.154166666666669
2021-11-05 10:00:00;9.740333333333332
2021-11-05 11:00:00;7.7125
2021-11-05 12:00:00;6.4695
2021-11-05 13:00:00;6.878
2021-11-05 14:00:00;7.557666666666666
2021-11-05 15:00:00;8.685
2021-11-05 16:00:00;8.650333333333332
2021-11-05 17:00:00;9.488499999999998
2021-11-05 18:00:00;11.0695
2021-11-05 19:00:00;11.405166666666666
2021-11-05 20:00:00;9.881333333333334
2021-11-05 21:00:00;11.358166666666667
2021-11-05 22:00:00;12.166833333333331
2021-11-05 23:00:00;12.567166666666669
2021-11-06 00:00:00;10.263833333333334
2021-11-06 01:00:00;9.498166666666666
2021-11-06 02:00:00;9.364
2021-11-06 03:00:00;13.618333333333334
2021-11-06 04:00:00;10.281833333333331
2021-11-06 05:00:00;10.535
2021-11-06 06:00:00;10.829666666666666
2021-11-06 07:00:00;10.715
2021-11-06 08:00:00;13.452666666666666
2021-11-06 09:00:00;11.6275
2021-11-06 10:00:00;11.639666666666669
2021-11-06 11:00:00;8.635166666666667
2021-11-06 12:00:00;8.953666666666667
2021-11-06 13:00:00;9.089833333333331
2021-11-06 14:00:00;9.233166666666667
2021-11-06 15:00:00;9.636166666666666
2021-11-06 16:00:00;8.302
2021-11-06 17:00:00;8.38
2021-11-06 18:00:00;8.900333333333332
2021-11-06 19:00:00;8.9015
2021-11-06 20:00:00;8.901166666666667
2021-11-06 21:00:00;8.845666666666666
2021-11-06 22:00:00;9.278166666666667
2021-11-06 23:00:00;10.113
2021-11-07 00:00:00;11.1985
2021-11-07 01:00:00;11.212
2021-11-07 02:00:00;11.070833333333333
2021-11-07 03:00:00;11.065166666666666
2021-11-07 04:00:00;11.9155
2021-11-07 05:00:00;12.322166666666668
2021-11-07 06:00:00;12.556666666666668
2021-11-07 07:00:00;13.184
2021-11-07 08:00:00;13.552333333333332
2021-11-07 09:00:00;14.7055
2021-11-07 10:00:00;14.703
2021-11-07 11:00:00;11.681833333333334
2021-11-07 12:00:00;11.642666666666663
2021-11-07 13:00:00;11.7165
2021-11-07 14:00:00;11.5915
2021-11-07 15:00:00;11.584833333333334
2021-11-07 16:00:00;11.292666666666666
2021-11-07 17:00:00;10.896333333333333
2021-11-07 18:00:00;10.762333333333334
2021-11-07 19:00:00;10.515333333333333
2021-11-07 20:00:00;9.997666666666667
2021-11-07 21:00:00;9.342833333333337
2021-11-07 22:00:00;9.207666666666666
2021-11-07 23:00:00;8.622666666666667
2021-11-08 00:00:00;7.936000000000001
2021-11-08 01:00:00;7.7445
2021-11-08 02:00:00;7.751666666666667
2021-11-08 03:00:00;8.9845
2021-11-08 04:00:00;10.267
2021-11-08 05:00:00;8.801166666666665
2021-11-08 06:00:00;8.853666666666667
2021-11-08 07:00:00;9.825
2021-11-08 08:00:00;12.675666666666666
2021-11-08 09:00:00;8.315714285714286
2021-11-08 10:00:00;7.307166666666666
2021-11-08 11:00:00;6.819833333333333
2021-11-08 12:00:00;6.496333333333333
2021-11-08 13:00:00;6.787999999999999
2021-11-08 14:00:00;6.592666666666667
2021-11-08 15:00:00;6.773
2021-11-08 16:00:00;6.459333333333333
2021-11-08 17:00:00;6.623666666666667
2021-11-08 18:00:00;7.083333333333333
2021-11-08 19:00:00;7.645666666666667
2021-11-08 20:00:00;9.239
2021-11-08 21:00:00;8.1675
2021-11-08 22:00:00;10.994
2021-11-08 23:00:00;11.644166666666669
2021-11-09 00:00:00;9.428166666666668
2021-11-09 01:00:00;8.944333333333333
2021-11-09 02:00:00;9.361
2021-11-09 03:00:00;9.391
2021-11-09 04:00:00;10.989666666666666
2021-11-09 05:00:00;14.001333333333331
2021-11-09 06:00:00;11.670166666666669
2021-11-09 07:00:00;11.338500000000002
2021-11-09 08:00:00;8.881333333333334
2021-11-09 09:00:00;8.526333333333334
2021-11-09 10:00:00;8.571499999999999
2021-11-09 11:00:00;8.767166666666666
2021-11-09 12:00:00;8.3695
2021-11-09 13:00:00;8.205833333333334
2021-11-09 14:00:00;8.835166666666668
2021-11-09 15:00:00;9.407833333333334
2021-11-09 16:00:00;8.980500000000001
2021-11-09 17:00:00;13.270666666666669
2021-11-09 18:00:00;10.5
2021-11-09 19:00:00;12.143166666666668
2021-11-09 20:00:00;11.475166666666668
2021-11-09 21:00:00;9.973333333333333
2021-11-09 22:00:00;9.416833333333331
2021-11-09 23:00:00;10.099333333333334
2021-11-10 00:00:00;12.9985
2021-11-10 01:00:00;10.2575
2021-11-10 02:00:00;9.396
2021-11-10 03:00:00;9.529333333333334
2021-11-10 04:00:00;9.256
2021-11-10 05:00:00;9.054166666666667
2021-11-10 06:00:00;10.9195
2021-11-10 07:00:00;9.935833333333331
2021-11-10 08:00:00;10.8035
2021-11-10 09:00:00;11.448833333333337
2021-11-10 10:00:00;12.080166666666663
2021-11-10 11:00:00;10.370833333333334
2021-11-10 12:00:00;9.796333333333331
2021-11-10 13:00:00;8.82448275862069
2021-11-18 09:00:00;11.38711111111111
2021-11-18 10:00:00;8.218666666666667
2021-11-18 11:00:00;8.034833333333333
2021-11-18 12:00:00;9.489
2021-11-18 13:00:00;8.827499999999999
2021-11-18 14:00:00;8.881666666666666
2021-11-18 15:00:00;6.75
2021-11-18 16:00:00;6.008833333333333
2021-11-18 17:00:00;6.5425
2021-11-18 18:00:00;6.631166666666667
2021-11-18 19:00:00;6.475499999999999
2021-11-18 20:00:00;6.156166666666667
2021-11-18 21:00:00;6.159666666666666
2021-11-18 22:00:00;6.422
2021-11-18 23:00:00;6.561333333333334
2021-11-19 00:00:00;6.644833333333334
2021-11-19 01:00:00;6.626
2021-11-19 02:00:00;6.741166666666667
2021-11-19 03:00:00;6.8595
2021-11-19 04:00:00;7.305000000000001
2021-11-19 05:00:00;7.8965
2021-11-19 06:00:00;7.770166666666666
2021-11-19 07:00:00;7.356
2021-11-19 08:00:00;7.129
2021-11-19 09:00:00;6.7108333333333325
2021-11-19 10:00:00;6.704833333333334
2021-11-19 11:00:00;7.526166666666667
2021-11-19 12:00:00;7.252
2021-11-19 13:00:00;7.195666666666667
2021-11-19 14:00:00;7.281333333333333
2021-11-19 15:00:00;7.7645
2021-11-19 16:00:00;7.8155
2021-11-19 17:00:00;7.746166666666666
2021-11-19 18:00:00;7.952333333333333
2021-11-19 19:00:00;8.474833333333333
2021-11-19 20:00:00;8.3935
2021-11-19 21:00:00;9.882166666666668
2021-11-19 22:00:00;16.523166666666665
2021-11-19 23:00:00;12.810833333333331
2021-11-20 00:00:00;10.599166666666669
2021-11-20 01:00:00;10.631666666666666
2021-11-20 02:00:00;11.861
2021-11-20 03:00:00;8.728833333333334
2021-11-20 04:00:00;7.587333333333333
2021-11-20 05:00:00;7.684833333333333
2021-11-20 06:00:00;7.773833333333333
2021-11-20 07:00:00;7.888666666666666
2021-11-20 08:00:00;8.336
2021-11-20 09:00:00;8.652166666666666
2021-11-20 10:00:00;8.3665
2021-11-20 11:00:00;8.264666666666667
2021-11-20 12:00:00;7.969666666666667
2021-11-20 13:00:00;7.580833333333333
2021-11-20 14:00:00;7.486666666666666
2021-11-20 15:00:00;7.3135
2021-11-20 16:00:00;7.3205
2021-11-20 17:00:00;7.149333333333333
2021-11-20 18:00:00;7.278666666666667
2021-11-20 19:00:00;7.916666666666667
2021-11-20 20:00:00;9.320833333333333
2021-11-20 21:00:00;10.315
2021-11-20 22:00:00;13.183666666666666
2021-11-20 23:00:00;10.4245
2021-11-21 00:00:00;9.534666666666668
2021-11-21 01:00:00;8.482833333333334
2021-11-21 02:00:00;7.6905
2021-11-21 03:00:00;7.772
2021-11-21 04:00:00;7.814999999999999
2021-11-21 05:00:00;8.067833333333333
2021-11-21 06:00:00;8.304333333333334
2021-11-21 07:00:00;8.092
2021-11-21 08:00:00;8.313166666666667
2021-11-21 09:00:00;8.4475
2021-11-21 10:00:00;8.282166666666667
2021-11-21 11:00:00;7.875666666666667
2021-11-21 12:00:00;7.572
2021-11-21 13:00:00;7.584333333333333
2021-11-21 14:00:00;7.627666666666667
2021-11-21 15:00:00;7.431666666666667
2021-11-21 16:00:00;7.451666666666667
2021-11-21 17:00:00;7.387166666666667
2021-11-21 18:00:00;7.299166666666666
2021-11-21 19:00:00;7.766666666666667
2021-11-21 20:00:00;8.353
2021-11-21 21:00:00;8.745333333333333
2021-11-21 22:00:00;10.030666666666669
2021-11-21 23:00:00;8.589333333333334
2021-11-22 00:00:00;7.590833333333333
2021-11-22 01:00:00;7.573833333333334
2021-11-22 02:00:00;10.708333333333334
2021-11-22 03:00:00;8.0375
2021-11-22 04:00:00;8.8835
2021-11-22 05:00:00;9.942
2021-11-22 06:00:00;9.110166666666666
2021-11-22 07:00:00;9.331
2021-11-22 08:00:00;9.7175
2021-11-22 09:00:00;9.9765
2021-11-22 10:00:00;9.174333333333331
2021-11-22 11:00:00;8.550999999999998
2021-11-22 12:00:00;8.224
2021-11-22 13:00:00;7.874166666666666
2021-11-22 14:00:00;7.885166666666667
2021-11-22 15:00:00;7.403833333333334
2021-11-22 16:00:00;7.376666666666667
2021-11-22 17:00:00;7.423333333333333
2021-11-22 18:00:00;7.7735
2021-11-22 19:00:00;9.317333333333332
2021-11-22 20:00:00;10.669166666666666
2021-11-22 21:00:00;12.592333333333332
2021-11-22 22:00:00;13.478833333333334
2021-11-22 23:00:00;13.638833333333334
2021-11-23 00:00:00;22.1645
2021-11-23 01:00:00;20.6275
2021-11-23 02:00:00;8.026333333333334
2021-11-23 03:00:00;7.445166666666666
2021-11-23 04:00:00;7.693666666666667
2021-11-23 05:00:00;8.690499999999998
2021-11-23 06:00:00;10.834666666666667
2021-11-23 07:00:00;12.474666666666668
2021-11-23 08:00:00;14.650833333333331
2021-11-23 09:00:00;12.617
2021-11-23 10:00:00;9.133666666666668
2021-11-23 11:00:00;8.159166666666668
2021-11-23 12:00:00;7.843166666666666
2021-11-23 13:00:00;7.764333333333334
2021-11-23 14:00:00;8.120166666666666
2021-11-23 15:00:00;8.007333333333333
2021-11-23 16:00:00;9.057
2021-11-23 17:00:00;10.469833333333332
2021-11-23 18:00:00;9.809500000000002
2021-11-23 19:00:00;13.057666666666668
2021-11-23 20:00:00;13.458833333333333
2021-11-23 21:00:00;10.878333333333334
2021-11-23 22:00:00;10.259166666666664
2021-11-23 23:00:00;12.0275
2021-11-24 00:00:00;12.194666666666668
2021-11-24 01:00:00;12.563
2021-11-24 02:00:00;12.588500000000002
2021-11-24 03:00:00;15.439333333333334
2021-11-24 04:00:00;18.730166666666666
2021-11-24 05:00:00;10.874166666666667
2021-11-24 06:00:00;9.8505
2021-11-24 07:00:00;11.635833333333332
2021-11-24 08:00:00;12.122333333333334
2021-11-24 09:00:00;10.733666666666666
2021-11-24 10:00:00;10.906166666666667
2021-11-24 11:00:00;10.230666666666668
2021-11-24 12:00:00;9.440833333333334
2021-11-24 13:00:00;9.893166666666668
2021-11-24 14:00:00;9.902333333333331
2021-11-24 15:00:00;9.367666666666668
2021-11-24 16:00:00;10.3595
2021-11-24 17:00:00;10.017666666666663
2021-11-24 18:00:00;9.773333333333332
2021-11-24 19:00:00;10.952
2021-11-24 20:00:00;13.4105
2021-11-24 21:00:00;21.200333333333333
2021-11-24 22:00:00;16.169333333333334
2021-11-24 23:00:00;14.642166666666666
2021-11-25 00:00:00;11.019333333333332
2021-11-25 01:00:00;10.392
2021-11-25 02:00:00;11.148333333333332
2021-11-25 03:00:00;11.267666666666663
2021-11-25 04:00:00;11.9355
2021-11-25 05:00:00;15.9015
2021-11-25 06:00:00;16.748666666666665
2021-11-25 07:00:00;15.797
2021-11-25 08:00:00;15.089166666666667
2021-11-25 09:00:00;15.627833333333331
2021-11-25 10:00:00;15.701666666666666
2021-11-25 11:00:00;15.2435
2021-11-25 12:00:00;13.077
2021-11-25 13:00:00;11.955333333333334
2021-11-25 14:00:00;17.76383333333333
2021-11-25 15:00:00;10.553666666666668
2021-11-25 16:00:00;10.116
2021-11-25 17:00:00;12.050333333333333
2021-11-25 18:00:00;9.472333333333331
2021-11-25 19:00:00;10.167
2021-11-25 20:00:00;9.976
2021-11-25 21:00:00;7.976166666666667
2021-11-25 22:00:00;7.134333333333333
2021-11-25 23:00:00;7.587666666666666
2021-11-26 00:00:00;6.9545
2021-11-26 01:00:00;7.183833333333334
2021-11-26 02:00:00;7.956833333333334
2021-11-26 03:00:00;8.341666666666667
2021-11-26 04:00:00;8.345666666666666
2021-11-26 05:00:00;10.0865
2021-11-26 06:00:00;10.905
2021-11-26 07:00:00;10.334333333333335
2021-11-26 08:00:00;8.573166666666667
2021-11-26 09:00:00;7.7825
2021-11-26 10:00:00;7.742999999999999
2021-11-26 11:00:00;7.6695
2021-11-26 12:00:00;10.062333333333331
2021-11-26 13:00:00;8.169833333333333
2021-11-26 14:00:00;13.379833333333332
2021-11-26 15:00:00;10.745833333333334
2021-11-26 16:00:00;9.426333333333334
2021-11-26 17:00:00;9.403
2021-11-26 18:00:00;8.994
2021-11-26 19:00:00;8.199833333333334
2021-11-26 20:00:00;8.333166666666667
2021-11-26 21:00:00;8.404166666666667
2021-11-26 22:00:00;8.538833333333335
2021-11-26 23:00:00;8.666
2021-11-27 00:00:00;8.762833333333333
2021-11-27 01:00:00;8.841000000000001
2021-11-27 02:00:00;9.191333333333334
2021-11-27 03:00:00;8.817499999999999
2021-11-27 04:00:00;8.214833333333333
2021-11-27 05:00:00;8.051833333333333
2021-11-27 06:00:00;12.756166666666669
2021-11-27 07:00:00;9.1695
2021-11-27 08:00:00;7.674333333333333
2021-11-27 09:00:00;7.351333333333333
2021-11-27 10:00:00;7.389333333333334
2021-11-27 11:00:00;7.369833333333333
2021-11-27 12:00:00;7.221
2021-11-27 13:00:00;7.370999999999999
2021-11-27 14:00:00;7.447166666666666
2021-11-27 15:00:00;7.488666666666666
2021-11-27 16:00:00;7.618166666666666
2021-11-27 17:00:00;7.652333333333333
2021-11-27 18:00:00;8.000833333333334
2021-11-27 19:00:00;8.389833333333334
2021-11-27 20:00:00;7.883666666666667
2021-11-27 21:00:00;8.133000000000001
2021-11-27 22:00:00;8.54
2021-11-27 23:00:00;10.8645
2021-11-28 00:00:00;8.932333333333334
2021-11-28 01:00:00;8.994833333333334
2021-11-28 02:00:00;15.871999999999998
2021-11-28 03:00:00;9.6575
2021-11-28 04:00:00;8.283833333333332
2021-11-28 05:00:00;8.536833333333334
2021-11-28 06:00:00;8.2705
2021-11-28 07:00:00;7.977500000000001
2021-11-28 08:00:00;7.821166666666667
2021-11-28 09:00:00;8.401833333333334
2021-11-28 10:00:00;8.335333333333333
2021-11-28 11:00:00;8.419
2021-11-28 12:00:00;8.711666666666668
2021-11-28 13:00:00;8.805666666666667
2021-11-28 14:00:00;8.621666666666666
2021-11-28 15:00:00;8.345666666666666
2021-11-28 16:00:00;8.483703703703704
2021-12-06 09:00:00;13.135813953488372
2021-12-06 10:00:00;12.258
2021-12-06 11:00:00;11.580166666666669
2021-12-06 12:00:00;11.339833333333331
2021-12-06 13:00:00;10.357833333333334
2021-12-06 14:00:00;13.2315
2021-12-06 15:00:00;12.8825
2021-12-06 16:00:00;10.681166666666666
2021-12-06 17:00:00;10.794166666666666
2021-12-06 18:00:00;10.099166666666669
2021-12-06 19:00:00;10.653166666666667
2021-12-06 20:00:00;11.2895
2021-12-06 21:00:00;12.197333333333336
2021-12-06 22:00:00;11.667166666666668
2021-12-06 23:00:00;10.670666666666667
2021-12-07 00:00:00;11.184666666666669
2021-12-07 01:00:00;12.180666666666667
2021-12-07 02:00:00;11.842666666666666
2021-12-07 03:00:00;10.292
2021-12-07 04:00:00;9.3135
2021-12-07 05:00:00;8.845833333333333
2021-12-07 06:00:00;8.7515
2021-12-07 07:00:00;9.282
2021-12-07 08:00:00;10.009166666666664
2021-12-07 09:00:00;10.260333333333334
2021-12-07 10:00:00;10.270833333333334
2021-12-07 11:00:00;9.633333333333333
2021-12-07 12:00:00;9.584
2021-12-07 13:00:00;9.3815
2021-12-07 14:00:00;9.1705
2021-12-07 15:00:00;8.974833333333333
2021-12-07 16:00:00;9.151333333333334
2021-12-07 17:00:00;8.812999999999999
2021-12-07 18:00:00;9.588666666666668
2021-12-07 19:00:00;9.975666666666664
2021-12-07 20:00:00;9.683833333333332
2021-12-07 21:00:00;9.518833333333331
2021-12-07 22:00:00;9.452833333333333
2021-12-07 23:00:00;9.503833333333334
2021-12-08 00:00:00;9.354833333333334
2021-12-08 01:00:00;8.936833333333334
2021-12-08 02:00:00;8.416666666666666
2021-12-08 03:00:00;8.342666666666666
2021-12-08 04:00:00;8.725166666666667
2021-12-08 05:00:00;8.8475
2021-12-08 06:00:00;8.957500000000001
2021-12-08 07:00:00;9.183166666666668
2021-12-08 08:00:00;9.543833333333334
2021-12-08 09:00:00;9.475833333333332
2021-12-08 10:00:00;9.4975
2021-12-08 11:00:00;9.107833333333334
2021-12-08 12:00:00;8.815
2021-12-08 13:00:00;8.486666666666666
2021-12-08 14:00:00;8.908333333333333
2021-12-08 15:00:00;8.323833333333333
2021-12-08 16:00:00;8.1275
2021-12-08 17:00:00;8.315833333333334
2021-12-08 18:00:00;8.887666666666666
2021-12-08 19:00:00;10.7895
2021-12-08 20:00:00;13.023666666666664
2021-12-08 21:00:00;13.899
2021-12-08 22:00:00;14.571833333333332
2021-12-08 23:00:00;18.301
2021-12-09 00:00:00;14.874166666666667
2021-12-09 01:00:00;12.396333333333333
2021-12-09 02:00:00;11.048833333333333
2021-12-09 03:00:00;10.1435
2021-12-09 04:00:00;10.679
2021-12-09 05:00:00;11.065666666666669
2021-12-09 06:00:00;11.271166666666666
2021-12-09 07:00:00;11.577166666666669
2021-12-09 08:00:00;13.059333333333331
2021-12-09 09:00:00;13.030333333333337
2021-12-09 10:00:00;11.858333333333333
2021-12-09 11:00:00;11.410333333333334
2021-12-09 12:00:00;10.756666666666666
2021-12-09 13:00:00;10.602333333333332
2021-12-09 14:00:00;10.626
2021-12-09 15:00:00;11.1715
2021-12-09 16:00:00;11.018833333333331
2021-12-09 17:00:00;10.579333333333333
2021-12-09 18:00:00;10.527166666666666
2021-12-09 19:00:00;10.353833333333334
2021-12-09 20:00:00;13.801
2021-12-09 21:00:00;15.0105
2021-12-09 22:00:00;13.504833333333332
2021-12-09 23:00:00;12.402166666666666
2021-12-10 00:00:00;11.525333333333332
2021-12-10 01:00:00;11.9475
2021-12-10 02:00:00;12.177666666666664
2021-12-10 03:00:00;10.787833333333332
2021-12-10 04:00:00;11.781166666666667
2021-12-10 05:00:00;15.160833333333333
2021-12-10 06:00:00;12.029666666666666
2021-12-10 07:00:00;12.1945
2021-12-10 08:00:00;13.135666666666667
2021-12-10 09:00:00;12.838
2021-12-10 10:00:00;12.222
2021-12-10 11:00:00;11.055833333333334
2021-12-10 12:00:00;10.310833333333331
2021-12-10 13:00:00;10.013666666666667
2021-12-10 14:00:00;10.0275
2021-12-10 15:00:00;9.836833333333336
2021-12-10 16:00:00;10.152333333333331
2021-12-10 17:00:00;9.884166666666664
2021-12-10 18:00:00;10.1805
2021-12-10 19:00:00;12.8245
2021-12-10 20:00:00;14.267
2021-12-10 21:00:00;13.6475
2021-12-10 22:00:00;14.6815
2021-12-10 23:00:00;14.2145
2021-12-11 00:00:00;18.047666666666665
2021-12-11 01:00:00;13.21
2021-12-11 02:00:00;12.213
2021-12-11 03:00:00;11.446166666666668
2021-12-11 04:00:00;11.016
2021-12-11 05:00:00;13.277666666666669
2021-12-11 06:00:00;13.197833333333334
2021-12-11 07:00:00;12.332333333333333
2021-12-11 08:00:00;12.537333333333333
2021-12-11 09:00:00;12.436166666666669
2021-12-11 10:00:00;11.927
2021-12-11 11:00:00;11.668166666666668
2021-12-11 12:00:00;10.543
2021-12-11 13:00:00;10.3115
2021-12-11 14:00:00;9.849166666666669
2021-12-11 15:00:00;9.531833333333331
2021-12-11 16:00:00;9.475
2021-12-11 17:00:00;9.691333333333334
2021-12-11 18:00:00;9.929833333333333
2021-12-11 19:00:00;11.730666666666668
2021-12-11 20:00:00;15.310833333333331
2021-12-11 21:00:00;17.046333333333333
2021-12-11 22:00:00;14.907833333333334
2021-12-11 23:00:00;14.02
2021-12-12 00:00:00;13.6315
2021-12-12 01:00:00;14.802666666666664
2021-12-12 02:00:00;15.199333333333334
2021-12-12 03:00:00;15.6645
2021-12-12 04:00:00;14.258166666666666
2021-12-12 05:00:00;14.2525
2021-12-12 06:00:00;14.204666666666666
2021-12-12 07:00:00;16.37183333333333
2021-12-12 08:00:00;14.025
2021-12-12 09:00:00;14.112333333333334
2021-12-12 10:00:00;14.564
2021-12-12 11:00:00;13.9805
2021-12-12 12:00:00;12.126333333333331
2021-12-12 13:00:00;11.341666666666669
2021-12-12 14:00:00;10.292333333333334
2021-12-12 15:00:00;10.348166666666666
2021-12-12 16:00:00;10.6925
2021-12-12 17:00:00;12.002666666666666
2021-12-12 18:00:00;12.932
2021-12-12 19:00:00;12.804666666666666
2021-12-12 20:00:00;13.680333333333332
2021-12-12 21:00:00;14.712333333333332
2021-12-12 22:00:00;17.004666666666665
2021-12-12 23:00:00;15.414333333333332
2021-12-13 00:00:00;14.363
2021-12-13 01:00:00;12.814166666666669
2021-12-13 02:00:00;12.504
2021-12-13 03:00:00;12.235166666666666
2021-12-13 04:00:00;11.576
2021-12-13 05:00:00;10.342
2021-12-13 06:00:00;11.570333333333334
2021-12-13 07:00:00;11.941333333333334
2021-12-13 08:00:00;11.692666666666666
2021-12-13 09:00:00;11.416166666666667
2021-12-13 10:00:00;10.281
2021-12-13 11:00:00;10.201333333333334
2021-12-13 12:00:00;10.065166666666666
2021-12-13 13:00:00;10.404333333333334
2021-12-13 14:00:00;10.315833333333334
2021-12-13 15:00:00;10.4435
2021-12-13 16:00:00;11.474
2021-12-13 17:00:00;10.293166666666668
2021-12-13 18:00:00;11.722333333333331
2021-12-13 19:00:00;13.853166666666668
2021-12-13 20:00:00;13.4795
2021-12-13 21:00:00;12.988
2021-12-13 22:00:00;11.598
2021-12-13 23:00:00;9.6585
2021-12-14 00:00:00;9.633
2021-12-14 01:00:00;9.159
2021-12-14 02:00:00;8.57
2021-12-14 03:00:00;8.519
2021-12-14 04:00:00;8.603166666666665
2021-12-14 05:00:00;8.938666666666668
2021-12-14 06:00:00;8.607333333333335
2021-12-14 07:00:00;8.815833333333334
2021-12-14 08:00:00;10.77
2021-12-14 09:00:00;9.831166666666666
2021-12-14 10:00:00;10.134666666666668
2021-12-14 11:00:00;10.4895
2021-12-14 12:00:00;10.210166666666668
2021-12-14 13:00:00;9.817666666666666
2021-12-14 14:00:00;9.815166666666666
2021-12-14 15:00:00;9.499166666666667
2021-12-14 16:00:00;9.239
2021-12-14 17:00:00;10.084
2021-12-14 18:00:00;9.3925
2021-12-14 19:00:00;9.920833333333333
2021-12-14 20:00:00;10.452
2021-12-14 21:00:00;10.056833333333334
2021-12-14 22:00:00;9.804
2021-12-14 23:00:00;9.758333333333333
2021-12-15 00:00:00;13.830666666666668
2021-12-15 01:00:00;11.213666666666668
2021-12-15 02:00:00;9.56
2021-12-15 03:00:00;10.088333333333331
2021-12-15 04:00:00;8.490166666666667
2021-12-15 05:00:00;8.2705
2021-12-15 06:00:00;8.249666666666666
2021-12-15 07:00:00;8.583
2021-12-15 08:00:00;7.84
2021-12-15 09:00:00;8.143333333333334
2021-12-15 10:00:00;9.536833333333334
2021-12-15 11:00:00;13.5715
2021-12-15 12:00:00;9.861833333333331
2021-12-15 13:00:00;12.062
2021-12-15 14:00:00;9.422333333333334
2021-12-15 15:00:00;8.781833333333333
2021-12-15 16:00:00;9.1625
2021-12-15 17:00:00;9.634166666666664
2021-12-15 18:00:00;10.678
2021-12-15 19:00:00;11.004666666666669
2021-12-15 20:00:00;11.365833333333336
2021-12-15 21:00:00;12.121
2021-12-15 22:00:00;12.031
2021-12-15 23:00:00;12.2295
2021-12-16 00:00:00;13.4455
2021-12-16 01:00:00;13.601166666666668
2021-12-16 02:00:00;12.157166666666663
2021-12-16 03:00:00;16.37933333333333
2021-12-16 04:00:00;17.105833333333333
2021-12-16 05:00:00;11.318166666666666
2021-12-16 06:00:00;11.746333333333332
2021-12-16 07:00:00;9.8405
2021-12-16 08:00:00;9.5515
2021-12-16 09:00:00;9.229333333333331
2021-12-16 10:00:00;10.469
2021-12-16 11:00:00;10.9285
2021-12-16 12:00:00;11.0385
2021-12-16 13:00:00;11.037333333333333
2021-12-16 14:00:00;19.193
2021-12-16 15:00:00;10.8595
2021-12-16 16:00:00;10.715833333333334
2021-12-16 17:00:00;11.277166666666666
2021-12-16 18:00:00;11.546833333333334
2021-12-16 19:00:00;11.787333333333333
2021-12-16 20:00:00;12.046
2021-12-16 21:00:00;12.7775
2021-12-16 22:00:00;12.935833333333331
2021-12-16 23:00:00;12.501833333333334
2021-12-17 00:00:00;12.7275
2021-12-17 01:00:00;12.909
2021-12-17 02:00:00;15.413
2021-12-17 03:00:00;14.814333333333334
2021-12-17 04:00:00;13.291
2021-12-17 05:00:00;13.512666666666666
2021-12-17 06:00:00;12.546
2021-12-17 07:00:00;11.1215
2021-12-17 08:00:00;9.753833333333334
2021-12-17 09:00:00;10.542833333333334
2021-12-17 10:00:00;10.039166666666668
2021-12-17 11:00:00;9.658666666666669
2021-12-17 12:00:00;9.798
2021-12-17 13:00:00;9.813
2021-12-17 14:00:00;10.492333333333333
2021-12-17 15:00:00;10.566333333333334
2021-12-17 16:00:00;11.333166666666669
2021-12-17 17:00:00;11.586333333333332
2021-12-17 18:00:00;11.2325
2021-12-17 19:00:00;10.894166666666669
2021-12-17 20:00:00;15.097833333333334
2021-12-17 21:00:00;12.648333333333332
2021-12-17 22:00:00;11.892333333333331
2021-12-17 23:00:00;11.262
2021-12-18 00:00:00;10.528833333333331
2021-12-18 01:00:00;9.399833333333332
2021-12-18 02:00:00;8.939
2021-12-18 03:00:00;8.778333333333334
2021-12-18 04:00:00;8.773166666666667
2021-12-18 05:00:00;10.96
2021-12-18 06:00:00;9.331333333333331
2021-12-18 07:00:00;9.218333333333334
2021-12-18 08:00:00;9.688166666666666
2021-12-18 09:00:00;10.058333333333334
2021-12-18 10:00:00;10.220666666666666
2021-12-18 11:00:00;10.451333333333334
2021-12-18 12:00:00;10.220166666666668
2021-12-18 13:00:00;10.205
2021-12-18 14:00:00;9.957333333333334
2021-12-18 15:00:00;10.257
2021-12-18 16:00:00;10.0385
2021-12-18 17:00:00;10.161
2021-12-18 18:00:00;10.626
2021-12-18 19:00:00;11.291833333333331
2021-12-18 20:00:00;12.450333333333331
2021-12-18 21:00:00;13.327666666666666
2021-12-18 22:00:00;11.814333333333334
2021-12-18 23:00:00;11.678833333333332
2021-12-19 00:00:00;12.041166666666667
2021-12-19 01:00:00;12.041166666666667
2021-12-19 02:00:00;12.363833333333334
2021-12-19 03:00:00;13.129333333333332
2021-12-19 04:00:00;12.645
2021-12-19 05:00:00;11.9045
2021-12-19 06:00:00;10.7035
2021-12-19 07:00:00;10.2862
2021-12-20 18:00:00;13.749322033898306
2021-12-20 19:00:00;12.652
2021-12-20 20:00:00;12.556166666666666
2021-12-20 21:00:00;13.131833333333333
2021-12-20 22:00:00;13.858333333333333
2021-12-20 23:00:00;13.537666666666668
2021-12-21 00:00:00;14.46
2021-12-21 01:00:00;13.6645
2021-12-21 02:00:00;13.6735
2021-12-21 03:00:00;17.354833333333332
2021-12-21 04:00:00;15.094333333333331
2021-12-21 05:00:00;15.2205
2021-12-21 06:00:00;13.408333333333331
2021-12-21 07:00:00;13.727
2021-12-21 08:00:00;12.9705
2021-12-21 09:00:00;13.016
2021-12-21 10:00:00;11.921
2021-12-21 11:00:00;11.822166666666668
2021-12-21 12:00:00;11.981166666666669
2021-12-21 13:00:00;11.792666666666666
2021-12-21 14:00:00;11.924333333333331
2021-12-21 15:00:00;12.688166666666666
2021-12-21 16:00:00;11.5285
2021-12-21 17:00:00;12.186333333333332
2021-12-21 18:00:00;11.536166666666666
2021-12-21 19:00:00;15.0715
2021-12-21 20:00:00;13.027
2021-12-21 21:00:00;12.527333333333331
2021-12-21 22:00:00;12.222333333333331
2021-12-21 23:00:00;12.6585
2021-12-22 00:00:00;12.935666666666666
2021-12-22 01:00:00;12.8055
2021-12-22 02:00:00;12.829333333333333
2021-12-22 03:00:00;12.320166666666667
2021-12-22 04:00:00;12.493
2021-12-22 05:00:00;13.536499999999998
2021-12-22 06:00:00;14.332333333333334
2021-12-22 07:00:00;14.916833333333331
2021-12-22 08:00:00;16.963833333333334
2021-12-22 09:00:00;15.226166666666668
2021-12-22 10:00:00;12.611833333333331
2021-12-22 11:00:00;12.450333333333331
2021-12-22 12:00:00;12.349333333333334
2021-12-22 13:00:00;12.062666666666669
2021-12-22 14:00:00;11.903166666666667
2021-12-22 15:00:00;11.834166666666668
2021-12-22 16:00:00;12.361666666666668
2021-12-22 17:00:00;12.905
2021-12-22 18:00:00;12.270333333333332
2021-12-22 19:00:00;12.825833333333332
2021-12-22 20:00:00;12.776666666666667
2021-12-22 21:00:00;12.004
2021-12-22 22:00:00;12.368
2021-12-22 23:00:00;12.616666666666667
2021-12-23 00:00:00;12.579166666666667
2021-12-23 01:00:00;12.7435
2021-12-23 02:00:00;12.817666666666666
2021-12-23 03:00:00;12.819833333333332
2021-12-23 04:00:00;13.117333333333333
2021-12-23 05:00:00;12.837833333333332
2021-12-23 06:00:00;13.501333333333331
2021-12-23 07:00:00;17.1115
2021-12-23 08:00:00;15.96
2021-12-23 09:00:00;13.879333333333332
2021-12-23 10:00:00;13.294
2021-12-23 11:00:00;13.581666666666669
2021-12-23 12:00:00;13.394
2021-12-23 13:00:00;12.843
2021-12-23 14:00:00;13.068666666666669
2021-12-23 15:00:00;12.497333333333334
2021-12-23 16:00:00;12.039166666666668
2021-12-23 17:00:00;11.335
2021-12-23 18:00:00;11.081166666666666
2021-12-23 19:00:00;13.098166666666666
2021-12-23 20:00:00;12.964
2021-12-23 21:00:00;12.222
2021-12-23 22:00:00;11.710166666666668
2021-12-23 23:00:00;12.906166666666667
2021-12-24 00:00:00;13.93
2021-12-24 01:00:00;13.488833333333334
2021-12-24 02:00:00;14.390666666666668
2021-12-24 03:00:00;14.427833333333332
2021-12-24 04:00:00;14.280333333333337
2021-12-24 05:00:00;13.894
2021-12-24 06:00:00;13.872333333333334
2021-12-24 07:00:00;13.618166666666667
2021-12-24 08:00:00;13.6815
2021-12-24 09:00:00;13.6105
2021-12-24 10:00:00;13.6155
2021-12-24 11:00:00;13.162166666666668
2021-12-24 12:00:00;12.584666666666667
2021-12-24 13:00:00;12.288666666666668
2021-12-24 14:00:00;12.251333333333331
2021-12-24 15:00:00;12.3325
2021-12-24 16:00:00;12.217666666666666
2021-12-24 17:00:00;12.060666666666666
2021-12-24 18:00:00;12.291166666666667
2021-12-24 19:00:00;13.642333333333331
2021-12-24 20:00:00;17.113666666666667
2021-12-24 21:00:00;25.38883333333333
2021-12-24 22:00:00;13.678166666666668
2021-12-24 23:00:00;13.960333333333333
2021-12-25 00:00:00;14.243333333333334
2021-12-25 01:00:00;13.361666666666668
2021-12-25 02:00:00;13.249833333333331
2021-12-25 03:00:00;12.933333333333334
2021-12-25 04:00:00;12.734333333333332
2021-12-25 05:00:00;12.856333333333334
2021-12-25 06:00:00;12.351833333333332
2021-12-25 07:00:00;12.035166666666669
2021-12-25 08:00:00;11.716333333333331
2021-12-25 09:00:00;11.966666666666669
2021-12-25 10:00:00;12.403166666666666
2021-12-25 11:00:00;12.521833333333335
2021-12-25 12:00:00;12.3575
2021-12-25 13:00:00;12.0025
2021-12-25 14:00:00;11.826666666666666
2021-12-25 15:00:00;11.788166666666664
2021-12-25 16:00:00;11.716166666666668
2021-12-25 17:00:00;11.665666666666668
2021-12-25 18:00:00;11.783
2021-12-25 19:00:00;12.205833333333334
2021-12-25 20:00:00;12.671
2021-12-25 21:00:00;12.4035
2021-12-25 22:00:00;12.261
2021-12-25 23:00:00;11.988833333333334
2021-12-26 00:00:00;11.747333333333334
2021-12-26 01:00:00;11.659
2021-12-26 02:00:00;11.657
2021-12-26 03:00:00;12.182166666666664
2021-12-26 04:00:00;14.4135
2021-12-26 05:00:00;13.898833333333332
2021-12-26 06:00:00;14.911833333333334
2021-12-26 07:00:00;14.563833333333331
2021-12-26 08:00:00;14.661833333333334
2021-12-26 09:00:00;14.129666666666669
2021-12-26 10:00:00;13.042
2021-12-26 11:00:00;12.901166666666663
2021-12-26 12:00:00;12.9995
2021-12-26 13:00:00;12.602
2021-12-26 14:00:00;13.221
2021-12-26 15:00:00;12.531666666666666
2021-12-26 16:00:00;13.422
2021-12-26 17:00:00;13.611166666666666
2021-12-26 18:00:00;14.080666666666668
2021-12-26 19:00:00;14.521666666666668
2021-12-26 20:00:00;14.5215
2021-12-26 21:00:00;14.288333333333332
2021-12-26 22:00:00;13.701166666666667
2021-12-26 23:00:00;14.114666666666666
2021-12-27 00:00:00;14.569666666666668
2021-12-27 01:00:00;13.603666666666667
2021-12-27 02:00:00;14.142833333333332
2021-12-27 03:00:00;14.816833333333332
2021-12-27 04:00:00;15.972333333333331
2021-12-27 05:00:00;15.373166666666666
2021-12-27 06:00:00;14.621
2021-12-27 07:00:00;15.366333333333332
2021-12-27 08:00:00;16.368333333333332
2021-12-27 09:00:00;18.316333333333333
2021-12-27 10:00:00;16.675166666666666
2021-12-27 11:00:00;15.913666666666668
2021-12-27 12:00:00;15.415333333333333
2021-12-27 13:00:00;15.234666666666667
2021-12-27 14:00:00;14.263833333333334
2021-12-27 15:00:00;13.050833333333332
2021-12-27 16:00:00;12.301166666666663
2021-12-27 17:00:00;11.838666666666668
2021-12-27 18:00:00;12.1725
2021-12-27 19:00:00;13.209833333333334
2021-12-27 20:00:00;13.345333333333334
2021-12-27 21:00:00;13.768
2021-12-27 22:00:00;14.478
2021-12-27 23:00:00;17.838166666666666
2021-12-28 00:00:00;16.856333333333332
2021-12-28 01:00:00;14.485
2021-12-28 02:00:00;14.999333333333334
2021-12-28 03:00:00;15.2905
2021-12-28 04:00:00;17.673000000000002
2021-12-28 05:00:00;33.25233333333333
2021-12-28 06:00:00;37.39116666666666
2021-12-28 07:00:00;25.0775
2021-12-28 08:00:00;19.17366666666667
2021-12-28 09:00:00;18.709
2021-12-28 10:00:00;18.298166666666667
2021-12-28 11:00:00;19.77533333333333
2021-12-28 12:00:00;20.598000000000003
2021-12-28 13:00:00;19.956166666666668
2021-12-28 14:00:00;20.742166666666662
2021-12-28 15:00:00;20.628833333333333
2021-12-28 16:00:00;21.2645
2021-12-28 17:00:00;21.154
2021-12-28 18:00:00;20.603
2021-12-28 19:00:00;23.329166666666666
2021-12-28 20:00:00;21.493166666666664
2021-12-28 21:00:00;19.90266666666667
2021-12-28 22:00:00;22.499666666666663
2021-12-28 23:00:00;22.499333333333333
2021-12-29 00:00:00;26.08716666666667
2021-12-29 01:00:00;26.277833333333334
2021-12-29 02:00:00;18.83216666666667
2021-12-29 03:00:00;17.059
2021-12-29 04:00:00;15.6235
2021-12-29 05:00:00;14.782666666666668
2021-12-29 06:00:00;13.478166666666668
2021-12-29 07:00:00;13.094833333333332
2021-12-29 08:00:00;12.7425
2021-12-29 09:00:00;12.7475
2021-12-29 10:00:00;12.897166666666667
2021-12-29 11:00:00;13.290833333333332
2021-12-29 12:00:00;13.748833333333332
2021-12-29 13:00:00;14.2155
2021-12-29 14:00:00;14.936
2021-12-29 15:00:00;15.650833333333331
2021-12-29 16:00:00;16.961666666666666
2021-12-29 17:00:00;17.368333333333332
2021-12-29 18:00:00;16.362833333333334
2021-12-29 19:00:00;19.583
2021-12-29 20:00:00;18.40033333333333
2021-12-29 21:00:00;12.621166666666666
2021-12-29 22:00:00;10.561166666666669
2021-12-29 23:00:00;10.209666666666667
2021-12-30 00:00:00;10.105666666666668
2021-12-30 01:00:00;10.965333333333332
2021-12-30 02:00:00;11.2605
2021-12-30 03:00:00;11.343833333333333
2021-12-30 04:00:00;11.509166666666664
2021-12-30 05:00:00;11.109166666666663
2021-12-30 06:00:00;11.14
2021-12-30 07:00:00;10.490166666666664
2021-12-30 08:00:00;10.0505
2021-12-30 09:00:00;10.141333333333334
2021-12-30 10:00:00;10.688333333333333
2021-12-30 11:00:00;10.752166666666666
2021-12-30 12:00:00;10.865833333333336
2021-12-30 13:00:00;11.560833333333331
2021-12-30 14:00:00;12.1155
2021-12-30 15:00:00;12.5275
2021-12-30 16:00:00;12.621333333333332
2021-12-30 17:00:00;14.40948717948718
2022-01-17 14:00:00;12.047428571428572
2022-01-17 15:00:00;12.353
2022-01-17 16:00:00;12.251071428571429
